Sections:
00: "org0001:0" (0-5)
01: "org0002:dc00" (DC00-F52B)


Source: "/home/dimanchique/Projects/resim/applications/I8080/CP-M/src/cpm22_bios.asm"
                        	     1: 
                        	     2: ;**************************************************************
                        	     3: ;*
                        	     4: ;*             C P / M   version   2 . 2
                        	     5: ;*
                        	     6: ;*   Reconstructed from memory image on February 27, 1981
                        	     7: ;*
                        	     8: ;*                by Clark A. Calkins
                        	     9: ;*
                        	    10: ;**************************************************************
                        	    11: ;
                        	    12: ;   Set memory limit here. This is the amount of contigeous
                        	    13: ; ram starting from 0000. CP/M will reside at the end of this space.
                        	    14: ;
                        	    15: MEM	EQU	62	;for a 62k system (TS802 TEST - WORKS OK).
                        	    16: ;
                        	    17: IOBYTE	EQU	3	;i/o definition byte.
                        	    18: TDRIVE	EQU	4	;current drive name and user number.
                        	    19: ENTRY	EQU	5	;entry point for the cp/m bdos.
                        	    20: TFCB	EQU	5CH	;default file control block.
                        	    21: TBUFF	EQU	80H	;i/o buffer and command line storage.
                        	    22: TBASE	EQU	100H	;transiant program storage area.
                        	    23: ;
                        	    24: ;   Set control character equates.
                        	    25: ;
                        	    26: CNTRLC	EQU	3	;control-c
                        	    27: CNTRLE	EQU	05H	;control-e
                        	    28: BS	EQU	08H	;backspace
                        	    29: TAB	EQU	09H	;tab
                        	    30: LF	EQU	0AH	;line feed
                        	    31: FF	EQU	0CH	;form feed
                        	    32: CR	EQU	0DH	;carriage return
                        	    33: CNTRLP	EQU	10H	;control-p
                        	    34: CNTRLR	EQU	12H	;control-r
                        	    35: CNTRLS	EQU	13H	;control-s
                        	    36: CNTRLU	EQU	15H	;control-u
                        	    37: CNTRLX	EQU	18H	;control-x
                        	    38: CNTRLZ	EQU	1AH	;control-z (end-of-file mark)
                        	    39: DEL	EQU	7FH	;rubout
                        	    40: ;
                        	    41: ;   Set origin for CP/M
                        	    42: ;
                        	    43: ; Boot vector at address 0 - jump to BIOS cold boot
                        	    44: 	ORG	0
00:0000 C300F2          	    45: 	JMP	((MEM-7)*1024) + 1600h	;jump to BIOS entry 0 (BOOT)
00:0003 00              	    46: 	DB	0			;IOBYTE at address 3
00:0004 00              	    47: 	DB	0			;CDISK at address 4
                        	    48: ;	Address 5-7 reserved for JMP BDOS (set by GOCPM at runtime)
                        	    49: ;
                        	    50: ; System code starts at CBASE
                        	    51: 	ORG	(MEM-7)*1024
                        	    52: ;
01:DC00 C35CDF          	    53: CBASE	JMP	COMMAND	;execute command processor (ccp).
01:DC03 C358DF          	    54: 	JMP	CLEARBUF	;entry to empty input buffer before starting ccp.
                        	    55: 
                        	    56: ;
                        	    57: ;   Standard cp/m ccp input buffer. Format is (max length),
                        	    58: ; (actual length), (char #1), (char #2), (char #3), etc.
                        	    59: ;
01:DC06 7F              	    60: INBUFF	DB	127	;length of input buffer.
01:DC07 00              	    61: 	DB	0	;current length of contents.
01:DC08 436F707972696768	    62: 	DB	'Copyright'
01:DC10 74
01:DC11 2031393739202863	    63: 	DB	' 1979 (c) by Digital Research      '
01:DC19 2920627920446967
01:DC21 6974616C20526573
01:DC29 6561726368202020
01:DC31 202020
01:DC34 00              	    64: 	DB	0,0,0,0,0,0,0,0,0,0,0,0,0,0,0,0,0,0,0,0,0,0,0
01:DC35 00
01:DC36 00
01:DC37 00
01:DC38 00
01:DC39 00
01:DC3A 00
01:DC3B 00
01:DC3C 00
01:DC3D 00
01:DC3E 00
01:DC3F 00
01:DC40 00
01:DC41 00
01:DC42 00
01:DC43 00
01:DC44 00
01:DC45 00
01:DC46 00
01:DC47 00
01:DC48 00
01:DC49 00
01:DC4A 00
01:DC4B 00              	    65: 	DB	0,0,0,0,0,0,0,0,0,0,0,0,0,0,0,0,0,0,0,0,0,0,0
01:DC4C 00
01:DC4D 00
01:DC4E 00
01:DC4F 00
01:DC50 00
01:DC51 00
01:DC52 00
01:DC53 00
01:DC54 00
01:DC55 00
01:DC56 00
01:DC57 00
01:DC58 00
01:DC59 00
01:DC5A 00
01:DC5B 00
01:DC5C 00
01:DC5D 00
01:DC5E 00
01:DC5F 00
01:DC60 00
01:DC61 00
01:DC62 00              	    66: 	DB	0,0,0,0,0,0,0,0,0,0,0,0,0,0,0,0,0,0,0,0,0,0,0
01:DC63 00
01:DC64 00
01:DC65 00
01:DC66 00
01:DC67 00
01:DC68 00
01:DC69 00
01:DC6A 00
01:DC6B 00
01:DC6C 00
01:DC6D 00
01:DC6E 00
01:DC6F 00
01:DC70 00
01:DC71 00
01:DC72 00
01:DC73 00
01:DC74 00
01:DC75 00
01:DC76 00
01:DC77 00
01:DC78 00
01:DC79 00              	    67: 	DB	0,0,0,0,0,0,0,0,0,0,0,0,0,0,0
01:DC7A 00
01:DC7B 00
01:DC7C 00
01:DC7D 00
01:DC7E 00
01:DC7F 00
01:DC80 00
01:DC81 00
01:DC82 00
01:DC83 00
01:DC84 00
01:DC85 00
01:DC86 00
01:DC87 00
01:DC88 08DC            	    68: INPOINT	DW	INBUFF+2;input line pointer
01:DC8A 0000            	    69: NAMEPNT	DW	0	;input line pointer used for error message. Points to
                        	    70: ;			;start of name in error.
                        	    71: ;
                        	    72: ;   Routine to print (A) on the console. All registers used.
                        	    73: ;
01:DC8C 5F              	    74: PRINT	MOV	E,A	;setup bdos call.
01:DC8D 0E02            	    75: 	MVI	C,2
01:DC8F C30500          	    76: 	JMP	ENTRY
                        	    77: ;
                        	    78: ;   Routine to print (A) on the console and to save (BC).
                        	    79: ;
01:DC92 C5              	    80: PRINTB	PUSH	B
01:DC93 CD8CDC          	    81: 	CALL	PRINT
01:DC96 C1              	    82: 	POP	B
01:DC97 C9              	    83: 	RET
                        	    84: ;
                        	    85: ;   Routine to send a carriage return, line feed combination
                        	    86: ; to the console.
                        	    87: ;
01:DC98 3E0D            	    88: CRLF	MVI	A,CR
01:DC9A CD92DC          	    89: 	CALL	PRINTB
01:DC9D 3E0A            	    90: 	MVI	A,LF
01:DC9F C392DC          	    91: 	JMP	PRINTB
                        	    92: ;
                        	    93: ;   Routine to send one space to the console and save (BC).
                        	    94: ;
01:DCA2 3E20            	    95: SPACE	MVI	A,' '
01:DCA4 C392DC          	    96: 	JMP	PRINTB
                        	    97: ;
                        	    98: ;   Routine to print character string pointed to be (BC) on the
                        	    99: ; console. It must terminate with a null byte.
                        	   100: ;
01:DCA7 C5              	   101: PLINE	PUSH	B
01:DCA8 CD98DC          	   102: 	CALL	CRLF
01:DCAB E1              	   103: 	POP	H
01:DCAC 7E              	   104: PLINE2	MOV	A,M
01:DCAD B7              	   105: 	ORA	A
01:DCAE C8              	   106: 	RZ
01:DCAF 23              	   107: 	INX	H
01:DCB0 E5              	   108: 	PUSH	H
01:DCB1 CD8CDC          	   109: 	CALL	PRINT
01:DCB4 E1              	   110: 	POP	H
01:DCB5 C3ACDC          	   111: 	JMP	PLINE2
                        	   112: ;
                        	   113: ;   Routine to reset the disk system.
                        	   114: ;
01:DCB8 0E0D            	   115: RESDSK	MVI	C,13
01:DCBA C30500          	   116: 	JMP	ENTRY
                        	   117: ;
                        	   118: ;   Routine to select disk (A).
                        	   119: ;
01:DCBD 5F              	   120: DSKSEL	MOV	E,A
01:DCBE 0E0E            	   121: 	MVI	C,14
01:DCC0 C30500          	   122: 	JMP	ENTRY
                        	   123: ;
                        	   124: ;   Routine to call bdos and save the return code. The zero
                        	   125: ; flag is set on a return of 0ffh.
                        	   126: ;
01:DCC3 CD0500          	   127: ENTRY1	CALL	ENTRY
01:DCC6 32EEE3          	   128: 	STA	RTNCODE	;save return code.
01:DCC9 3C              	   129: 	INR	A	;set zero if 0ffh returned.
01:DCCA C9              	   130: 	RET
                        	   131: ;
                        	   132: ;   Routine to open a file. (DE) must point to the FCB.
                        	   133: ;
01:DCCB 0E0F            	   134: OPEN	MVI	C,15
01:DCCD C3C3DC          	   135: 	JMP	ENTRY1
                        	   136: ;
                        	   137: ;   Routine to open file at (FCB).
                        	   138: ;
01:DCD0 AF              	   139: OPENFCB	XRA	A	;clear the record number byte at fcb+32
01:DCD1 32EDE3          	   140: 	STA	FCB+32
01:DCD4 11CDE3          	   141: 	LXI	D,FCB
01:DCD7 C3CBDC          	   142: 	JMP	OPEN
                        	   143: ;
                        	   144: ;   Routine to close a file. (DE) points to FCB.
                        	   145: ;
01:DCDA 0E10            	   146: CLOSE	MVI	C,16
01:DCDC C3C3DC          	   147: 	JMP	ENTRY1
                        	   148: ;
                        	   149: ;   Routine to search for the first file with ambigueous name
                        	   150: ; (DE).
                        	   151: ;
01:DCDF 0E11            	   152: SRCHFST	MVI	C,17
01:DCE1 C3C3DC          	   153: 	JMP	ENTRY1
                        	   154: ;
                        	   155: ;   Search for the next ambigeous file name.
                        	   156: ;
01:DCE4 0E12            	   157: SRCHNXT	MVI	C,18
01:DCE6 C3C3DC          	   158: 	JMP	ENTRY1
                        	   159: ;
                        	   160: ;   Search for file at (FCB).
                        	   161: ;
01:DCE9 11CDE3          	   162: SRCHFCB	LXI	D,FCB
01:DCEC C3DFDC          	   163: 	JMP	SRCHFST
                        	   164: ;
                        	   165: ;   Routine to delete a file pointed to by (DE).
                        	   166: ;
01:DCEF 0E13            	   167: DELETE	MVI	C,19
01:DCF1 C30500          	   168: 	JMP	ENTRY
                        	   169: ;
                        	   170: ;   Routine to call the bdos and set the zero flag if a zero
                        	   171: ; status is returned.
                        	   172: ;
01:DCF4 CD0500          	   173: ENTRY2	CALL	ENTRY
01:DCF7 B7              	   174: 	ORA	A	;set zero flag if appropriate.
01:DCF8 C9              	   175: 	RET
                        	   176: ;
                        	   177: ;   Routine to read the next record from a sequential file.
                        	   178: ; (DE) points to the FCB.
                        	   179: ;
01:DCF9 0E14            	   180: RDREC	MVI	C,20
01:DCFB C3F4DC          	   181: 	JMP	ENTRY2
                        	   182: ;
                        	   183: ;   Routine to read file at (FCB).
                        	   184: ;
01:DCFE 11CDE3          	   185: READFCB	LXI	D,FCB
01:DD01 C3F9DC          	   186: 	JMP	RDREC
                        	   187: ;
                        	   188: ;   Routine to write the next record of a sequential file.
                        	   189: ; (DE) points to the FCB.
                        	   190: ;
01:DD04 0E15            	   191: WRTREC	MVI	C,21
01:DD06 C3F4DC          	   192: 	JMP	ENTRY2
                        	   193: ;
                        	   194: ;   Routine to create the file pointed to by (DE).
                        	   195: ;
01:DD09 0E16            	   196: CREATE	MVI	C,22
01:DD0B C3C3DC          	   197: 	JMP	ENTRY1
                        	   198: ;
                        	   199: ;   Routine to rename the file pointed to by (DE). Note that
                        	   200: ; the new name starts at (DE+16).
                        	   201: ;
01:DD0E 0E17            	   202: RENAM	MVI	C,23
01:DD10 C30500          	   203: 	JMP	ENTRY
                        	   204: ;
                        	   205: ;   Get the current user code.
                        	   206: ;
01:DD13 1EFF            	   207: GETUSR	MVI	E,0FFH
                        	   208: ;
                        	   209: ;   Routne to get or set the current user code.
                        	   210: ; If (E) is FF then this is a GET, else it is a SET.
                        	   211: ;
01:DD15 0E20            	   212: GETSETUC:MVI	C,32
01:DD17 C30500          	   213: 	JMP	ENTRY
                        	   214: ;
                        	   215: ;   Routine to set the current drive byte at (TDRIVE).
                        	   216: ;
01:DD1A CD13DD          	   217: SETCDRV	CALL	GETUSR	;get user number
01:DD1D 87              	   218: 	ADD	A	;and shift into the upper 4 bits.
01:DD1E 87              	   219: 	ADD	A
01:DD1F 87              	   220: 	ADD	A
01:DD20 87              	   221: 	ADD	A
01:DD21 21EFE3          	   222: 	LXI	H,CDRIVE;now add in the current drive number.
01:DD24 B6              	   223: 	ORA	M
01:DD25 320400          	   224: 	STA	TDRIVE	;and save.
01:DD28 C9              	   225: 	RET
                        	   226: ;
                        	   227: ;   Move currently active drive down to (TDRIVE).
                        	   228: ;
01:DD29 3AEFE3          	   229: MOVECD	LDA	CDRIVE
01:DD2C 320400          	   230: 	STA	TDRIVE
01:DD2F C9              	   231: 	RET
                        	   232: ;
                        	   233: ;   Routine to convert (A) into upper case ascii. Only letters
                        	   234: ; are affected.
                        	   235: ;
01:DD30 FE61            	   236: UPPER	CPI	'a'	;check for letters in the range of 'a' to 'z'.
01:DD32 D8              	   237: 	RC
01:DD33 FE7B            	   238: 	CPI	'{'
01:DD35 D0              	   239: 	RNC
01:DD36 E65F            	   240: 	ANI	5FH	;convert it if found.
01:DD38 C9              	   241: 	RET
                        	   242: ;
                        	   243: ;   Routine to get a line of input. We must check to see if the
                        	   244: ; user is in (BATCH) mode. If so, then read the input from file
                        	   245: ; ($$$.SUB). At the end, reset to console input.
                        	   246: ;
01:DD39 3AABE3          	   247: GETINP	LDA	BATCH	;if =0, then use console input.
01:DD3C B7              	   248: 	ORA	A
01:DD3D CA96DD          	   249: 	JZ	GETINP1
                        	   250: ;
                        	   251: ;   Use the submit file ($$$.sub) which is prepared by a
                        	   252: ; SUBMIT run. It must be on drive (A) and it will be deleted
                        	   253: ; if and error occures (like eof).
                        	   254: ;
01:DD40 3AEFE3          	   255: 	LDA	CDRIVE	;select drive 0 if need be.
01:DD43 B7              	   256: 	ORA	A
01:DD44 3E00            	   257: 	MVI	A,0	;always use drive A for submit.
01:DD46 C4BDDC          	   258: 	CNZ	DSKSEL	;select it if required.
01:DD49 11ACE3          	   259: 	LXI	D,BATCHFCB
01:DD4C CDCBDC          	   260: 	CALL	OPEN	;look for it.
01:DD4F CA96DD          	   261: 	JZ	GETINP1	;if not there, use normal input.
01:DD52 3ABBE3          	   262: 	LDA	BATCHFCB+15;get last record number+1.
01:DD55 3D              	   263: 	DCR	A
01:DD56 32CCE3          	   264: 	STA	BATCHFCB+32
01:DD59 11ACE3          	   265: 	LXI	D,BATCHFCB
01:DD5C CDF9DC          	   266: 	CALL	RDREC	;read last record.
01:DD5F C296DD          	   267: 	JNZ	GETINP1	;quit on end of file.
                        	   268: ;
                        	   269: ;   Move this record into input buffer.
                        	   270: ;
01:DD62 1107DC          	   271: 	LXI	D,INBUFF+1
01:DD65 218000          	   272: 	LXI	H,TBUFF	;data was read into buffer here.
01:DD68 0680            	   273: 	MVI	B,128	;all 128 characters may be used.
01:DD6A CD42E0          	   274: 	CALL	HL2DE	;(HL) to (DE), (B) bytes.
01:DD6D 21BAE3          	   275: 	LXI	H,BATCHFCB+14
01:DD70 3600            	   276: 	MVI	M,0	;zero out the 's2' byte.
01:DD72 23              	   277: 	INX	H	;and decrement the record count.
01:DD73 35              	   278: 	DCR	M
01:DD74 11ACE3          	   279: 	LXI	D,BATCHFCB;close the batch file now.
01:DD77 CDDADC          	   280: 	CALL	CLOSE
01:DD7A CA96DD          	   281: 	JZ	GETINP1	;quit on an error.
01:DD7D 3AEFE3          	   282: 	LDA	CDRIVE	;re-select previous drive if need be.
01:DD80 B7              	   283: 	ORA	A
01:DD81 C4BDDC          	   284: 	CNZ	DSKSEL	;don't do needless selects.
                        	   285: ;
                        	   286: ;   Print line just read on console.
                        	   287: ;
01:DD84 2108DC          	   288: 	LXI	H,INBUFF+2
01:DD87 CDACDC          	   289: 	CALL	PLINE2
01:DD8A CDC2DD          	   290: 	CALL	CHKCON	;check console, quit on a key.
01:DD8D CAA7DD          	   291: 	JZ	GETINP2	;jump if no key is pressed.
                        	   292: ;
                        	   293: ;   Terminate the submit job on any keyboard input. Delete this
                        	   294: ; file such that it is not re-started and jump to normal keyboard
                        	   295: ; input section.
                        	   296: ;
01:DD90 CDDDDD          	   297: 	CALL	DELBATCH;delete the batch file.
01:DD93 C382DF          	   298: 	JMP	CMMND1	;and restart command input.
                        	   299: ;
                        	   300: ;   Get here for normal keyboard input. Delete the submit file
                        	   301: ; incase there was one.
                        	   302: ;
01:DD96 CDDDDD          	   303: GETINP1	CALL	DELBATCH;delete file ($$$.sub).
01:DD99 CD1ADD          	   304: 	CALL	SETCDRV	;reset active disk.
01:DD9C 0E0A            	   305: 	MVI	C,10	;get line from console device.
01:DD9E 1106DC          	   306: 	LXI	D,INBUFF
01:DDA1 CD0500          	   307: 	CALL	ENTRY
01:DDA4 CD29DD          	   308: 	CALL	MOVECD	;reset current drive (again).
                        	   309: ;
                        	   310: ;   Convert input line to upper case.
                        	   311: ;
01:DDA7 2107DC          	   312: GETINP2	LXI	H,INBUFF+1
01:DDAA 46              	   313: 	MOV	B,M	;(B)=character counter.
01:DDAB 23              	   314: GETINP3	INX	H
01:DDAC 78              	   315: 	MOV	A,B	;end of the line?
01:DDAD B7              	   316: 	ORA	A
01:DDAE CABADD          	   317: 	JZ	GETINP4
01:DDB1 7E              	   318: 	MOV	A,M	;convert to upper case.
01:DDB2 CD30DD          	   319: 	CALL	UPPER
01:DDB5 77              	   320: 	MOV	M,A
01:DDB6 05              	   321: 	DCR	B	;adjust character count.
01:DDB7 C3ABDD          	   322: 	JMP	GETINP3
01:DDBA 77              	   323: GETINP4	MOV	M,A	;add trailing null.
01:DDBB 2108DC          	   324: 	LXI	H,INBUFF+2
01:DDBE 2288DC          	   325: 	SHLD	INPOINT	;reset input line pointer.
01:DDC1 C9              	   326: 	RET
                        	   327: ;
                        	   328: ;   Routine to check the console for a key pressed. The zero
                        	   329: ; flag is set is none, else the character is returned in (A).
                        	   330: ;
01:DDC2 0E0B            	   331: CHKCON	MVI	C,11	;check console.
01:DDC4 CD0500          	   332: 	CALL	ENTRY
01:DDC7 B7              	   333: 	ORA	A
01:DDC8 C8              	   334: 	RZ		;return if nothing.
01:DDC9 0E01            	   335: 	MVI	C,1	;else get character.
01:DDCB CD0500          	   336: 	CALL	ENTRY
01:DDCE B7              	   337: 	ORA	A	;clear zero flag and return.
01:DDCF C9              	   338: 	RET
                        	   339: ;
                        	   340: ;   Routine to get the currently active drive number.
                        	   341: ;
01:DDD0 0E19            	   342: GETDSK	MVI	C,25
01:DDD2 C30500          	   343: 	JMP	ENTRY
                        	   344: ;
                        	   345: ;   Set the stabdard dma address.
                        	   346: ;
01:DDD5 118000          	   347: STDDMA	LXI	D,TBUFF
                        	   348: ;
                        	   349: ;   Routine to set the dma address to (DE).
                        	   350: ;
01:DDD8 0E1A            	   351: DMASET	MVI	C,26
01:DDDA C30500          	   352: 	JMP	ENTRY
                        	   353: ;
                        	   354: ;  Delete the batch file created by SUBMIT.
                        	   355: ;
01:DDDD 21ABE3          	   356: DELBATCH:LXI	H,BATCH	;is batch active?
01:DDE0 7E              	   357: 	MOV	A,M
01:DDE1 B7              	   358: 	ORA	A
01:DDE2 C8              	   359: 	RZ
01:DDE3 3600            	   360: 	MVI	M,0	;yes, de-activate it.
01:DDE5 AF              	   361: 	XRA	A
01:DDE6 CDBDDC          	   362: 	CALL	DSKSEL	;select drive 0 for sure.
01:DDE9 11ACE3          	   363: 	LXI	D,BATCHFCB;and delete this file.
01:DDEC CDEFDC          	   364: 	CALL	DELETE
01:DDEF 3AEFE3          	   365: 	LDA	CDRIVE	;reset current drive.
01:DDF2 C3BDDC          	   366: 	JMP	DSKSEL
                        	   367: ;
                        	   368: ;   Check to two strings at (PATTRN1) and (PATTRN2). They must be
                        	   369: ; the same or we halt....
                        	   370: ;
01:DDF5 1128DF          	   371: VERIFY	LXI	D,PATTRN1;these are the serial number bytes.
01:DDF8 2100E4          	   372: 	LXI	H,PATTRN2;ditto, but how could they be different?
01:DDFB 0606            	   373: 	MVI	B,6	;6 bytes each.
01:DDFD 1A              	   374: VERIFY1	LDAX	D
01:DDFE BE              	   375: 	CMP	M
01:DDFF C2CFDF          	   376: 	JNZ	HALT	;jump to halt routine.
01:DE02 13              	   377: 	INX	D
01:DE03 23              	   378: 	INX	H
01:DE04 05              	   379: 	DCR	B
01:DE05 C2FDDD          	   380: 	JNZ	VERIFY1
01:DE08 C9              	   381: 	RET
                        	   382: ;
                        	   383: ;   Print back file name with a '?' to indicate a syntax error.
                        	   384: ;
01:DE09 CD98DC          	   385: SYNERR	CALL	CRLF	;end current line.
01:DE0C 2A8ADC          	   386: 	LHLD	NAMEPNT	;this points to name in error.
01:DE0F 7E              	   387: SYNERR1	MOV	A,M	;print it until a space or null is found.
01:DE10 FE20            	   388: 	CPI	' '
01:DE12 CA22DE          	   389: 	JZ	SYNERR2
01:DE15 B7              	   390: 	ORA	A
01:DE16 CA22DE          	   391: 	JZ	SYNERR2
01:DE19 E5              	   392: 	PUSH	H
01:DE1A CD8CDC          	   393: 	CALL	PRINT
01:DE1D E1              	   394: 	POP	H
01:DE1E 23              	   395: 	INX	H
01:DE1F C30FDE          	   396: 	JMP	SYNERR1
01:DE22 3E3F            	   397: SYNERR2	MVI	A,'?'	;add trailing '?'.
01:DE24 CD8CDC          	   398: 	CALL	PRINT
01:DE27 CD98DC          	   399: 	CALL	CRLF
01:DE2A CDDDDD          	   400: 	CALL	DELBATCH;delete any batch file.
01:DE2D C382DF          	   401: 	JMP	CMMND1	;and restart from console input.
                        	   402: ;
                        	   403: ;   Check character at (DE) for legal command input. Note that the
                        	   404: ; zero flag is set if the character is a delimiter.
                        	   405: ;
01:DE30 1A              	   406: CHECK	LDAX	D
01:DE31 B7              	   407: 	ORA	A
01:DE32 C8              	   408: 	RZ
01:DE33 FE20            	   409: 	CPI	' '	;control characters are not legal here.
01:DE35 DA09DE          	   410: 	JC	SYNERR
01:DE38 C8              	   411: 	RZ		;check for valid delimiter.
01:DE39 FE3D            	   412: 	CPI	'='
01:DE3B C8              	   413: 	RZ
01:DE3C FE5F            	   414: 	CPI	'_'
01:DE3E C8              	   415: 	RZ
01:DE3F FE2E            	   416: 	CPI	'.'
01:DE41 C8              	   417: 	RZ
01:DE42 FE3A            	   418: 	CPI	':'
01:DE44 C8              	   419: 	RZ
01:DE45 FE00            	   420: 	CPI	';'
01:DE47 C8              	   421: 	RZ
01:DE48 FE3C            	   422: 	CPI	'<'
01:DE4A C8              	   423: 	RZ
01:DE4B FE3E            	   424: 	CPI	'>'
01:DE4D C8              	   425: 	RZ
01:DE4E C9              	   426: 	RET
                        	   427: ;
                        	   428: ;   Get the next non-blank character from (DE).
                        	   429: ;
01:DE4F 1A              	   430: NONBLANK:LDAX	D
01:DE50 B7              	   431: 	ORA	A	;string ends with a null.
01:DE51 C8              	   432: 	RZ
01:DE52 FE20            	   433: 	CPI	' '
01:DE54 C0              	   434: 	RNZ
01:DE55 13              	   435: 	INX	D
01:DE56 C34FDE          	   436: 	JMP	NONBLANK
                        	   437: ;
                        	   438: ;   Add (HL)=(HL)+(A)
                        	   439: ;
01:DE59 85              	   440: ADDHL	ADD	L
01:DE5A 6F              	   441: 	MOV	L,A
01:DE5B D0              	   442: 	RNC	;take care of any carry.
01:DE5C 24              	   443: 	INR	H
01:DE5D C9              	   444: 	RET
                        	   445: ;
                        	   446: ;   Convert the first name in (FCB).
                        	   447: ;
01:DE5E 3E00            	   448: CONVFST	MVI	A,0
                        	   449: ;
                        	   450: ;   Format a file name (convert * to '?', etc.). On return,
                        	   451: ; (A)=0 is an unambigeous name was specified. Enter with (A) equal to
                        	   452: ; the position within the fcb for the name (either 0 or 16).
                        	   453: ;
01:DE60 21CDE3          	   454: CONVERT	LXI	H,FCB
01:DE63 CD59DE          	   455: 	CALL	ADDHL
01:DE66 E5              	   456: 	PUSH	H
01:DE67 E5              	   457: 	PUSH	H
01:DE68 AF              	   458: 	XRA	A
01:DE69 32F0E3          	   459: 	STA	CHGDRV	;initialize drive change flag.
01:DE6C 2A88DC          	   460: 	LHLD	INPOINT	;set (HL) as pointer into input line.
01:DE6F EB              	   461: 	XCHG
01:DE70 CD4FDE          	   462: 	CALL	NONBLANK;get next non-blank character.
01:DE73 EB              	   463: 	XCHG
01:DE74 228ADC          	   464: 	SHLD	NAMEPNT	;save pointer here for any error message.
01:DE77 EB              	   465: 	XCHG
01:DE78 E1              	   466: 	POP	H
01:DE79 1A              	   467: 	LDAX	D	;get first character.
01:DE7A B7              	   468: 	ORA	A
01:DE7B CA89DE          	   469: 	JZ	CONVRT1
01:DE7E DE40            	   470: 	SBI	'A'-1	;might be a drive name, convert to binary.
01:DE80 47              	   471: 	MOV	B,A	;and save.
01:DE81 13              	   472: 	INX	D	;check next character for a ':'.
01:DE82 1A              	   473: 	LDAX	D
01:DE83 FE3A            	   474: 	CPI	':'
01:DE85 CA90DE          	   475: 	JZ	CONVRT2
01:DE88 1B              	   476: 	DCX	D	;nope, move pointer back to the start of the line.
01:DE89 3AEFE3          	   477: CONVRT1	LDA	CDRIVE
01:DE8C 77              	   478: 	MOV	M,A
01:DE8D C396DE          	   479: 	JMP	CONVRT3
01:DE90 78              	   480: CONVRT2	MOV	A,B
01:DE91 32F0E3          	   481: 	STA	CHGDRV	;set change in drives flag.
01:DE94 70              	   482: 	MOV	M,B
01:DE95 13              	   483: 	INX	D
                        	   484: ;
                        	   485: ;   Convert the basic file name.
                        	   486: ;
01:DE96 0608            	   487: CONVRT3	MVI	B,08H
01:DE98 CD30DE          	   488: CONVRT4	CALL	CHECK
01:DE9B CAB9DE          	   489: 	JZ	CONVRT8
01:DE9E 23              	   490: 	INX	H
01:DE9F FE2A            	   491: 	CPI	'*'	;note that an '*' will fill the remaining
01:DEA1 C2A9DE          	   492: 	JNZ	CONVRT5	;field with '?'.
01:DEA4 363F            	   493: 	MVI	M,'?'
01:DEA6 C3ABDE          	   494: 	JMP	CONVRT6
01:DEA9 77              	   495: CONVRT5	MOV	M,A
01:DEAA 13              	   496: 	INX	D
01:DEAB 05              	   497: CONVRT6	DCR	B
01:DEAC C298DE          	   498: 	JNZ	CONVRT4
01:DEAF CD30DE          	   499: CONVRT7	CALL	CHECK	;get next delimiter.
01:DEB2 CAC0DE          	   500: 	JZ	GETEXT
01:DEB5 13              	   501: 	INX	D
01:DEB6 C3AFDE          	   502: 	JMP	CONVRT7
01:DEB9 23              	   503: CONVRT8	INX	H	;blank fill the file name.
01:DEBA 3620            	   504: 	MVI	M,' '
01:DEBC 05              	   505: 	DCR	B
01:DEBD C2B9DE          	   506: 	JNZ	CONVRT8
                        	   507: ;
                        	   508: ;   Get the extension and convert it.
                        	   509: ;
01:DEC0 0603            	   510: GETEXT	MVI	B,03H
01:DEC2 FE2E            	   511: 	CPI	'.'
01:DEC4 C2E9DE          	   512: 	JNZ	GETEXT5
01:DEC7 13              	   513: 	INX	D
01:DEC8 CD30DE          	   514: GETEXT1	CALL	CHECK
01:DECB CAE9DE          	   515: 	JZ	GETEXT5
01:DECE 23              	   516: 	INX	H
01:DECF FE2A            	   517: 	CPI	'*'
01:DED1 C2D9DE          	   518: 	JNZ	GETEXT2
01:DED4 363F            	   519: 	MVI	M,'?'
01:DED6 C3DBDE          	   520: 	JMP	GETEXT3
01:DED9 77              	   521: GETEXT2	MOV	M,A
01:DEDA 13              	   522: 	INX	D
01:DEDB 05              	   523: GETEXT3	DCR	B
01:DEDC C2C8DE          	   524: 	JNZ	GETEXT1
01:DEDF CD30DE          	   525: GETEXT4	CALL	CHECK
01:DEE2 CAF0DE          	   526: 	JZ	GETEXT6
01:DEE5 13              	   527: 	INX	D
01:DEE6 C3DFDE          	   528: 	JMP	GETEXT4
01:DEE9 23              	   529: GETEXT5	INX	H
01:DEEA 3620            	   530: 	MVI	M,' '
01:DEEC 05              	   531: 	DCR	B
01:DEED C2E9DE          	   532: 	JNZ	GETEXT5
01:DEF0 0603            	   533: GETEXT6	MVI	B,3
01:DEF2 23              	   534: GETEXT7	INX	H
01:DEF3 3600            	   535: 	MVI	M,0
01:DEF5 05              	   536: 	DCR	B
01:DEF6 C2F2DE          	   537: 	JNZ	GETEXT7
01:DEF9 EB              	   538: 	XCHG
01:DEFA 2288DC          	   539: 	SHLD	INPOINT	;save input line pointer.
01:DEFD E1              	   540: 	POP	H
                        	   541: ;
                        	   542: ;   Check to see if this is an ambigeous file name specification.
                        	   543: ; Set the (A) register to non zero if it is.
                        	   544: ;
01:DEFE 010B00          	   545: 	LXI	B,11	;set name length.
01:DF01 23              	   546: GETEXT8	INX	H
01:DF02 7E              	   547: 	MOV	A,M
01:DF03 FE3F            	   548: 	CPI	'?'	;any question marks?
01:DF05 C209DF          	   549: 	JNZ	GETEXT9
01:DF08 04              	   550: 	INR	B	;count them.
01:DF09 0D              	   551: GETEXT9	DCR	C
01:DF0A C201DF          	   552: 	JNZ	GETEXT8
01:DF0D 78              	   553: 	MOV	A,B
01:DF0E B7              	   554: 	ORA	A
01:DF0F C9              	   555: 	RET
                        	   556: ;
                        	   557: ;   CP/M command table. Note commands can be either 3 or 4 characters long.
                        	   558: ;
                        	   559: NUMCMDS	EQU	6	;number of commands
01:DF10 44495220        	   560: CMDTBL	DB	'DIR '
01:DF14 45524120        	   561: 	DB	'ERA '
01:DF18 54595045        	   562: 	DB	'TYPE'
01:DF1C 53415645        	   563: 	DB	'SAVE'
01:DF20 52454E20        	   564: 	DB	'REN '
01:DF24 55534552        	   565: 	DB	'USER'
                        	   566: ;
                        	   567: ;   The following six bytes must agree with those at (PATTRN2)
                        	   568: ; or cp/m will HALT. Why?
                        	   569: ;
01:DF28 00              	   570: PATTRN1	DB	0,22,0,0,0,0;(* serial number bytes *).
01:DF29 16
01:DF2A 00
01:DF2B 00
01:DF2C 00
01:DF2D 00
                        	   571: ;
                        	   572: ;   Search the command table for a match with what has just
                        	   573: ; been entered. If a match is found, then we jump to the
                        	   574: ; proper section. Else jump to (UNKNOWN).
                        	   575: ; On return, the (C) register is set to the command number
                        	   576: ; that matched (or NUMCMDS+1 if no match).
                        	   577: ;
01:DF2E 2110DF          	   578: SEARCH	LXI	H,CMDTBL
01:DF31 0E00            	   579: 	MVI	C,0
01:DF33 79              	   580: SEARCH1	MOV	A,C
01:DF34 FE06            	   581: 	CPI	NUMCMDS	;this commands exists.
01:DF36 D0              	   582: 	RNC
01:DF37 11CEE3          	   583: 	LXI	D,FCB+1	;check this one.
01:DF3A 0604            	   584: 	MVI	B,4	;max command length.
01:DF3C 1A              	   585: SEARCH2	LDAX	D
01:DF3D BE              	   586: 	CMP	M
01:DF3E C24FDF          	   587: 	JNZ	SEARCH3	;not a match.
01:DF41 13              	   588: 	INX	D
01:DF42 23              	   589: 	INX	H
01:DF43 05              	   590: 	DCR	B
01:DF44 C23CDF          	   591: 	JNZ	SEARCH2
01:DF47 1A              	   592: 	LDAX	D	;allow a 3 character command to match.
01:DF48 FE20            	   593: 	CPI	' '
01:DF4A C254DF          	   594: 	JNZ	SEARCH4
01:DF4D 79              	   595: 	MOV	A,C	;set return register for this command.
01:DF4E C9              	   596: 	RET
01:DF4F 23              	   597: SEARCH3	INX	H
01:DF50 05              	   598: 	DCR	B
01:DF51 C24FDF          	   599: 	JNZ	SEARCH3
01:DF54 0C              	   600: SEARCH4	INR	C
01:DF55 C333DF          	   601: 	JMP	SEARCH1
                        	   602: ;
                        	   603: ;   Set the input buffer to empty and then start the command
                        	   604: ; processor (ccp).
                        	   605: ;
01:DF58 AF              	   606: CLEARBUF:XRA	A
01:DF59 3207DC          	   607: 	STA	INBUFF+1;second byte is actual length.
                        	   608: ;
                        	   609: ;**************************************************************
                        	   610: ;*
                        	   611: ;*
                        	   612: ;* C C P  -   C o n s o l e   C o m m a n d   P r o c e s s o r
                        	   613: ;*
                        	   614: ;**************************************************************
                        	   615: ;*
01:DF5C 31ABE3          	   616: COMMAND	LXI	SP,CCPSTACK;setup stack area.
01:DF5F C5              	   617: 	PUSH	B	;note that (C) should be equal to:
01:DF60 79              	   618: 	MOV	A,C	;(uuuudddd) where 'uuuu' is the user number
01:DF61 1F              	   619: 	RAR		;and 'dddd' is the drive number.
01:DF62 1F              	   620: 	RAR
01:DF63 1F              	   621: 	RAR
01:DF64 1F              	   622: 	RAR
01:DF65 E60F            	   623: 	ANI	0FH	;isolate the user number.
01:DF67 5F              	   624: 	MOV	E,A
01:DF68 CD15DD          	   625: 	CALL	GETSETUC;and set it.
01:DF6B CDB8DC          	   626: 	CALL	RESDSK	;reset the disk system.
01:DF6E 32ABE3          	   627: 	STA	BATCH	;clear batch mode flag.
01:DF71 C1              	   628: 	POP	B
01:DF72 79              	   629: 	MOV	A,C
01:DF73 E60F            	   630: 	ANI	0FH	;isolate the drive number.
01:DF75 32EFE3          	   631: 	STA	CDRIVE	;and save.
01:DF78 CDBDDC          	   632: 	CALL	DSKSEL	;...and select.
01:DF7B 3A07DC          	   633: 	LDA	INBUFF+1
01:DF7E B7              	   634: 	ORA	A	;anything in input buffer already?
01:DF7F C298DF          	   635: 	JNZ	CMMND2	;yes, we just process it.
                        	   636: ;
                        	   637: ;   Entry point to get a command line from the console.
                        	   638: ;
01:DF82 31ABE3          	   639: CMMND1	LXI	SP,CCPSTACK;set stack straight.
01:DF85 CD98DC          	   640: 	CALL	CRLF	;start a new line on the screen.
01:DF88 CDD0DD          	   641: 	CALL	GETDSK	;get current drive.
01:DF8B C661            	   642: 	ADI	'a'
01:DF8D CD8CDC          	   643: 	CALL	PRINT	;print current drive.
01:DF90 3E3E            	   644: 	MVI	A,'>'
01:DF92 CD8CDC          	   645: 	CALL	PRINT	;and add prompt.
01:DF95 CD39DD          	   646: 	CALL	GETINP	;get line from user.
                        	   647: ;
                        	   648: ;   Process command line here.
                        	   649: ;
01:DF98 118000          	   650: CMMND2	LXI	D,TBUFF
01:DF9B CDD8DD          	   651: 	CALL	DMASET	;set standard dma address.
01:DF9E CDD0DD          	   652: 	CALL	GETDSK
01:DFA1 32EFE3          	   653: 	STA	CDRIVE	;set current drive.
01:DFA4 CD5EDE          	   654: 	CALL	CONVFST	;convert name typed in.
01:DFA7 C409DE          	   655: 	CNZ	SYNERR	;wild cards are not allowed.
01:DFAA 3AF0E3          	   656: 	LDA	CHGDRV	;if a change in drives was indicated,
01:DFAD B7              	   657: 	ORA	A	;then treat this as an unknown command
01:DFAE C2A5E2          	   658: 	JNZ	UNKNOWN	;which gets executed.
01:DFB1 CD2EDF          	   659: 	CALL	SEARCH	;else search command table for a match.
                        	   660: ;
                        	   661: ;   Note that an unknown command returns
                        	   662: ; with (A) pointing to the last address
                        	   663: ; in our table which is (UNKNOWN).
                        	   664: ;
01:DFB4 21C1DF          	   665: 	LXI	H,CMDADR;now, look thru our address table for command (A).
01:DFB7 5F              	   666: 	MOV	E,A	;set (DE) to command number.
01:DFB8 1600            	   667: 	MVI	D,0
01:DFBA 19              	   668: 	DAD	D
01:DFBB 19              	   669: 	DAD	D	;(HL)=(CMDADR)+2*(command number).
01:DFBC 7E              	   670: 	MOV	A,M	;now pick out this address.
01:DFBD 23              	   671: 	INX	H
01:DFBE 66              	   672: 	MOV	H,M
01:DFBF 6F              	   673: 	MOV	L,A
01:DFC0 E9              	   674: 	PCHL		;now execute it.
                        	   675: ;
                        	   676: ;   CP/M command address table.
                        	   677: ;
01:DFC1 77E0            	   678: CMDADR	DW	DIRECT,ERASE,TYPE,SAVE
01:DFC3 1FE1
01:DFC5 5DE1
01:DFC7 ADE1
01:DFC9 10E2            	   679: 	DW	RENAME,USER,UNKNOWN
01:DFCB 8EE2
01:DFCD A5E2
                        	   680: ;
                        	   681: ;   Halt the system. Reason for this is unknown at present.
                        	   682: ;
01:DFCF 21F376          	   683: HALT	LXI	H,76F3H	;'DI HLT' instructions.
01:DFD2 2200DC          	   684: 	SHLD	CBASE
01:DFD5 2100DC          	   685: 	LXI	H,CBASE
01:DFD8 E9              	   686: 	PCHL
                        	   687: ;
                        	   688: ;   Read error while TYPEing a file.
                        	   689: ;
01:DFD9 01DFDF          	   690: RDERROR	LXI	B,RDERR
01:DFDC C3A7DC          	   691: 	JMP	PLINE
01:DFDF 5265616420657272	   692: RDERR	DB	'Read error',0
01:DFE7 6F72
01:DFE9 00
                        	   693: ;
                        	   694: ;   Required file was not located.
                        	   695: ;
01:DFEA 01F0DF          	   696: NONE	LXI	B,NOFILE
01:DFED C3A7DC          	   697: 	JMP	PLINE
01:DFF0 4E6F2066696C65  	   698: NOFILE	DB	'No file',0
01:DFF7 00
                        	   699: ;
                        	   700: ;   Decode a command of the form 'A>filename number{ filename}.
                        	   701: ; Note that a drive specifier is not allowed on the first file
                        	   702: ; name. On return, the number is in register (A). Any error
                        	   703: ; causes 'filename?' to be printed and the command is aborted.
                        	   704: ;
01:DFF8 CD5EDE          	   705: DECODE	CALL	CONVFST	;convert filename.
01:DFFB 3AF0E3          	   706: 	LDA	CHGDRV	;do not allow a drive to be specified.
01:DFFE B7              	   707: 	ORA	A
01:DFFF C209DE          	   708: 	JNZ	SYNERR
01:E002 21CEE3          	   709: 	LXI	H,FCB+1	;convert number now.
01:E005 010B00          	   710: 	LXI	B,11	;(B)=sum register, (C)=max digit count.
01:E008 7E              	   711: DECODE1	MOV	A,M
01:E009 FE20            	   712: 	CPI	' '	;a space terminates the numeral.
01:E00B CA33E0          	   713: 	JZ	DECODE3
01:E00E 23              	   714: 	INX	H
01:E00F D630            	   715: 	SUI	'0'	;make binary from ascii.
01:E011 FE0A            	   716: 	CPI	10	;legal digit?
01:E013 D209DE          	   717: 	JNC	SYNERR
01:E016 57              	   718: 	MOV	D,A	;yes, save it in (D).
01:E017 78              	   719: 	MOV	A,B	;compute (B)=(B)*10 and check for overflow.
01:E018 E6E0            	   720: 	ANI	0E0H
01:E01A C209DE          	   721: 	JNZ	SYNERR
01:E01D 78              	   722: 	MOV	A,B
01:E01E 07              	   723: 	RLC
01:E01F 07              	   724: 	RLC
01:E020 07              	   725: 	RLC	;(A)=(B)*8
01:E021 80              	   726: 	ADD	B	;.......*9
01:E022 DA09DE          	   727: 	JC	SYNERR
01:E025 80              	   728: 	ADD	B	;.......*10
01:E026 DA09DE          	   729: 	JC	SYNERR
01:E029 82              	   730: 	ADD	D	;add in new digit now.
01:E02A DA09DE          	   731: DECODE2	JC	SYNERR
01:E02D 47              	   732: 	MOV	B,A	;and save result.
01:E02E 0D              	   733: 	DCR	C	;only look at 11 digits.
01:E02F C208E0          	   734: 	JNZ	DECODE1
01:E032 C9              	   735: 	RET
01:E033 7E              	   736: DECODE3	MOV	A,M	;spaces must follow (why?).
01:E034 FE20            	   737: 	CPI	' '
01:E036 C209DE          	   738: 	JNZ	SYNERR
01:E039 23              	   739: 	INX	H
01:E03A 0D              	   740: DECODE4	DCR	C
01:E03B C233E0          	   741: 	JNZ	DECODE3
01:E03E 78              	   742: 	MOV	A,B	;set (A)=the numeric value entered.
01:E03F C9              	   743: 	RET
                        	   744: ;
                        	   745: ;   Move 3 bytes from (HL) to (DE). Note that there is only
                        	   746: ; one reference to this at (A2D5h).
                        	   747: ;
01:E040 0603            	   748: MOVE3	MVI	B,3
                        	   749: ;
                        	   750: ;   Move (B) bytes from (HL) to (DE).
                        	   751: ;
01:E042 7E              	   752: HL2DE	MOV	A,M
01:E043 12              	   753: 	STAX	D
01:E044 23              	   754: 	INX	H
01:E045 13              	   755: 	INX	D
01:E046 05              	   756: 	DCR	B
01:E047 C242E0          	   757: 	JNZ	HL2DE
01:E04A C9              	   758: 	RET
                        	   759: ;
                        	   760: ;   Compute (HL)=(TBUFF)+(A)+(C) and get the byte that's here.
                        	   761: ;
01:E04B 218000          	   762: EXTRACT	LXI	H,TBUFF
01:E04E 81              	   763: 	ADD	C
01:E04F CD59DE          	   764: 	CALL	ADDHL
01:E052 7E              	   765: 	MOV	A,M
01:E053 C9              	   766: 	RET
                        	   767: ;
                        	   768: ;  Check drive specified. If it means a change, then the new
                        	   769: ; drive will be selected. In any case, the drive byte of the
                        	   770: ; fcb will be set to null (means use current drive).
                        	   771: ;
01:E054 AF              	   772: DSELECT	XRA	A	;null out first byte of fcb.
01:E055 32CDE3          	   773: 	STA	FCB
01:E058 3AF0E3          	   774: 	LDA	CHGDRV	;a drive change indicated?
01:E05B B7              	   775: 	ORA	A
01:E05C C8              	   776: 	RZ
01:E05D 3D              	   777: 	DCR	A	;yes, is it the same as the current drive?
01:E05E 21EFE3          	   778: 	LXI	H,CDRIVE
01:E061 BE              	   779: 	CMP	M
01:E062 C8              	   780: 	RZ
01:E063 C3BDDC          	   781: 	JMP	DSKSEL	;no. Select it then.
                        	   782: ;
                        	   783: ;   Check the drive selection and reset it to the previous
                        	   784: ; drive if it was changed for the preceeding command.
                        	   785: ;
01:E066 3AF0E3          	   786: RESETDR	LDA	CHGDRV	;drive change indicated?
01:E069 B7              	   787: 	ORA	A
01:E06A C8              	   788: 	RZ
01:E06B 3D              	   789: 	DCR	A	;yes, was it a different drive?
01:E06C 21EFE3          	   790: 	LXI	H,CDRIVE
01:E06F BE              	   791: 	CMP	M
01:E070 C8              	   792: 	RZ
01:E071 3AEFE3          	   793: 	LDA	CDRIVE	;yes, re-select our old drive.
01:E074 C3BDDC          	   794: 	JMP	DSKSEL
                        	   795: ;
                        	   796: ;**************************************************************
                        	   797: ;*
                        	   798: ;*           D I R E C T O R Y   C O M M A N D
                        	   799: ;*
                        	   800: ;**************************************************************
                        	   801: ;
01:E077 CD5EDE          	   802: DIRECT	CALL	CONVFST	;convert file name.
01:E07A CD54E0          	   803: 	CALL	DSELECT	;select indicated drive.
01:E07D 21CEE3          	   804: 	LXI	H,FCB+1	;was any file indicated?
01:E080 7E              	   805: 	MOV	A,M
01:E081 FE20            	   806: 	CPI	' '
01:E083 C28FE0          	   807: 	JNZ	DIRECT2
01:E086 060B            	   808: 	MVI	B,11	;no. Fill field with '?' - same as *.*.
01:E088 363F            	   809: DIRECT1	MVI	M,'?'
01:E08A 23              	   810: 	INX	H
01:E08B 05              	   811: 	DCR	B
01:E08C C288E0          	   812: 	JNZ	DIRECT1
01:E08F 1E00            	   813: DIRECT2	MVI	E,0	;set initial cursor position.
01:E091 D5              	   814: 	PUSH	D
01:E092 CDE9DC          	   815: 	CALL	SRCHFCB	;get first file name.
01:E095 CCEADF          	   816: 	CZ	NONE	;none found at all?
01:E098 CA1BE1          	   817: DIRECT3	JZ	DIRECT9	;terminate if no more names.
01:E09B 3AEEE3          	   818: 	LDA	RTNCODE	;get file's position in segment (0-3).
01:E09E 0F              	   819: 	RRC
01:E09F 0F              	   820: 	RRC
01:E0A0 0F              	   821: 	RRC
01:E0A1 E660            	   822: 	ANI	60H	;(A)=position*32
01:E0A3 4F              	   823: 	MOV	C,A
01:E0A4 3E0A            	   824: 	MVI	A,10
01:E0A6 CD4BE0          	   825: 	CALL	EXTRACT	;extract the tenth entry in fcb.
01:E0A9 17              	   826: 	RAL		;check system file status bit.
01:E0AA DA0FE1          	   827: 	JC	DIRECT8	;we don't list them.
01:E0AD D1              	   828: 	POP	D
01:E0AE 7B              	   829: 	MOV	A,E	;bump name count.
01:E0AF 1C              	   830: 	INR	E
01:E0B0 D5              	   831: 	PUSH	D
01:E0B1 E603            	   832: 	ANI	03H	;at end of line?
01:E0B3 F5              	   833: 	PUSH	PSW
01:E0B4 C2CCE0          	   834: 	JNZ	DIRECT4
01:E0B7 CD98DC          	   835: 	CALL	CRLF	;yes, end this line and start another.
01:E0BA C5              	   836: 	PUSH	B
01:E0BB CDD0DD          	   837: 	CALL	GETDSK	;start line with ('A:').
01:E0BE C1              	   838: 	POP	B
01:E0BF C641            	   839: 	ADI	'A'
01:E0C1 CD92DC          	   840: 	CALL	PRINTB
01:E0C4 3E3A            	   841: 	MVI	A,':'
01:E0C6 CD92DC          	   842: 	CALL	PRINTB
01:E0C9 C3D4E0          	   843: 	JMP	DIRECT5
01:E0CC CDA2DC          	   844: DIRECT4	CALL	SPACE	;add seperator between file names.
01:E0CF 3E3A            	   845: 	MVI	A,':'
01:E0D1 CD92DC          	   846: 	CALL	PRINTB
01:E0D4 CDA2DC          	   847: DIRECT5	CALL	SPACE
01:E0D7 0601            	   848: 	MVI	B,1	;'extract' each file name character at a time.
01:E0D9 78              	   849: DIRECT6	MOV	A,B
01:E0DA CD4BE0          	   850: 	CALL	EXTRACT
01:E0DD E67F            	   851: 	ANI	7FH	;strip bit 7 (status bit).
01:E0DF FE20            	   852: 	CPI	' '	;are we at the end of the name?
01:E0E1 C2F9E0          	   853: 	JNZ	DRECT65
01:E0E4 F1              	   854: 	POP	PSW	;yes, don't print spaces at the end of a line.
01:E0E5 F5              	   855: 	PUSH	PSW
01:E0E6 FE03            	   856: 	CPI	3
01:E0E8 C2F7E0          	   857: 	JNZ	DRECT63
01:E0EB 3E09            	   858: 	MVI	A,9	;first check for no extension.
01:E0ED CD4BE0          	   859: 	CALL	EXTRACT
01:E0F0 E67F            	   860: 	ANI	7FH
01:E0F2 FE20            	   861: 	CPI	' '
01:E0F4 CA0EE1          	   862: 	JZ	DIRECT7	;don't print spaces.
01:E0F7 3E20            	   863: DRECT63	MVI	A,' '	;else print them.
01:E0F9 CD92DC          	   864: DRECT65	CALL	PRINTB
01:E0FC 04              	   865: 	INR	B	;bump to next character psoition.
01:E0FD 78              	   866: 	MOV	A,B
01:E0FE FE0C            	   867: 	CPI	12	;end of the name?
01:E100 D20EE1          	   868: 	JNC	DIRECT7
01:E103 FE09            	   869: 	CPI	9	;nope, starting extension?
01:E105 C2D9E0          	   870: 	JNZ	DIRECT6
01:E108 CDA2DC          	   871: 	CALL	SPACE	;yes, add seperating space.
01:E10B C3D9E0          	   872: 	JMP	DIRECT6
01:E10E F1              	   873: DIRECT7	POP	PSW	;get the next file name.
01:E10F CDC2DD          	   874: DIRECT8	CALL	CHKCON	;first check console, quit on anything.
01:E112 C21BE1          	   875: 	JNZ	DIRECT9
01:E115 CDE4DC          	   876: 	CALL	SRCHNXT	;get next name.
01:E118 C398E0          	   877: 	JMP	DIRECT3	;and continue with our list.
01:E11B D1              	   878: DIRECT9	POP	D	;restore the stack and return to command level.
01:E11C C386E3          	   879: 	JMP	GETBACK
                        	   880: ;
                        	   881: ;**************************************************************
                        	   882: ;*
                        	   883: ;*                E R A S E   C O M M A N D
                        	   884: ;*
                        	   885: ;**************************************************************
                        	   886: ;
01:E11F CD5EDE          	   887: ERASE	CALL	CONVFST	;convert file name.
01:E122 FE0B            	   888: 	CPI	11	;was '*.*' entered?
01:E124 C242E1          	   889: 	JNZ	ERASE1
01:E127 0152E1          	   890: 	LXI	B,YESNO	;yes, ask for confirmation.
01:E12A CDA7DC          	   891: 	CALL	PLINE
01:E12D CD39DD          	   892: 	CALL	GETINP
01:E130 2107DC          	   893: 	LXI	H,INBUFF+1
01:E133 35              	   894: 	DCR	M	;must be exactly 'y'.
01:E134 C282DF          	   895: 	JNZ	CMMND1
01:E137 23              	   896: 	INX	H
01:E138 7E              	   897: 	MOV	A,M
01:E139 FE59            	   898: 	CPI	'Y'
01:E13B C282DF          	   899: 	JNZ	CMMND1
01:E13E 23              	   900: 	INX	H
01:E13F 2288DC          	   901: 	SHLD	INPOINT	;save input line pointer.
01:E142 CD54E0          	   902: ERASE1	CALL	DSELECT	;select desired disk.
01:E145 11CDE3          	   903: 	LXI	D,FCB
01:E148 CDEFDC          	   904: 	CALL	DELETE	;delete the file.
01:E14B 3C              	   905: 	INR	A
01:E14C CCEADF          	   906: 	CZ	NONE	;not there?
01:E14F C386E3          	   907: 	JMP	GETBACK	;return to command level now.
01:E152 416C6C2028792F6E	   908: YESNO	DB	'All (y/n)?',0
01:E15A 293F
01:E15C 00
                        	   909: ;
                        	   910: ;**************************************************************
                        	   911: ;*
                        	   912: ;*            T Y P E   C O M M A N D
                        	   913: ;*
                        	   914: ;**************************************************************
                        	   915: ;
01:E15D CD5EDE          	   916: TYPE	CALL	CONVFST	;convert file name.
01:E160 C209DE          	   917: 	JNZ	SYNERR	;wild cards not allowed.
01:E163 CD54E0          	   918: 	CALL	DSELECT	;select indicated drive.
01:E166 CDD0DC          	   919: 	CALL	OPENFCB	;open the file.
01:E169 CAA7E1          	   920: 	JZ	TYPE5	;not there?
01:E16C CD98DC          	   921: 	CALL	CRLF	;ok, start a new line on the screen.
01:E16F 21F1E3          	   922: 	LXI	H,NBYTES;initialize byte counter.
01:E172 36FF            	   923: 	MVI	M,0FFH	;set to read first sector.
01:E174 21F1E3          	   924: TYPE1	LXI	H,NBYTES
01:E177 7E              	   925: TYPE2	MOV	A,M	;have we written the entire sector?
01:E178 FE80            	   926: 	CPI	128
01:E17A DA87E1          	   927: 	JC	TYPE3
01:E17D E5              	   928: 	PUSH	H	;yes, read in the next one.
01:E17E CDFEDC          	   929: 	CALL	READFCB
01:E181 E1              	   930: 	POP	H
01:E182 C2A0E1          	   931: 	JNZ	TYPE4	;end or error?
01:E185 AF              	   932: 	XRA	A	;ok, clear byte counter.
01:E186 77              	   933: 	MOV	M,A
01:E187 34              	   934: TYPE3	INR	M	;count this byte.
01:E188 218000          	   935: 	LXI	H,TBUFF	;and get the (A)th one from the buffer (TBUFF).
01:E18B CD59DE          	   936: 	CALL	ADDHL
01:E18E 7E              	   937: 	MOV	A,M
01:E18F FE1A            	   938: 	CPI	CNTRLZ	;end of file mark?
01:E191 CA86E3          	   939: 	JZ	GETBACK
01:E194 CD8CDC          	   940: 	CALL	PRINT	;no, print it.
01:E197 CDC2DD          	   941: 	CALL	CHKCON	;check console, quit if anything ready.
01:E19A C286E3          	   942: 	JNZ	GETBACK
01:E19D C374E1          	   943: 	JMP	TYPE1
                        	   944: ;
                        	   945: ;   Get here on an end of file or read error.
                        	   946: ;
01:E1A0 3D              	   947: TYPE4	DCR	A	;read error?
01:E1A1 CA86E3          	   948: 	JZ	GETBACK
01:E1A4 CDD9DF          	   949: 	CALL	RDERROR	;yes, print message.
01:E1A7 CD66E0          	   950: TYPE5	CALL	RESETDR	;and reset proper drive
01:E1AA C309DE          	   951: 	JMP	SYNERR	;now print file name with problem.
                        	   952: ;
                        	   953: ;**************************************************************
                        	   954: ;*
                        	   955: ;*            S A V E   C O M M A N D
                        	   956: ;*
                        	   957: ;**************************************************************
                        	   958: ;
01:E1AD CDF8DF          	   959: SAVE	CALL	DECODE	;get numeric number that follows SAVE.
01:E1B0 F5              	   960: 	PUSH	PSW	;save number of pages to write.
01:E1B1 CD5EDE          	   961: 	CALL	CONVFST	;convert file name.
01:E1B4 C209DE          	   962: 	JNZ	SYNERR	;wild cards not allowed.
01:E1B7 CD54E0          	   963: 	CALL	DSELECT	;select specified drive.
01:E1BA 11CDE3          	   964: 	LXI	D,FCB	;now delete this file.
01:E1BD D5              	   965: 	PUSH	D
01:E1BE CDEFDC          	   966: 	CALL	DELETE
01:E1C1 D1              	   967: 	POP	D
01:E1C2 CD09DD          	   968: 	CALL	CREATE	;and create it again.
01:E1C5 CAFBE1          	   969: 	JZ	SAVE3	;can't create?
01:E1C8 AF              	   970: 	XRA	A	;clear record number byte.
01:E1C9 32EDE3          	   971: 	STA	FCB+32
01:E1CC F1              	   972: 	POP	PSW	;convert pages to sectors.
01:E1CD 6F              	   973: 	MOV	L,A
01:E1CE 2600            	   974: 	MVI	H,0
01:E1D0 29              	   975: 	DAD	H	;(HL)=number of sectors to write.
01:E1D1 110001          	   976: 	LXI	D,TBASE	;and we start from here.
01:E1D4 7C              	   977: SAVE1	MOV	A,H	;done yet?
01:E1D5 B5              	   978: 	ORA	L
01:E1D6 CAF1E1          	   979: 	JZ	SAVE2
01:E1D9 2B              	   980: 	DCX	H	;nope, count this and compute the start
01:E1DA E5              	   981: 	PUSH	H	;of the next 128 byte sector.
01:E1DB 218000          	   982: 	LXI	H,128
01:E1DE 19              	   983: 	DAD	D
01:E1DF E5              	   984: 	PUSH	H	;save it and set the transfer address.
01:E1E0 CDD8DD          	   985: 	CALL	DMASET
01:E1E3 11CDE3          	   986: 	LXI	D,FCB	;write out this sector now.
01:E1E6 CD04DD          	   987: 	CALL	WRTREC
01:E1E9 D1              	   988: 	POP	D	;reset (DE) to the start of the last sector.
01:E1EA E1              	   989: 	POP	H	;restore sector count.
01:E1EB C2FBE1          	   990: 	JNZ	SAVE3	;write error?
01:E1EE C3D4E1          	   991: 	JMP	SAVE1
                        	   992: ;
                        	   993: ;   Get here after writing all of the file.
                        	   994: ;
01:E1F1 11CDE3          	   995: SAVE2	LXI	D,FCB	;now close the file.
01:E1F4 CDDADC          	   996: 	CALL	CLOSE
01:E1F7 3C              	   997: 	INR	A	;did it close ok?
01:E1F8 C201E2          	   998: 	JNZ	SAVE4
                        	   999: ;
                        	  1000: ;   Print out error message (no space).
                        	  1001: ;
01:E1FB 0107E2          	  1002: SAVE3	LXI	B,NOSPACE
01:E1FE CDA7DC          	  1003: 	CALL	PLINE
01:E201 CDD5DD          	  1004: SAVE4	CALL	STDDMA	;reset the standard dma address.
01:E204 C386E3          	  1005: 	JMP	GETBACK
01:E207 4E6F207370616365	  1006: NOSPACE	DB	'No space',0
01:E20F 00
                        	  1007: ;
                        	  1008: ;**************************************************************
                        	  1009: ;*
                        	  1010: ;*           R E N A M E   C O M M A N D
                        	  1011: ;*
                        	  1012: ;**************************************************************
                        	  1013: ;
01:E210 CD5EDE          	  1014: RENAME	CALL	CONVFST	;convert first file name.
01:E213 C209DE          	  1015: 	JNZ	SYNERR	;wild cards not allowed.
01:E216 3AF0E3          	  1016: 	LDA	CHGDRV	;remember any change in drives specified.
01:E219 F5              	  1017: 	PUSH	PSW
01:E21A CD54E0          	  1018: 	CALL	DSELECT	;and select this drive.
01:E21D CDE9DC          	  1019: 	CALL	SRCHFCB	;is this file present?
01:E220 C279E2          	  1020: 	JNZ	RENAME6	;yes, print error message.
01:E223 21CDE3          	  1021: 	LXI	H,FCB	;yes, move this name into second slot.
01:E226 11DDE3          	  1022: 	LXI	D,FCB+16
01:E229 0610            	  1023: 	MVI	B,16
01:E22B CD42E0          	  1024: 	CALL	HL2DE
01:E22E 2A88DC          	  1025: 	LHLD	INPOINT	;get input pointer.
01:E231 EB              	  1026: 	XCHG
01:E232 CD4FDE          	  1027: 	CALL	NONBLANK;get next non blank character.
01:E235 FE3D            	  1028: 	CPI	'='	;only allow an '=' or '_' seperator.
01:E237 CA3FE2          	  1029: 	JZ	RENAME1
01:E23A FE5F            	  1030: 	CPI	'_'
01:E23C C273E2          	  1031: 	JNZ	RENAME5
01:E23F EB              	  1032: RENAME1	XCHG
01:E240 23              	  1033: 	INX	H	;ok, skip seperator.
01:E241 2288DC          	  1034: 	SHLD	INPOINT	;save input line pointer.
01:E244 CD5EDE          	  1035: 	CALL	CONVFST	;convert this second file name now.
01:E247 C273E2          	  1036: 	JNZ	RENAME5	;again, no wild cards.
01:E24A F1              	  1037: 	POP	PSW	;if a drive was specified, then it
01:E24B 47              	  1038: 	MOV	B,A	;must be the same as before.
01:E24C 21F0E3          	  1039: 	LXI	H,CHGDRV
01:E24F 7E              	  1040: 	MOV	A,M
01:E250 B7              	  1041: 	ORA	A
01:E251 CA59E2          	  1042: 	JZ	RENAME2
01:E254 B8              	  1043: 	CMP	B
01:E255 70              	  1044: 	MOV	M,B
01:E256 C273E2          	  1045: 	JNZ	RENAME5	;they were different, error.
01:E259 70              	  1046: RENAME2	MOV	M,B;	reset as per the first file specification.
01:E25A AF              	  1047: 	XRA	A
01:E25B 32CDE3          	  1048: 	STA	FCB	;clear the drive byte of the fcb.
01:E25E CDE9DC          	  1049: RENAME3	CALL	SRCHFCB	;and go look for second file.
01:E261 CA6DE2          	  1050: 	JZ	RENAME4	;doesn't exist?
01:E264 11CDE3          	  1051: 	LXI	D,FCB
01:E267 CD0EDD          	  1052: 	CALL	RENAM	;ok, rename the file.
01:E26A C386E3          	  1053: 	JMP	GETBACK
                        	  1054: ;
                        	  1055: ;   Process rename errors here.
                        	  1056: ;
01:E26D CDEADF          	  1057: RENAME4	CALL	NONE	;file not there.
01:E270 C386E3          	  1058: 	JMP	GETBACK
01:E273 CD66E0          	  1059: RENAME5	CALL	RESETDR	;bad command format.
01:E276 C309DE          	  1060: 	JMP	SYNERR
01:E279 0182E2          	  1061: RENAME6	LXI	B,EXISTS;destination file already exists.
01:E27C CDA7DC          	  1062: 	CALL	PLINE
01:E27F C386E3          	  1063: 	JMP	GETBACK
01:E282 46696C6520657869	  1064: EXISTS	DB	'File exists',0
01:E28A 737473
01:E28D 00
                        	  1065: ;
                        	  1066: ;**************************************************************
                        	  1067: ;*
                        	  1068: ;*             U S E R   C O M M A N D
                        	  1069: ;*
                        	  1070: ;**************************************************************
                        	  1071: ;
01:E28E CDF8DF          	  1072: USER	CALL	DECODE	;get numeric value following command.
01:E291 FE10            	  1073: 	CPI	16	;legal user number?
01:E293 D209DE          	  1074: 	JNC	SYNERR
01:E296 5F              	  1075: 	MOV	E,A	;yes but is there anything else?
01:E297 3ACEE3          	  1076: 	LDA	FCB+1
01:E29A FE20            	  1077: 	CPI	' '
01:E29C CA09DE          	  1078: 	JZ	SYNERR	;yes, that is not allowed.
01:E29F CD15DD          	  1079: 	CALL	GETSETUC;ok, set user code.
01:E2A2 C389E3          	  1080: 	JMP	GETBACK1
                        	  1081: ;
                        	  1082: ;**************************************************************
                        	  1083: ;*
                        	  1084: ;*        T R A N S I A N T   P R O G R A M   C O M M A N D
                        	  1085: ;*
                        	  1086: ;**************************************************************
                        	  1087: ;
01:E2A5 CDF5DD          	  1088: UNKNOWN	CALL	VERIFY	;check for valid system (why?).
01:E2A8 3ACEE3          	  1089: 	LDA	FCB+1	;anything to execute?
01:E2AB FE20            	  1090: 	CPI	' '
01:E2AD C2C4E2          	  1091: 	JNZ	UNKWN1
01:E2B0 3AF0E3          	  1092: 	LDA	CHGDRV	;nope, only a drive change?
01:E2B3 B7              	  1093: 	ORA	A
01:E2B4 CA89E3          	  1094: 	JZ	GETBACK1;neither???
01:E2B7 3D              	  1095: 	DCR	A
01:E2B8 32EFE3          	  1096: 	STA	CDRIVE	;ok, store new drive.
01:E2BB CD29DD          	  1097: 	CALL	MOVECD	;set (TDRIVE) also.
01:E2BE CDBDDC          	  1098: 	CALL	DSKSEL	;and select this drive.
01:E2C1 C389E3          	  1099: 	JMP	GETBACK1;then return.
                        	  1100: ;
                        	  1101: ;   Here a file name was typed. Prepare to execute it.
                        	  1102: ;
01:E2C4 11D6E3          	  1103: UNKWN1	LXI	D,FCB+9	;an extension specified?
01:E2C7 1A              	  1104: 	LDAX	D
01:E2C8 FE20            	  1105: 	CPI	' '
01:E2CA C209DE          	  1106: 	JNZ	SYNERR	;yes, not allowed.
01:E2CD D5              	  1107: UNKWN2	PUSH	D
01:E2CE CD54E0          	  1108: 	CALL	DSELECT	;select specified drive.
01:E2D1 D1              	  1109: 	POP	D
01:E2D2 2183E3          	  1110: 	LXI	H,COMFILE	;set the extension to 'COM'.
01:E2D5 CD40E0          	  1111: 	CALL	MOVE3
01:E2D8 CDD0DC          	  1112: 	CALL	OPENFCB	;and open this file.
01:E2DB CA6BE3          	  1113: 	JZ	UNKWN9	;not present?
                        	  1114: ;
                        	  1115: ;   Load in the program.
                        	  1116: ;
01:E2DE 210001          	  1117: 	LXI	H,TBASE	;store the program starting here.
01:E2E1 E5              	  1118: UNKWN3	PUSH	H
01:E2E2 EB              	  1119: 	XCHG
01:E2E3 CDD8DD          	  1120: 	CALL	DMASET	;set transfer address.
01:E2E6 11CDE3          	  1121: 	LXI	D,FCB	;and read the next record.
01:E2E9 CDF9DC          	  1122: 	CALL	RDREC
01:E2EC C201E3          	  1123: 	JNZ	UNKWN4	;end of file or read error?
01:E2EF E1              	  1124: 	POP	H	;nope, bump pointer for next sector.
01:E2F0 118000          	  1125: 	LXI	D,128
01:E2F3 19              	  1126: 	DAD	D
01:E2F4 1100DC          	  1127: 	LXI	D,CBASE	;enough room for the whole file?
01:E2F7 7D              	  1128: 	MOV	A,L
01:E2F8 93              	  1129: 	SUB	E
01:E2F9 7C              	  1130: 	MOV	A,H
01:E2FA 9A              	  1131: 	SBB	D
01:E2FB D271E3          	  1132: 	JNC	UNKWN0	;no, it can't fit.
01:E2FE C3E1E2          	  1133: 	JMP	UNKWN3
                        	  1134: ;
                        	  1135: ;   Get here after finished reading.
                        	  1136: ;
01:E301 E1              	  1137: UNKWN4	POP	H
01:E302 3D              	  1138: 	DCR	A	;normal end of file?
01:E303 C271E3          	  1139: 	JNZ	UNKWN0
01:E306 CD66E0          	  1140: 	CALL	RESETDR	;yes, reset previous drive.
01:E309 CD5EDE          	  1141: 	CALL	CONVFST	;convert the first file name that follows
01:E30C 21F0E3          	  1142: 	LXI	H,CHGDRV;command name.
01:E30F E5              	  1143: 	PUSH	H
01:E310 7E              	  1144: 	MOV	A,M	;set drive code in default fcb.
01:E311 32CDE3          	  1145: 	STA	FCB
01:E314 3E10            	  1146: 	MVI	A,16	;put second name 16 bytes later.
01:E316 CD60DE          	  1147: 	CALL	CONVERT	;convert second file name.
01:E319 E1              	  1148: 	POP	H
01:E31A 7E              	  1149: 	MOV	A,M	;and set the drive for this second file.
01:E31B 32DDE3          	  1150: 	STA	FCB+16
01:E31E AF              	  1151: 	XRA	A	;clear record byte in fcb.
01:E31F 32EDE3          	  1152: 	STA	FCB+32
01:E322 115C00          	  1153: 	LXI	D,TFCB	;move it into place at(005Ch).
01:E325 21CDE3          	  1154: 	LXI	H,FCB
01:E328 0621            	  1155: 	MVI	B,33
01:E32A CD42E0          	  1156: 	CALL	HL2DE
01:E32D 2108DC          	  1157: 	LXI	H,INBUFF+2;now move the remainder of the input
01:E330 7E              	  1158: UNKWN5	MOV	A,M	;line down to (0080h). Look for a non blank.
01:E331 B7              	  1159: 	ORA	A	;or a null.
01:E332 CA3EE3          	  1160: 	JZ	UNKWN6
01:E335 FE20            	  1161: 	CPI	' '
01:E337 CA3EE3          	  1162: 	JZ	UNKWN6
01:E33A 23              	  1163: 	INX	H
01:E33B C330E3          	  1164: 	JMP	UNKWN5
                        	  1165: ;
                        	  1166: ;   Do the line move now. It ends in a null byte.
                        	  1167: ;
01:E33E 0600            	  1168: UNKWN6	MVI	B,0	;keep a character count.
01:E340 118100          	  1169: 	LXI	D,TBUFF+1;data gets put here.
01:E343 7E              	  1170: UNKWN7	MOV	A,M	;move it now.
01:E344 12              	  1171: 	STAX	D
01:E345 B7              	  1172: 	ORA	A
01:E346 CA4FE3          	  1173: 	JZ	UNKWN8
01:E349 04              	  1174: 	INR	B
01:E34A 23              	  1175: 	INX	H
01:E34B 13              	  1176: 	INX	D
01:E34C C343E3          	  1177: 	JMP	UNKWN7
01:E34F 78              	  1178: UNKWN8	MOV	A,B	;now store the character count.
01:E350 328000          	  1179: 	STA	TBUFF
01:E353 CD98DC          	  1180: 	CALL	CRLF	;clean up the screen.
01:E356 CDD5DD          	  1181: 	CALL	STDDMA	;set standard transfer address.
01:E359 CD1ADD          	  1182: 	CALL	SETCDRV	;reset current drive.
01:E35C CD0001          	  1183: 	CALL	TBASE	;and execute the program.
                        	  1184: ;
                        	  1185: ;   Transiant programs return here (or reboot).
                        	  1186: ;
01:E35F 31ABE3          	  1187: 	LXI	SP,BATCH	;set stack first off.
01:E362 CD29DD          	  1188: 	CALL	MOVECD	;move current drive into place (TDRIVE).
01:E365 CDBDDC          	  1189: 	CALL	DSKSEL	;and reselect it.
01:E368 C382DF          	  1190: 	JMP	CMMND1	;back to comand mode.
                        	  1191: ;
                        	  1192: ;   Get here if some error occured.
                        	  1193: ;
01:E36B CD66E0          	  1194: UNKWN9	CALL	RESETDR	;inproper format.
01:E36E C309DE          	  1195: 	JMP	SYNERR
01:E371 017AE3          	  1196: UNKWN0	LXI	B,BADLOAD;read error or won't fit.
01:E374 CDA7DC          	  1197: 	CALL	PLINE
01:E377 C386E3          	  1198: 	JMP	GETBACK
01:E37A 426164206C6F6164	  1199: BADLOAD	DB	'Bad load',0
01:E382 00
01:E383 434F4D          	  1200: COMFILE	DB	'COM'	;command file extension.
                        	  1201: ;
                        	  1202: ;   Get here to return to command level. We will reset the
                        	  1203: ; previous active drive and then either return to command
                        	  1204: ; level directly or print error message and then return.
                        	  1205: ;
01:E386 CD66E0          	  1206: GETBACK	CALL	RESETDR	;reset previous drive.
01:E389 CD5EDE          	  1207: GETBACK1:CALL	CONVFST	;convert first name in (FCB).
01:E38C 3ACEE3          	  1208: 	LDA	FCB+1	;if this was just a drive change request,
01:E38F D620            	  1209: 	SUI	' '	;make sure it was valid.
01:E391 21F0E3          	  1210: 	LXI	H,CHGDRV
01:E394 B6              	  1211: 	ORA	M
01:E395 C209DE          	  1212: 	JNZ	SYNERR
01:E398 C382DF          	  1213: 	JMP	CMMND1	;ok, return to command level.
                        	  1214: ;
                        	  1215: ;   ccp stack area.
                        	  1216: ;
01:E39B 00              	  1217: 	DB	0,0,0,0,0,0,0,0,0,0,0,0,0,0,0,0
01:E39C 00
01:E39D 00
01:E39E 00
01:E39F 00
01:E3A0 00
01:E3A1 00
01:E3A2 00
01:E3A3 00
01:E3A4 00
01:E3A5 00
01:E3A6 00
01:E3A7 00
01:E3A8 00
01:E3A9 00
01:E3AA 00
                        	  1218: CCPSTACK:EQU	$	;end of ccp stack area.
                        	  1219: ;
                        	  1220: ;   Batch (or SUBMIT) processing information storage.
                        	  1221: ;
01:E3AB 00              	  1222: BATCH	DB	0	;batch mode flag (0=not active).
01:E3AC 00              	  1223: BATCHFCB:DB	0,'$$$     SUB',0,0,0,0,0,0,0,0,0,0,0,0,0,0,0,0,0,0,0,0,0
01:E3AD 2424242020202020
01:E3B5 535542
01:E3B8 00
01:E3B9 00
01:E3BA 00
01:E3BB 00
01:E3BC 00
01:E3BD 00
01:E3BE 00
01:E3BF 00
01:E3C0 00
01:E3C1 00
01:E3C2 00
01:E3C3 00
01:E3C4 00
01:E3C5 00
01:E3C6 00
01:E3C7 00
01:E3C8 00
01:E3C9 00
01:E3CA 00
01:E3CB 00
01:E3CC 00
                        	  1224: ;
                        	  1225: ;   File control block setup by the CCP.
                        	  1226: ;
01:E3CD 00              	  1227: FCB	DB	0,'           ',0,0,0,0,0,'           ',0,0,0,0,0
01:E3CE 2020202020202020
01:E3D6 202020
01:E3D9 00
01:E3DA 00
01:E3DB 00
01:E3DC 00
01:E3DD 00
01:E3DE 2020202020202020
01:E3E6 202020
01:E3E9 00
01:E3EA 00
01:E3EB 00
01:E3EC 00
01:E3ED 00
01:E3EE 00              	  1228: RTNCODE	DB	0	;status returned from bdos call.
01:E3EF 00              	  1229: CDRIVE	DB	0	;currently active drive.
01:E3F0 00              	  1230: CHGDRV	DB	0	;change in drives flag (0=no change).
01:E3F1 0000            	  1231: NBYTES	DW	0	;byte counter used by TYPE.
                        	  1232: ;
                        	  1233: ;   Room for expansion?
                        	  1234: ;
01:E3F3 00              	  1235: 	DB	0,0,0,0,0,0,0,0,0,0,0,0,0
01:E3F4 00
01:E3F5 00
01:E3F6 00
01:E3F7 00
01:E3F8 00
01:E3F9 00
01:E3FA 00
01:E3FB 00
01:E3FC 00
01:E3FD 00
01:E3FE 00
01:E3FF 00
                        	  1236: ;
                        	  1237: ;   Note that the following six bytes must match those at
                        	  1238: ; (PATTRN1) or cp/m will HALT. Why?
                        	  1239: ;
01:E400 00              	  1240: PATTRN2	DB	0,22,0,0,0,0;(* serial number bytes *).
01:E401 16
01:E402 00
01:E403 00
01:E404 00
01:E405 00
                        	  1241: ;
                        	  1242: ;**************************************************************
                        	  1243: ;*
                        	  1244: ;*                    B D O S   E N T R Y
                        	  1245: ;*
                        	  1246: ;**************************************************************
                        	  1247: ;
01:E406 C311E4          	  1248: FBASE	JMP	FBASE1
                        	  1249: ;
                        	  1250: ;   Bdos error table.
                        	  1251: ;
01:E409 99E4            	  1252: BADSCTR	DW	ERROR1	;bad sector on read or write.
01:E40B A5E4            	  1253: BADSLCT	DW	ERROR2	;bad disk select.
01:E40D ABE4            	  1254: RODISK	DW	ERROR3	;disk is read only.
01:E40F B1E4            	  1255: ROFILE	DW	ERROR4	;file is read only.
                        	  1256: ;
                        	  1257: ;   Entry into bdos. (DE) or (E) are the parameters passed. The
                        	  1258: ; function number desired is in register (C).
                        	  1259: ;
01:E411 EB              	  1260: FBASE1	XCHG		;save the (DE) parameters.
01:E412 2247E7          	  1261: 	SHLD	PARAMS
01:E415 EB              	  1262: 	XCHG
01:E416 7B              	  1263: 	MOV	A,E	;and save register (E) in particular.
01:E417 32DAF1          	  1264: 	STA	EPARAM
01:E41A 210000          	  1265: 	LXI	H,0
01:E41D 2249E7          	  1266: 	SHLD	STATUS	;clear return status.
01:E420 39              	  1267: 	DAD	SP
01:E421 2213E7          	  1268: 	SHLD	USRSTACK;save users stack pointer.
01:E424 3145E7          	  1269: 	LXI	SP,STKAREA;and set our own.
01:E427 AF              	  1270: 	XRA	A	;clear auto select storage space.
01:E428 32E4F1          	  1271: 	STA	AUTOFLAG
01:E42B 32E2F1          	  1272: 	STA	AUTO
01:E42E 2178F1          	  1273: 	LXI	H,GOBACK;set return address.
01:E431 E5              	  1274: 	PUSH	H
01:E432 79              	  1275: 	MOV	A,C	;get function number.
01:E433 FE29            	  1276: 	CPI	NFUNCTS	;valid function number?
01:E435 D0              	  1277: 	RNC
01:E436 4B              	  1278: 	MOV	C,E	;keep single register function here.
01:E437 2147E4          	  1279: 	LXI	H,FUNCTNS;now look thru the function table.
01:E43A 5F              	  1280: 	MOV	E,A
01:E43B 1600            	  1281: 	MVI	D,0	;(DE)=function number.
01:E43D 19              	  1282: 	DAD	D
01:E43E 19              	  1283: 	DAD	D	;(HL)=(start of table)+2*(function number).
01:E43F 5E              	  1284: 	MOV	E,M
01:E440 23              	  1285: 	INX	H
01:E441 56              	  1286: 	MOV	D,M	;now (DE)=address for this function.
01:E442 2A47E7          	  1287: 	LHLD	PARAMS	;retrieve parameters.
01:E445 EB              	  1288: 	XCHG		;now (DE) has the original parameters.
01:E446 E9              	  1289: 	PCHL		;execute desired function.
                        	  1290: ;
                        	  1291: ;   BDOS function jump table.
                        	  1292: ;
                        	  1293: NFUNCTS	EQU	41	;number of functions in followin table.
                        	  1294: ;
01:E447 AAF2            	  1295: FUNCTNS	DW	WBOOT,GETCON,OUTCON,GETRDR,PUNCH,LIST,DIRCIO,GETIOB
01:E449 CCE6
01:E44B 94E5
01:E44D D2E6
01:E44F 49F3
01:E451 45F3
01:E453 D8E6
01:E455 F1E6
01:E457 F7E6            	  1296: 	DW	SETIOB,PRTSTR,RDBUFF,GETCSTS,GETVER,RSTDSK,SETDSK,OPENFIL
01:E459 FCE6
01:E45B E5E5
01:E45D 02E7
01:E45F 82F0
01:E461 87F0
01:E463 49F0
01:E465 A0F0
01:E467 A9F0            	  1297: 	DW	CLOSEFIL,GETFST,GETNXT,DELFILE,READSEQ,WRTSEQ,FCREATE
01:E469 AFF0
01:E46B CCF0
01:E46D DBF0
01:E46F E4F0
01:E471 EAF0
01:E473 F0F0
01:E475 F9F0            	  1298: 	DW	RENFILE,GETLOG,GETCRNT,PUTDMA,GETALOC,WRTPRTD,GETROV,SETATTR
01:E477 02F1
01:E479 08F1
01:E47B 0EF1
01:E47D 15F1
01:E47F 30E9
01:E481 1BF1
01:E483 21F1
01:E485 2AF1            	  1299: 	DW	GETPARM,GETUSER,RDRANDOM,WTRANDOM,FILESIZE,SETRAN,LOGOFF,RTN
01:E487 31F1
01:E489 45F1
01:E48B 4BF1
01:E48D 51F1
01:E48F 12F0
01:E491 57F1
01:E493 08E7
01:E495 08E7            	  1300: 	DW	RTN,WTSPECL
01:E497 9FF1
                        	  1301: ;
                        	  1302: ;   Bdos error message section.
                        	  1303: ;
01:E499 21CEE4          	  1304: ERROR1	LXI	H,BADSEC	;bad sector message.
01:E49C CDE9E4          	  1305: 	CALL	PRTERR	;print it and get a 1 char responce.
01:E49F FE03            	  1306: 	CPI	CNTRLC	;re-boot request (control-c)?
01:E4A1 CA0000          	  1307: 	JZ	0	;yes.
01:E4A4 C9              	  1308: 	RET		;no, return to retry i/o function.
                        	  1309: ;
01:E4A5 21D9E4          	  1310: ERROR2	LXI	H,BADSEL	;bad drive selected.
01:E4A8 C3B4E4          	  1311: 	JMP	ERROR5
                        	  1312: ;
01:E4AB 21E5E4          	  1313: ERROR3	LXI	H,DISKRO	;disk is read only.
01:E4AE C3B4E4          	  1314: 	JMP	ERROR5
                        	  1315: ;
01:E4B1 21E0E4          	  1316: ERROR4	LXI	H,FILERO	;file is read only.
                        	  1317: ;
01:E4B4 CDE9E4          	  1318: ERROR5	CALL	PRTERR
01:E4B7 AF              	  1319: 	XRA	A
01:E4B8 320400          	  1320: 	STA	CDISK	;reset current disk to A: on error reboot
01:E4BB C30000          	  1321: 	JMP	0	;always reboot on these errors.
                        	  1322: ;
01:E4BE 42646F7320457272	  1323: BDOSERR	DB	'Bdos Err On '
01:E4C6 204F6E20
01:E4CA 203A2024        	  1324: BDOSDRV	DB	' : $'
01:E4CE 4261642053656374	  1325: BADSEC	DB	'Bad Sector$'
01:E4D6 6F7224
01:E4D9 53656C65637424  	  1326: BADSEL	DB	'Select$'
01:E4E0 46696C6520      	  1327: FILERO	DB	'File '
01:E4E5 522F4F24        	  1328: DISKRO	DB	'R/O$'
                        	  1329: ;
                        	  1330: ;   Print bdos error message.
                        	  1331: ;
01:E4E9 E5              	  1332: PRTERR	PUSH	H	;save second message pointer.
01:E4EA CDCDE5          	  1333: 	CALL	OUTCRLF	;send (cr)(lf).
01:E4ED 3A46E7          	  1334: 	LDA	ACTIVE	;get active drive.
01:E4F0 C641            	  1335: 	ADI	'A'	;make ascii.
01:E4F2 32CAE4          	  1336: 	STA	BDOSDRV	;and put in message.
01:E4F5 01BEE4          	  1337: 	LXI	B,BDOSERR;and print it.
01:E4F8 CDD7E5          	  1338: 	CALL	PRTMESG
01:E4FB C1              	  1339: 	POP	B	;print second message line now.
01:E4FC CDD7E5          	  1340: 	CALL	PRTMESG
                        	  1341: ;
                        	  1342: ;   Get an input character. We will check our 1 character
                        	  1343: ; buffer first. This may be set by the console status routine.
                        	  1344: ;
01:E4FF 2112E7          	  1345: GETCHAR	LXI	H,CHARBUF;check character buffer.
01:E502 7E              	  1346: 	MOV	A,M	;anything present already?
01:E503 3600            	  1347: 	MVI	M,0	;...either case clear it.
01:E505 B7              	  1348: 	ORA	A
01:E506 C0              	  1349: 	RNZ		;yes, use it.
01:E507 C323F3          	  1350: 	JMP	CONIN	;nope, go get a character responce.
                        	  1351: ;
                        	  1352: ;   Input and echo a character.
                        	  1353: ;
01:E50A CDFFE4          	  1354: GETECHO	CALL	GETCHAR	;input a character.
01:E50D CD18E5          	  1355: 	CALL	CHKCHAR	;carriage control?
01:E510 D8              	  1356: 	RC		;no, a regular control char so don't echo.
01:E511 F5              	  1357: 	PUSH	PSW	;ok, save character now.
01:E512 4F              	  1358: 	MOV	C,A
01:E513 CD94E5          	  1359: 	CALL	OUTCON	;and echo it.
01:E516 F1              	  1360: 	POP	PSW	;get character and return.
01:E517 C9              	  1361: 	RET
                        	  1362: ;
                        	  1363: ;   Check character in (A). Set the zero flag on a carriage
                        	  1364: ; control character and the carry flag on any other control
                        	  1365: ; character.
                        	  1366: ;
01:E518 FE0D            	  1367: CHKCHAR	CPI	CR	;check for carriage return, line feed, backspace,
01:E51A C8              	  1368: 	RZ		;or a tab.
01:E51B FE0A            	  1369: 	CPI	LF
01:E51D C8              	  1370: 	RZ
01:E51E FE09            	  1371: 	CPI	TAB
01:E520 C8              	  1372: 	RZ
01:E521 FE08            	  1373: 	CPI	BS
01:E523 C8              	  1374: 	RZ
01:E524 FE20            	  1375: 	CPI	' '	;other control char? Set carry flag.
01:E526 C9              	  1376: 	RET
                        	  1377: ;
                        	  1378: ;   Check the console during output. Halt on a control-s, then
                        	  1379: ; reboot on a control-c. If anything else is ready, clear the
                        	  1380: ; zero flag and return (the calling routine may want to do
                        	  1381: ; something).
                        	  1382: ;
01:E527 3A12E7          	  1383: CKCONSOL:LDA	CHARBUF	;check buffer.
01:E52A B7              	  1384: 	ORA	A	;if anything, just return without checking.
01:E52B C249E5          	  1385: 	JNZ	CKCON2
01:E52E CD13F3          	  1386: 	CALL	CONST	;nothing in buffer. Check console.
01:E531 E601            	  1387: 	ANI	01H	;look at bit 0.
01:E533 C8              	  1388: 	RZ		;return if nothing.
01:E534 CD23F3          	  1389: 	CALL	CONIN	;ok, get it.
01:E537 FE13            	  1390: 	CPI	CNTRLS	;if not control-s, return with zero cleared.
01:E539 C246E5          	  1391: 	JNZ	CKCON1
01:E53C CD23F3          	  1392: 	CALL	CONIN	;halt processing until another char
01:E53F FE03            	  1393: 	CPI	CNTRLC	;is typed. Control-c?
01:E541 CA0000          	  1394: 	JZ	0	;yes, reboot now.
01:E544 AF              	  1395: 	XRA	A	;no, just pretend nothing was ever ready.
01:E545 C9              	  1396: 	RET
01:E546 3212E7          	  1397: CKCON1	STA	CHARBUF	;save character in buffer for later processing.
01:E549 3E01            	  1398: CKCON2	MVI	A,1	;set (A) to non zero to mean something is ready.
01:E54B C9              	  1399: 	RET
                        	  1400: ;
                        	  1401: ;   Output (C) to the screen. If the printer flip-flop flag
                        	  1402: ; is set, we will send character to printer also. The console
                        	  1403: ; will be checked in the process.
                        	  1404: ;
01:E54C 3A0EE7          	  1405: OUTCHAR	LDA	OUTFLAG	;check output flag.
01:E54F B7              	  1406: 	ORA	A	;anything and we won't generate output.
01:E550 C266E5          	  1407: 	JNZ	OUTCHR1
01:E553 C5              	  1408: 	PUSH	B
01:E554 CD27E5          	  1409: 	CALL	CKCONSOL;check console (we don't care whats there).
01:E557 C1              	  1410: 	POP	B
01:E558 C5              	  1411: 	PUSH	B
01:E559 CD35F3          	  1412: 	CALL	CONOUT	;output (C) to the screen.
01:E55C C1              	  1413: 	POP	B
01:E55D C5              	  1414: 	PUSH	B
01:E55E 3A11E7          	  1415: 	LDA	PRTFLAG	;check printer flip-flop flag.
01:E561 B7              	  1416: 	ORA	A
01:E562 C445F3          	  1417: 	CNZ	LIST	;print it also if non-zero.
01:E565 C1              	  1418: 	POP	B
01:E566 79              	  1419: OUTCHR1	MOV	A,C	;update cursors position.
01:E567 2110E7          	  1420: 	LXI	H,CURPOS
01:E56A FE7F            	  1421: 	CPI	DEL	;rubouts don't do anything here.
01:E56C C8              	  1422: 	RZ
01:E56D 34              	  1423: 	INR	M	;bump line pointer.
01:E56E FE20            	  1424: 	CPI	' '	;and return if a normal character.
01:E570 D0              	  1425: 	RNC
01:E571 35              	  1426: 	DCR	M	;restore and check for the start of the line.
01:E572 7E              	  1427: 	MOV	A,M
01:E573 B7              	  1428: 	ORA	A
01:E574 C8              	  1429: 	RZ		;ingnore control characters at the start of the line.
01:E575 79              	  1430: 	MOV	A,C
01:E576 FE08            	  1431: 	CPI	BS	;is it a backspace?
01:E578 C27DE5          	  1432: 	JNZ	OUTCHR2
01:E57B 35              	  1433: 	DCR	M	;yes, backup pointer.
01:E57C C9              	  1434: 	RET
01:E57D FE0A            	  1435: OUTCHR2	CPI	LF	;is it a line feed?
01:E57F C0              	  1436: 	RNZ		;ignore anything else.
01:E580 3600            	  1437: 	MVI	M,0	;reset pointer to start of line.
01:E582 C9              	  1438: 	RET
                        	  1439: ;
                        	  1440: ;   Output (A) to the screen. If it is a control character
                        	  1441: ; (other than carriage control), use ^x format.
                        	  1442: ;
01:E583 79              	  1443: SHOWIT	MOV	A,C
01:E584 CD18E5          	  1444: 	CALL	CHKCHAR	;check character.
01:E587 D294E5          	  1445: 	JNC	OUTCON	;not a control, use normal output.
01:E58A F5              	  1446: 	PUSH	PSW
01:E58B 0E5E            	  1447: 	MVI	C,'^'	;for a control character, preceed it with '^'.
01:E58D CD4CE5          	  1448: 	CALL	OUTCHAR
01:E590 F1              	  1449: 	POP	PSW
01:E591 F640            	  1450: 	ORI	'@'	;and then use the letter equivelant.
01:E593 4F              	  1451: 	MOV	C,A
                        	  1452: ;
                        	  1453: ;   Function to output (C) to the console device and expand tabs
                        	  1454: ; if necessary.
                        	  1455: ;
01:E594 79              	  1456: OUTCON	MOV	A,C
01:E595 FE09            	  1457: 	CPI	TAB	;is it a tab?
01:E597 C24CE5          	  1458: 	JNZ	OUTCHAR	;use regular output.
01:E59A 0E20            	  1459: OUTCON1	MVI	C,' '	;yes it is, use spaces instead.
01:E59C CD4CE5          	  1460: 	CALL	OUTCHAR
01:E59F 3A10E7          	  1461: 	LDA	CURPOS	;go until the cursor is at a multiple of 8
                        	  1462: 
01:E5A2 E607            	  1463: 	ANI	07H	;position.
01:E5A4 C29AE5          	  1464: 	JNZ	OUTCON1
01:E5A7 C9              	  1465: 	RET
                        	  1466: ;
                        	  1467: ;   Echo a backspace character. Erase the prevoius character
                        	  1468: ; on the screen.
                        	  1469: ;
01:E5A8 CDB0E5          	  1470: BACKUP	CALL	BACKUP1	;backup the screen 1 place.
01:E5AB 0E20            	  1471: 	MVI	C,' '	;then blank that character.
01:E5AD CD35F3          	  1472: 	CALL	CONOUT
01:E5B0 0E08            	  1473: BACKUP1	MVI	C,BS	;then back space once more.
01:E5B2 C335F3          	  1474: 	JMP	CONOUT
                        	  1475: ;
                        	  1476: ;   Signal a deleted line. Print a '#' at the end and start
                        	  1477: ; over.
                        	  1478: ;
01:E5B5 0E23            	  1479: NEWLINE	MVI	C,'#'
01:E5B7 CD4CE5          	  1480: 	CALL	OUTCHAR	;print this.
01:E5BA CDCDE5          	  1481: 	CALL	OUTCRLF	;start new line.
01:E5BD 3A10E7          	  1482: NEWLN1	LDA	CURPOS	;move the cursor to the starting position.
01:E5C0 210FE7          	  1483: 	LXI	H,STARTING
01:E5C3 BE              	  1484: 	CMP	M
01:E5C4 D0              	  1485: 	RNC		;there yet?
01:E5C5 0E20            	  1486: 	MVI	C,' '
01:E5C7 CD4CE5          	  1487: 	CALL	OUTCHAR	;nope, keep going.
01:E5CA C3BDE5          	  1488: 	JMP	NEWLN1
                        	  1489: ;
                        	  1490: ;   Output a (cr) (lf) to the console device (screen).
                        	  1491: ;
01:E5CD 0E0D            	  1492: OUTCRLF	MVI	C,CR
01:E5CF CD4CE5          	  1493: 	CALL	OUTCHAR
01:E5D2 0E0A            	  1494: 	MVI	C,LF
01:E5D4 C34CE5          	  1495: 	JMP	OUTCHAR
                        	  1496: ;
                        	  1497: ;   Print message pointed to by (BC). It will end with a '$'.
                        	  1498: ;
01:E5D7 0A              	  1499: PRTMESG	LDAX	B	;check for terminating character.
01:E5D8 FE24            	  1500: 	CPI	'$'
01:E5DA C8              	  1501: 	RZ
01:E5DB 03              	  1502: 	INX	B
01:E5DC C5              	  1503: 	PUSH	B	;otherwise, bump pointer and print it.
01:E5DD 4F              	  1504: 	MOV	C,A
01:E5DE CD94E5          	  1505: 	CALL	OUTCON
01:E5E1 C1              	  1506: 	POP	B
01:E5E2 C3D7E5          	  1507: 	JMP	PRTMESG
                        	  1508: ;
                        	  1509: ;   Function to execute a buffered read.
                        	  1510: ;
01:E5E5 3A10E7          	  1511: RDBUFF	LDA	CURPOS	;use present location as starting one.
01:E5E8 320FE7          	  1512: 	STA	STARTING
01:E5EB 2A47E7          	  1513: 	LHLD	PARAMS	;get the maximum buffer space.
01:E5EE 4E              	  1514: 	MOV	C,M
01:E5EF 23              	  1515: 	INX	H	;point to first available space.
01:E5F0 E5              	  1516: 	PUSH	H	;and save.
01:E5F1 0600            	  1517: 	MVI	B,0	;keep a character count.
01:E5F3 C5              	  1518: RDBUF1	PUSH	B
01:E5F4 E5              	  1519: 	PUSH	H
01:E5F5 CDFFE4          	  1520: RDBUF2	CALL	GETCHAR	;get the next input character.
01:E5F8 E67F            	  1521: 	ANI	7FH	;strip bit 7.
01:E5FA E1              	  1522: 	POP	H	;reset registers.
01:E5FB C1              	  1523: 	POP	B
01:E5FC FE0D            	  1524: 	CPI	CR	;en of the line?
01:E5FE CAC5E6          	  1525: 	JZ	RDBUF17
01:E601 FE0A            	  1526: 	CPI	LF
01:E603 CAC5E6          	  1527: 	JZ	RDBUF17
01:E606 FE08            	  1528: 	CPI	BS	;how about a backspace?
01:E608 C21AE6          	  1529: 	JNZ	RDBUF3
01:E60B 78              	  1530: 	MOV	A,B	;yes, but ignore at the beginning of the line.
01:E60C B7              	  1531: 	ORA	A
01:E60D CAF3E5          	  1532: 	JZ	RDBUF1
01:E610 05              	  1533: 	DCR	B	;ok, update counter.
01:E611 3A10E7          	  1534: 	LDA	CURPOS	;if we backspace to the start of the line,
01:E614 320EE7          	  1535: 	STA	OUTFLAG	;treat as a cancel (control-x).
01:E617 C374E6          	  1536: 	JMP	RDBUF10
01:E61A FE7F            	  1537: RDBUF3	CPI	DEL	;user typed a rubout?
01:E61C C22AE6          	  1538: 	JNZ	RDBUF4
01:E61F 78              	  1539: 	MOV	A,B	;ignore at the start of the line.
01:E620 B7              	  1540: 	ORA	A
01:E621 CAF3E5          	  1541: 	JZ	RDBUF1
01:E624 7E              	  1542: 	MOV	A,M	;ok, echo the prevoius character.
01:E625 05              	  1543: 	DCR	B	;and reset pointers (counters).
01:E626 2B              	  1544: 	DCX	H
01:E627 C3ADE6          	  1545: 	JMP	RDBUF15
01:E62A FE05            	  1546: RDBUF4	CPI	CNTRLE	;physical end of line?
01:E62C C23BE6          	  1547: 	JNZ	RDBUF5
01:E62F C5              	  1548: 	PUSH	B	;yes, do it.
01:E630 E5              	  1549: 	PUSH	H
01:E631 CDCDE5          	  1550: 	CALL	OUTCRLF
01:E634 AF              	  1551: 	XRA	A	;and update starting position.
01:E635 320FE7          	  1552: 	STA	STARTING
01:E638 C3F5E5          	  1553: 	JMP	RDBUF2
01:E63B FE10            	  1554: RDBUF5	CPI	CNTRLP	;control-p?
01:E63D C24CE6          	  1555: 	JNZ	RDBUF6
01:E640 E5              	  1556: 	PUSH	H	;yes, flip the print flag filp-flop byte.
01:E641 2111E7          	  1557: 	LXI	H,PRTFLAG
01:E644 3E01            	  1558: 	MVI	A,1	;PRTFLAG=1-PRTFLAG
01:E646 96              	  1559: 	SUB	M
01:E647 77              	  1560: 	MOV	M,A
01:E648 E1              	  1561: 	POP	H
01:E649 C3F3E5          	  1562: 	JMP	RDBUF1
01:E64C FE18            	  1563: RDBUF6	CPI	CNTRLX	;control-x (cancel)?
01:E64E C263E6          	  1564: 	JNZ	RDBUF8
01:E651 E1              	  1565: 	POP	H
01:E652 3A0FE7          	  1566: RDBUF7	LDA	STARTING;yes, backup the cursor to here.
01:E655 2110E7          	  1567: 	LXI	H,CURPOS
01:E658 BE              	  1568: 	CMP	M
01:E659 D2E5E5          	  1569: 	JNC	RDBUFF	;done yet?
01:E65C 35              	  1570: 	DCR	M	;no, decrement pointer and output back up one space.
01:E65D CDA8E5          	  1571: 	CALL	BACKUP
01:E660 C352E6          	  1572: 	JMP	RDBUF7
01:E663 FE15            	  1573: RDBUF8	CPI	CNTRLU	;cntrol-u (cancel line)?
01:E665 C26FE6          	  1574: 	JNZ	RDBUF9
01:E668 CDB5E5          	  1575: 	CALL	NEWLINE	;start a new line.
01:E66B E1              	  1576: 	POP	H
01:E66C C3E5E5          	  1577: 	JMP	RDBUFF
01:E66F FE12            	  1578: RDBUF9	CPI	CNTRLR	;control-r?
01:E671 C2AAE6          	  1579: 	JNZ	RDBUF14
01:E674 C5              	  1580: RDBUF10	PUSH	B	;yes, start a new line and retype the old one.
01:E675 CDB5E5          	  1581: 	CALL	NEWLINE
01:E678 C1              	  1582: 	POP	B
01:E679 E1              	  1583: 	POP	H
01:E67A E5              	  1584: 	PUSH	H
01:E67B C5              	  1585: 	PUSH	B
01:E67C 78              	  1586: RDBUF11	MOV	A,B	;done whole line yet?
01:E67D B7              	  1587: 	ORA	A
01:E67E CA8EE6          	  1588: 	JZ	RDBUF12
01:E681 23              	  1589: 	INX	H	;nope, get next character.
01:E682 4E              	  1590: 	MOV	C,M
01:E683 05              	  1591: 	DCR	B	;count it.
01:E684 C5              	  1592: 	PUSH	B
01:E685 E5              	  1593: 	PUSH	H
01:E686 CD83E5          	  1594: 	CALL	SHOWIT	;and display it.
01:E689 E1              	  1595: 	POP	H
01:E68A C1              	  1596: 	POP	B
01:E68B C37CE6          	  1597: 	JMP	RDBUF11
01:E68E E5              	  1598: RDBUF12	PUSH	H	;done with line. If we were displaying
01:E68F 3A0EE7          	  1599: 	LDA	OUTFLAG	;then update cursor position.
01:E692 B7              	  1600: 	ORA	A
01:E693 CAF5E5          	  1601: 	JZ	RDBUF2
01:E696 2110E7          	  1602: 	LXI	H,CURPOS;because this line is shorter, we must
01:E699 96              	  1603: 	SUB	M	;back up the cursor (not the screen however)
01:E69A 320EE7          	  1604: 	STA	OUTFLAG	;some number of positions.
01:E69D CDA8E5          	  1605: RDBUF13	CALL	BACKUP	;note that as long as (OUTFLAG) is non
01:E6A0 210EE7          	  1606: 	LXI	H,OUTFLAG;zero, the screen will not be changed.
01:E6A3 35              	  1607: 	DCR	M
01:E6A4 C29DE6          	  1608: 	JNZ	RDBUF13
01:E6A7 C3F5E5          	  1609: 	JMP	RDBUF2	;now just get the next character.
                        	  1610: ;
                        	  1611: ;   Just a normal character, put this in our buffer and echo.
                        	  1612: ;
01:E6AA 23              	  1613: RDBUF14	INX	H
01:E6AB 77              	  1614: 	MOV	M,A	;store character.
01:E6AC 04              	  1615: 	INR	B	;and count it.
01:E6AD C5              	  1616: RDBUF15	PUSH	B
01:E6AE E5              	  1617: 	PUSH	H
01:E6AF 4F              	  1618: 	MOV	C,A	;echo it now.
01:E6B0 CD83E5          	  1619: 	CALL	SHOWIT
01:E6B3 E1              	  1620: 	POP	H
01:E6B4 C1              	  1621: 	POP	B
01:E6B5 7E              	  1622: 	MOV	A,M	;was it an abort request?
01:E6B6 FE03            	  1623: 	CPI	CNTRLC	;control-c abort?
01:E6B8 78              	  1624: 	MOV	A,B
01:E6B9 C2C1E6          	  1625: 	JNZ	RDBUF16
01:E6BC FE01            	  1626: 	CPI	1	;only if at start of line.
01:E6BE CA0000          	  1627: 	JZ	0
01:E6C1 B9              	  1628: RDBUF16	CMP	C	;nope, have we filled the buffer?
01:E6C2 DAF3E5          	  1629: 	JC	RDBUF1
01:E6C5 E1              	  1630: RDBUF17	POP	H	;yes end the line and return.
01:E6C6 70              	  1631: 	MOV	M,B
01:E6C7 0E0D            	  1632: 	MVI	C,CR
01:E6C9 C34CE5          	  1633: 	JMP	OUTCHAR	;output (cr) and return.
                        	  1634: ;
                        	  1635: ;   Function to get a character from the console device.
                        	  1636: ;
01:E6CC CD0AE5          	  1637: GETCON	CALL	GETECHO	;get and echo.
01:E6CF C305E7          	  1638: 	JMP	SETSTAT	;save status and return.
                        	  1639: ;
                        	  1640: ;   Function to get a character from the tape reader device.
                        	  1641: ;
01:E6D2 CD4BF3          	  1642: GETRDR	CALL	READER	;get a character from reader, set status and return.
01:E6D5 C305E7          	  1643: 	JMP	SETSTAT
                        	  1644: ;
                        	  1645: ;  Function to perform direct console i/o. If (C) contains (FF)
                        	  1646: ; then this is an input request. If (C) contains (FE) then
                        	  1647: ; this is a status request. Otherwise we are to output (C).
                        	  1648: ;
01:E6D8 79              	  1649: DIRCIO	MOV	A,C	;test for (FF).
01:E6D9 3C              	  1650: 	INR	A
01:E6DA CAE4E6          	  1651: 	JZ	DIRC1
01:E6DD 3C              	  1652: 	INR	A	;test for (FE).
01:E6DE CA13F3          	  1653: 	JZ	CONST
01:E6E1 C335F3          	  1654: 	JMP	CONOUT	;just output (C).
01:E6E4 CD13F3          	  1655: DIRC1	CALL	CONST	;this is an input request.
01:E6E7 B7              	  1656: 	ORA	A
01:E6E8 CA95F1          	  1657: 	JZ	GOBACK1	;not ready? Just return (directly).
01:E6EB CD23F3          	  1658: 	CALL	CONIN	;yes, get character.
01:E6EE C305E7          	  1659: 	JMP	SETSTAT	;set status and return.
                        	  1660: ;
                        	  1661: ;   Function to return the i/o byte.
                        	  1662: ;
01:E6F1 3A0300          	  1663: GETIOB	LDA	IOBYTE
01:E6F4 C305E7          	  1664: 	JMP	SETSTAT
                        	  1665: ;
                        	  1666: ;   Function to set the i/o byte.
                        	  1667: ;
01:E6F7 210300          	  1668: SETIOB	LXI	H,IOBYTE
01:E6FA 71              	  1669: 	MOV	M,C
01:E6FB C9              	  1670: 	RET
                        	  1671: ;
                        	  1672: ;   Function to print the character string pointed to by (DE)
                        	  1673: ; on the console device. The string ends with a '$'.
                        	  1674: ;
01:E6FC EB              	  1675: PRTSTR	XCHG
01:E6FD 4D              	  1676: 	MOV	C,L
01:E6FE 44              	  1677: 	MOV	B,H	;now (BC) points to it.
01:E6FF C3D7E5          	  1678: 	JMP	PRTMESG
                        	  1679: ;
                        	  1680: ;   Function to interigate the console device.
                        	  1681: ;
01:E702 CD27E5          	  1682: GETCSTS	CALL	CKCONSOL
                        	  1683: ;
                        	  1684: ;   Get here to set the status and return to the cleanup
                        	  1685: ; section. Then back to the user.
                        	  1686: ;
01:E705 3249E7          	  1687: SETSTAT	STA	STATUS
01:E708 C9              	  1688: RTN	RET
                        	  1689: ;
                        	  1690: ;   Set the status to 1 (read or write error code).
                        	  1691: ;
01:E709 3E01            	  1692: IOERR1	MVI	A,1
01:E70B C305E7          	  1693: 	JMP	SETSTAT
                        	  1694: ;
01:E70E 00              	  1695: OUTFLAG	DB	0	;output flag (non zero means no output).
01:E70F 02              	  1696: STARTING:DB	2	;starting position for cursor.
01:E710 00              	  1697: CURPOS	DB	0	;cursor position (0=start of line).
01:E711 00              	  1698: PRTFLAG	DB	0	;printer flag (control-p toggle). List if non zero.
01:E712 00              	  1699: CHARBUF	DB	0	;single input character buffer.
                        	  1700: ;
                        	  1701: ;   Stack area for BDOS calls.
                        	  1702: ;
01:E713 0000            	  1703: USRSTACK:DW	0	;save users stack pointer here.
                        	  1704: ;
01:E715 00              	  1705: 	DB	0,0,0,0,0,0,0,0,0,0,0,0,0,0,0,0,0,0,0,0,0,0,0,0
01:E716 00
01:E717 00
01:E718 00
01:E719 00
01:E71A 00
01:E71B 00
01:E71C 00
01:E71D 00
01:E71E 00
01:E71F 00
01:E720 00
01:E721 00
01:E722 00
01:E723 00
01:E724 00
01:E725 00
01:E726 00
01:E727 00
01:E728 00
01:E729 00
01:E72A 00
01:E72B 00
01:E72C 00
01:E72D 00              	  1706: 	DB	0,0,0,0,0,0,0,0,0,0,0,0,0,0,0,0,0,0,0,0,0,0,0,0
01:E72E 00
01:E72F 00
01:E730 00
01:E731 00
01:E732 00
01:E733 00
01:E734 00
01:E735 00
01:E736 00
01:E737 00
01:E738 00
01:E739 00
01:E73A 00
01:E73B 00
01:E73C 00
01:E73D 00
01:E73E 00
01:E73F 00
01:E740 00
01:E741 00
01:E742 00
01:E743 00
01:E744 00
                        	  1707: STKAREA	EQU	$	;end of stack area.
                        	  1708: ;
01:E745 00              	  1709: USERNO	DB	0	;current user number.
01:E746 00              	  1710: ACTIVE	DB	0	;currently active drive.
01:E747 0000            	  1711: PARAMS	DW	0	;save (DE) parameters here on entry.
01:E749 0000            	  1712: STATUS	DW	0	;status returned from bdos function.
                        	  1713: ;
                        	  1714: ;   Select error occured, jump to error routine.
                        	  1715: ;
01:E74B 210BE4          	  1716: SLCTERR	LXI	H,BADSLCT
                        	  1717: ;
                        	  1718: ;   Jump to (HL) indirectly.
                        	  1719: ;
01:E74E 5E              	  1720: JUMPHL	MOV	E,M
01:E74F 23              	  1721: 	INX	H
01:E750 56              	  1722: 	MOV	D,M	;now (DE) contain the desired address.
01:E751 EB              	  1723: 	XCHG
01:E752 E9              	  1724: 	PCHL
                        	  1725: ;
                        	  1726: ;   Block move. (DE) to (HL), (C) bytes total.
                        	  1727: ;
01:E753 0C              	  1728: DE2HL	INR	C	;is count down to zero?
01:E754 0D              	  1729: DE2HL1	DCR	C
01:E755 C8              	  1730: 	RZ		;yes, we are done.
01:E756 1A              	  1731: 	LDAX	D	;no, move one more byte.
01:E757 77              	  1732: 	MOV	M,A
01:E758 13              	  1733: 	INX	D
01:E759 23              	  1734: 	INX	H
01:E75A C354E7          	  1735: 	JMP	DE2HL1	;and repeat.
                        	  1736: ;
                        	  1737: ;   Select the desired drive.
                        	  1738: ;
01:E75D 3A46E7          	  1739: SELECT	LDA	ACTIVE	;get active disk.
01:E760 4F              	  1740: 	MOV	C,A
01:E761 CD56F3          	  1741: 	CALL	SELDSK	;select it.
01:E764 7C              	  1742: 	MOV	A,H	;valid drive?
01:E765 B5              	  1743: 	ORA	L	;valid drive?
01:E766 C8              	  1744: 	RZ		;return if not.
                        	  1745: ;
                        	  1746: ;   Here, the BIOS returned the address of the parameter block
                        	  1747: ; in (HL). We will extract the necessary pointers and save them.
                        	  1748: ;
01:E767 5E              	  1749: 	MOV	E,M	;yes, get address of translation table into (DE).
01:E768 23              	  1750: 	INX	H
01:E769 56              	  1751: 	MOV	D,M
01:E76A 23              	  1752: 	INX	H
01:E76B 22B7F1          	  1753: 	SHLD	SCRATCH1	;save pointers to scratch areas.
01:E76E 23              	  1754: 	INX	H
01:E76F 23              	  1755: 	INX	H
01:E770 22B9F1          	  1756: 	SHLD	SCRATCH2	;ditto.
01:E773 23              	  1757: 	INX	H
01:E774 23              	  1758: 	INX	H
01:E775 22BBF1          	  1759: 	SHLD	SCRATCH3	;ditto.
01:E778 23              	  1760: 	INX	H
01:E779 23              	  1761: 	INX	H
01:E77A EB              	  1762: 	XCHG		;now save the translation table address.
01:E77B 22D4F1          	  1763: 	SHLD	XLATE
01:E77E 21BDF1          	  1764: 	LXI	H,DIRBUF	;put the next 8 bytes here.
01:E781 0E08            	  1765: 	MVI	C,8	;they consist of the directory buffer
01:E783 CD53E7          	  1766: 	CALL	DE2HL	;pointer, parameter block pointer,
01:E786 2ABFF1          	  1767: 	LHLD	DISKPB	;check and allocation vectors.
01:E789 EB              	  1768: 	XCHG
01:E78A 21C5F1          	  1769: 	LXI	H,SECTORS	;move parameter block into our ram.
01:E78D 0E0F            	  1770: 	MVI	C,15	;it is 15 bytes long.
01:E78F CD53E7          	  1771: 	CALL	DE2HL
01:E792 2ACAF1          	  1772: 	LHLD	DSKSIZE	;check disk size.
01:E795 7C              	  1773: 	MOV	A,H	;more than 256 blocks on this?
01:E796 21E1F1          	  1774: 	LXI	H,BIGDISK
01:E799 36FF            	  1775: 	MVI	M,0FFH	;set to samll.
01:E79B B7              	  1776: 	ORA	A
01:E79C CAA1E7          	  1777: 	JZ	SELECT1
01:E79F 3600            	  1778: 	MVI	M,0	;wrong, set to large.
01:E7A1 3EFF            	  1779: SELECT1	MVI	A,0FFH	;clear the zero flag.
01:E7A3 B7              	  1780: 	ORA	A
01:E7A4 C9              	  1781: 	RET
                        	  1782: ;
                        	  1783: ;   Routine to home the disk track head and clear pointers.
                        	  1784: ;
01:E7A5 CD50F3          	  1785: HOMEDRV	CALL	HOME	;home the head.
01:E7A8 AF              	  1786: 	XRA	A
01:E7A9 2AB9F1          	  1787: 	LHLD	SCRATCH2;set our track pointer also.
01:E7AC 77              	  1788: 	MOV	M,A
01:E7AD 23              	  1789: 	INX	H
01:E7AE 77              	  1790: 	MOV	M,A
01:E7AF 2ABBF1          	  1791: 	LHLD	SCRATCH3;and our sector pointer.
01:E7B2 77              	  1792: 	MOV	M,A
01:E7B3 23              	  1793: 	INX	H
01:E7B4 77              	  1794: 	MOV	M,A
01:E7B5 C9              	  1795: 	RET
                        	  1796: ;
                        	  1797: ;   Do the actual disk read and check the error return status.
                        	  1798: ;
01:E7B6 CDBBF3          	  1799: DOREAD	CALL	READ
01:E7B9 C3BFE7          	  1800: 	JMP	IORET
                        	  1801: ;
                        	  1802: ;   Do the actual disk write and handle any bios error.
                        	  1803: ;
01:E7BC CDC3F3          	  1804: DOWRITE	CALL	WRITE
01:E7BF B7              	  1805: IORET	ORA	A
01:E7C0 C8              	  1806: 	RZ		;return unless an error occured.
01:E7C1 2109E4          	  1807: 	LXI	H,BADSCTR;bad read/write on this sector.
01:E7C4 C34EE7          	  1808: 	JMP	JUMPHL
                        	  1809: ;
                        	  1810: ;   Routine to select the track and sector that the desired
                        	  1811: ; block number falls in.
                        	  1812: ;
01:E7C7 2AEEF1          	  1813: TRKSEC	LHLD	FILEPOS	;get position of last accessed file
01:E7CA 0E02            	  1814: 	MVI	C,2	;in directory and compute sector #.
01:E7CC CDEEE8          	  1815: 	CALL	SHIFTR	;sector #=file-position/4.
01:E7CF 22E9F1          	  1816: 	SHLD	BLKNMBR	;save this as the block number of interest.
01:E7D2 22F0F1          	  1817: 	SHLD	CKSUMTBL;what's it doing here too?
                        	  1818: ;
                        	  1819: ;   if the sector number has already been set (BLKNMBR), enter
                        	  1820: ; at this point.
                        	  1821: ;
01:E7D5 21E9F1          	  1822: TRKSEC1	LXI	H,BLKNMBR
01:E7D8 4E              	  1823: 	MOV	C,M	;move sector number into (BC).
01:E7D9 23              	  1824: 	INX	H
01:E7DA 46              	  1825: 	MOV	B,M
01:E7DB 2ABBF1          	  1826: 	LHLD	SCRATCH3;get current sector number and
01:E7DE 5E              	  1827: 	MOV	E,M	;move this into (DE).
01:E7DF 23              	  1828: 	INX	H
01:E7E0 56              	  1829: 	MOV	D,M
01:E7E1 2AB9F1          	  1830: 	LHLD	SCRATCH2;get current track number.
01:E7E4 7E              	  1831: 	MOV	A,M	;and this into (HL).
01:E7E5 23              	  1832: 	INX	H
01:E7E6 66              	  1833: 	MOV	H,M
01:E7E7 6F              	  1834: 	MOV	L,A
01:E7E8 79              	  1835: TRKSEC2	MOV	A,C	;is desired sector before current one?
01:E7E9 93              	  1836: 	SUB	E
01:E7EA 78              	  1837: 	MOV	A,B
01:E7EB 9A              	  1838: 	SBB	D
01:E7EC D2FEE7          	  1839: 	JNC	TRKSEC3
01:E7EF E5              	  1840: 	PUSH	H	;yes, decrement sectors by one track.
01:E7F0 2AC5F1          	  1841: 	LHLD	SECTORS	;get sectors per track.
01:E7F3 7B              	  1842: 	MOV	A,E
01:E7F4 95              	  1843: 	SUB	L
01:E7F5 5F              	  1844: 	MOV	E,A
01:E7F6 7A              	  1845: 	MOV	A,D
01:E7F7 9C              	  1846: 	SBB	H
01:E7F8 57              	  1847: 	MOV	D,A	;now we have backed up one full track.
01:E7F9 E1              	  1848: 	POP	H
01:E7FA 2B              	  1849: 	DCX	H	;adjust track counter.
01:E7FB C3E8E7          	  1850: 	JMP	TRKSEC2
01:E7FE E5              	  1851: TRKSEC3	PUSH	H	;desired sector is after current one.
01:E7FF 2AC5F1          	  1852: 	LHLD	SECTORS	;get sectors per track.
01:E802 19              	  1853: 	DAD	D	;bump sector pointer to next track.
01:E803 DA13E8          	  1854: 	JC	TRKSEC4
01:E806 79              	  1855: 	MOV	A,C	;is desired sector now before current one?
01:E807 95              	  1856: 	SUB	L
01:E808 78              	  1857: 	MOV	A,B
01:E809 9C              	  1858: 	SBB	H
01:E80A DA13E8          	  1859: 	JC	TRKSEC4
01:E80D EB              	  1860: 	XCHG		;not yes, increment track counter
01:E80E E1              	  1861: 	POP	H	;and continue until it is.
01:E80F 23              	  1862: 	INX	H
01:E810 C3FEE7          	  1863: 	JMP	TRKSEC3
                        	  1864: ;
                        	  1865: ;   here we have determined the track number that contains the
                        	  1866: ; desired sector.
                        	  1867: ;
01:E813 E1              	  1868: TRKSEC4	POP	H	;get track number (HL).
01:E814 C5              	  1869: 	PUSH	B
01:E815 D5              	  1870: 	PUSH	D
01:E816 E5              	  1871: 	PUSH	H
01:E817 EB              	  1872: 	XCHG
01:E818 2AD2F1          	  1873: 	LHLD	OFFSET	;adjust for first track offset.
01:E81B 19              	  1874: 	DAD	D
01:E81C 44              	  1875: 	MOV	B,H
01:E81D 4D              	  1876: 	MOV	C,L
01:E81E CD75F3          	  1877: 	CALL	SETTRK	;select this track.
01:E821 D1              	  1878: 	POP	D	;reset current track pointer.
01:E822 2AB9F1          	  1879: 	LHLD	SCRATCH2
01:E825 73              	  1880: 	MOV	M,E
01:E826 23              	  1881: 	INX	H
01:E827 72              	  1882: 	MOV	M,D
01:E828 D1              	  1883: 	POP	D
01:E829 2ABBF1          	  1884: 	LHLD	SCRATCH3;reset the first sector on this track.
01:E82C 73              	  1885: 	MOV	M,E
01:E82D 23              	  1886: 	INX	H
01:E82E 72              	  1887: 	MOV	M,D
01:E82F C1              	  1888: 	POP	B
01:E830 79              	  1889: 	MOV	A,C	;now subtract the desired one.
01:E831 93              	  1890: 	SUB	E	;to make it relative (1-# sectors/track).
01:E832 4F              	  1891: 	MOV	C,A
01:E833 78              	  1892: 	MOV	A,B
01:E834 9A              	  1893: 	SBB	D
01:E835 47              	  1894: 	MOV	B,A
01:E836 2AD4F1          	  1895: 	LHLD	XLATE	;translate this sector according to this table.
01:E839 EB              	  1896: 	XCHG
01:E83A CD9FF3          	  1897: 	CALL	SECTRN	;let the bios translate it.
01:E83D 4D              	  1898: 	MOV	C,L
01:E83E 44              	  1899: 	MOV	B,H
01:E83F C38AF3          	  1900: 	JMP	SETSEC	;and select it.
                        	  1901: ;
                        	  1902: ;   Compute block number from record number (SAVNREC) and
                        	  1903: ; extent number (SAVEXT).
                        	  1904: ;
01:E842 21C7F1          	  1905: GETBLOCK:LXI	H,BLKSHFT;get logical to physical conversion.
01:E845 4E              	  1906: 	MOV	C,M	;note that this is base 2 log of ratio.
01:E846 3AE7F1          	  1907: 	LDA	SAVNREC	;get record number.
01:E849 B7              	  1908: GETBLK1	ORA	A	;compute (A)=(A)/2^BLKSHFT.
01:E84A 1F              	  1909: 	RAR
01:E84B 0D              	  1910: 	DCR	C
01:E84C C249E8          	  1911: 	JNZ	GETBLK1
01:E84F 47              	  1912: 	MOV	B,A	;save result in (B).
01:E850 3E08            	  1913: 	MVI	A,8
01:E852 96              	  1914: 	SUB	M
01:E853 4F              	  1915: 	MOV	C,A	;compute (C)=8-BLKSHFT.
01:E854 3AE6F1          	  1916: 	LDA	SAVEXT
01:E857 0D              	  1917: GETBLK2	DCR	C	;compute (A)=SAVEXT*2^(8-BLKSHFT).
01:E858 CA60E8          	  1918: 	JZ	GETBLK3
01:E85B B7              	  1919: 	ORA	A
01:E85C 17              	  1920: 	RAL
01:E85D C357E8          	  1921: 	JMP	GETBLK2
01:E860 80              	  1922: GETBLK3	ADD	B
01:E861 C9              	  1923: 	RET
                        	  1924: ;
                        	  1925: ;   Routine to extract the (BC) block byte from the fcb pointed
                        	  1926: ; to by (PARAMS). If this is a big-disk, then these are 16 bit
                        	  1927: ; block numbers, else they are 8 bit numbers.
                        	  1928: ; Number is returned in (HL).
                        	  1929: ;
01:E862 2A47E7          	  1930: EXTBLK	LHLD	PARAMS	;get fcb address.
01:E865 111000          	  1931: 	LXI	D,16	;block numbers start 16 bytes into fcb.
01:E868 19              	  1932: 	DAD	D
01:E869 09              	  1933: 	DAD	B
01:E86A 3AE1F1          	  1934: 	LDA	BIGDISK	;are we using a big-disk?
01:E86D B7              	  1935: 	ORA	A
01:E86E CA75E8          	  1936: 	JZ	EXTBLK1
01:E871 6E              	  1937: 	MOV	L,M	;no, extract an 8 bit number from the fcb.
01:E872 2600            	  1938: 	MVI	H,0
01:E874 C9              	  1939: 	RET
01:E875 09              	  1940: EXTBLK1	DAD	B	;yes, extract a 16 bit number.
01:E876 5E              	  1941: 	MOV	E,M
01:E877 23              	  1942: 	INX	H
01:E878 56              	  1943: 	MOV	D,M
01:E879 EB              	  1944: 	XCHG		;return in (HL).
01:E87A C9              	  1945: 	RET
                        	  1946: ;
                        	  1947: ;   Compute block number.
                        	  1948: ;
01:E87B CD42E8          	  1949: COMBLK	CALL	GETBLOCK
01:E87E 4F              	  1950: 	MOV	C,A
01:E87F 0600            	  1951: 	MVI	B,0
01:E881 CD62E8          	  1952: 	CALL	EXTBLK
01:E884 22E9F1          	  1953: 	SHLD	BLKNMBR
01:E887 C9              	  1954: 	RET
                        	  1955: ;
                        	  1956: ;   Check for a zero block number (unused).
                        	  1957: ;
01:E888 2AE9F1          	  1958: CHKBLK	LHLD	BLKNMBR
01:E88B 7D              	  1959: 	MOV	A,L	;is it zero?
01:E88C B4              	  1960: 	ORA	H
01:E88D C9              	  1961: 	RET
                        	  1962: ;
                        	  1963: ;   Adjust physical block (BLKNMBR) and convert to logical
                        	  1964: ; sector (LOGSECT). This is the starting sector of this block.
                        	  1965: ; The actual sector of interest is then added to this and the
                        	  1966: ; resulting sector number is stored back in (BLKNMBR). This
                        	  1967: ; will still have to be adjusted for the track number.
                        	  1968: ;
01:E88E 3AC7F1          	  1969: LOGICAL	LDA	BLKSHFT	;get log2(physical/logical sectors).
01:E891 2AE9F1          	  1970: 	LHLD	BLKNMBR	;get physical sector desired.
01:E894 29              	  1971: LOGICL1	DAD	H	;compute logical sector number.
01:E895 3D              	  1972: 	DCR	A	;note logical sectors are 128 bytes long.
01:E896 C294E8          	  1973: 	JNZ	LOGICL1
01:E899 22EBF1          	  1974: 	SHLD	LOGSECT	;save logical sector.
01:E89C 3AC8F1          	  1975: 	LDA	BLKMASK	;get block mask.
01:E89F 4F              	  1976: 	MOV	C,A
01:E8A0 3AE7F1          	  1977: 	LDA	SAVNREC	;get next sector to access.
01:E8A3 A1              	  1978: 	ANA	C	;extract the relative position within physical block.
01:E8A4 B5              	  1979: 	ORA	L	;and add it too logical sector.
01:E8A5 6F              	  1980: 	MOV	L,A
01:E8A6 22E9F1          	  1981: 	SHLD	BLKNMBR	;and store.
01:E8A9 C9              	  1982: 	RET
                        	  1983: ;
                        	  1984: ;   Set (HL) to point to extent byte in fcb.
                        	  1985: ;
01:E8AA 2A47E7          	  1986: SETEXT	LHLD	PARAMS
01:E8AD 110C00          	  1987: 	LXI	D,12	;it is the twelth byte.
01:E8B0 19              	  1988: 	DAD	D
01:E8B1 C9              	  1989: 	RET
                        	  1990: ;
                        	  1991: ;   Set (HL) to point to record count byte in fcb and (DE) to
                        	  1992: ; next record number byte.
                        	  1993: ;
01:E8B2 2A47E7          	  1994: SETHLDE	LHLD	PARAMS
01:E8B5 110F00          	  1995: 	LXI	D,15	;record count byte (#15).
01:E8B8 19              	  1996: 	DAD	D
01:E8B9 EB              	  1997: 	XCHG
01:E8BA 211100          	  1998: 	LXI	H,17	;next record number (#32).
01:E8BD 19              	  1999: 	DAD	D
01:E8BE C9              	  2000: 	RET
                        	  2001: ;
                        	  2002: ;   Save current file data from fcb.
                        	  2003: ;
01:E8BF CDB2E8          	  2004: STRDATA	CALL	SETHLDE
01:E8C2 7E              	  2005: 	MOV	A,M	;get and store record count byte.
01:E8C3 32E7F1          	  2006: 	STA	SAVNREC
01:E8C6 EB              	  2007: 	XCHG
01:E8C7 7E              	  2008: 	MOV	A,M	;get and store next record number byte.
01:E8C8 32E5F1          	  2009: 	STA	SAVNXT
01:E8CB CDAAE8          	  2010: 	CALL	SETEXT	;point to extent byte.
01:E8CE 3AC9F1          	  2011: 	LDA	EXTMASK	;get extent mask.
01:E8D1 A6              	  2012: 	ANA	M
01:E8D2 32E6F1          	  2013: 	STA	SAVEXT	;and save extent here.
01:E8D5 C9              	  2014: 	RET
                        	  2015: ;
                        	  2016: ;   Set the next record to access. If (MODE) is set to 2, then
                        	  2017: ; the last record byte (SAVNREC) has the correct number to access.
                        	  2018: ; For sequential access, (MODE) will be equal to 1.
                        	  2019: ;
01:E8D6 CDB2E8          	  2020: SETNREC	CALL	SETHLDE
01:E8D9 3AD9F1          	  2021: 	LDA	MODE	;get sequential flag (=1).
01:E8DC FE02            	  2022: 	CPI	2	;a 2 indicates that no adder is needed.
01:E8DE C2E2E8          	  2023: 	JNZ	STNREC1
01:E8E1 AF              	  2024: 	XRA	A	;clear adder (random access?).
01:E8E2 4F              	  2025: STNREC1	MOV	C,A
01:E8E3 3AE7F1          	  2026: 	LDA	SAVNREC	;get last record number.
01:E8E6 81              	  2027: 	ADD	C	;increment record count.
01:E8E7 77              	  2028: 	MOV	M,A	;and set fcb's next record byte.
01:E8E8 EB              	  2029: 	XCHG
01:E8E9 3AE5F1          	  2030: 	LDA	SAVNXT	;get next record byte from storage.
01:E8EC 77              	  2031: 	MOV	M,A	;and put this into fcb as number of records used.
01:E8ED C9              	  2032: 	RET
                        	  2033: ;
                        	  2034: ;   Shift (HL) right (C) bits.
                        	  2035: ;
01:E8EE 0C              	  2036: SHIFTR	INR	C
01:E8EF 0D              	  2037: SHIFTR1	DCR	C
01:E8F0 C8              	  2038: 	RZ
01:E8F1 7C              	  2039: 	MOV	A,H
01:E8F2 B7              	  2040: 	ORA	A
01:E8F3 1F              	  2041: 	RAR
01:E8F4 67              	  2042: 	MOV	H,A
01:E8F5 7D              	  2043: 	MOV	A,L
01:E8F6 1F              	  2044: 	RAR
01:E8F7 6F              	  2045: 	MOV	L,A
01:E8F8 C3EFE8          	  2046: 	JMP	SHIFTR1
                        	  2047: ;
                        	  2048: ;   Compute the check-sum for the directory buffer. Return
                        	  2049: ; integer sum in (A).
                        	  2050: ;
01:E8FB 0E80            	  2051: CHECKSUM:MVI	C,128	;length of buffer.
01:E8FD 2ABDF1          	  2052: 	LHLD	DIRBUF	;get its location.
01:E900 AF              	  2053: 	XRA	A	;clear summation byte.
01:E901 86              	  2054: CHKSUM1	ADD	M	;and compute sum ignoring carries.
01:E902 23              	  2055: 	INX	H
01:E903 0D              	  2056: 	DCR	C
01:E904 C201E9          	  2057: 	JNZ	CHKSUM1
01:E907 C9              	  2058: 	RET
                        	  2059: ;
                        	  2060: ;   Shift (HL) left (C) bits.
                        	  2061: ;
01:E908 0C              	  2062: SHIFTL	INR	C
01:E909 0D              	  2063: SHIFTL1	DCR	C
01:E90A C8              	  2064: 	RZ
01:E90B 29              	  2065: 	DAD	H	;shift left 1 bit.
01:E90C C309E9          	  2066: 	JMP	SHIFTL1
                        	  2067: ;
                        	  2068: ;   Routine to set a bit in a 16 bit value contained in (BC).
                        	  2069: ; The bit set depends on the current drive selection.
                        	  2070: ;
01:E90F C5              	  2071: SETBIT	PUSH	B	;save 16 bit word.
01:E910 3A46E7          	  2072: 	LDA	ACTIVE	;get active drive.
01:E913 4F              	  2073: 	MOV	C,A
01:E914 210100          	  2074: 	LXI	H,1
01:E917 CD08E9          	  2075: 	CALL	SHIFTL	;shift bit 0 into place.
01:E91A C1              	  2076: 	POP	B	;now 'or' this with the original word.
01:E91B 79              	  2077: 	MOV	A,C
01:E91C B5              	  2078: 	ORA	L
01:E91D 6F              	  2079: 	MOV	L,A	;low byte done, do high byte.
01:E91E 78              	  2080: 	MOV	A,B
01:E91F B4              	  2081: 	ORA	H
01:E920 67              	  2082: 	MOV	H,A
01:E921 C9              	  2083: 	RET
                        	  2084: ;
                        	  2085: ;   Extract the write protect status bit for the current drive.
                        	  2086: ; The result is returned in (A), bit 0.
                        	  2087: ;
01:E922 2AB1F1          	  2088: GETWPRT	LHLD	WRTPRT	;get status bytes.
01:E925 3A46E7          	  2089: 	LDA	ACTIVE	;which drive is current?
01:E928 4F              	  2090: 	MOV	C,A
01:E929 CDEEE8          	  2091: 	CALL	SHIFTR	;shift status such that bit 0 is the
01:E92C 7D              	  2092: 	MOV	A,L	;one of interest for this drive.
01:E92D E601            	  2093: 	ANI	01H	;and isolate it.
01:E92F C9              	  2094: 	RET
                        	  2095: ;
                        	  2096: ;   Function to write protect the current disk.
                        	  2097: ;
01:E930 21B1F1          	  2098: WRTPRTD	LXI	H,WRTPRT;point to status word.
01:E933 4E              	  2099: 	MOV	C,M	;set (BC) equal to the status.
01:E934 23              	  2100: 	INX	H
01:E935 46              	  2101: 	MOV	B,M
01:E936 CD0FE9          	  2102: 	CALL	SETBIT	;and set this bit according to current drive.
01:E939 22B1F1          	  2103: 	SHLD	WRTPRT	;then save.
01:E93C 2ACCF1          	  2104: 	LHLD	DIRSIZE	;now save directory size limit.
01:E93F 23              	  2105: 	INX	H	;remember the last one.
01:E940 EB              	  2106: 	XCHG
01:E941 2AB7F1          	  2107: 	LHLD	SCRATCH1;and store it here.
01:E944 73              	  2108: 	MOV	M,E	;put low byte.
01:E945 23              	  2109: 	INX	H
01:E946 72              	  2110: 	MOV	M,D	;then high byte.
01:E947 C9              	  2111: 	RET
                        	  2112: ;
                        	  2113: ;   Check for a read only file.
                        	  2114: ;
01:E948 CD62E9          	  2115: CHKROFL	CALL	FCB2HL	;set (HL) to file entry in directory buffer.
01:E94B 110900          	  2116: CKROF1	LXI	D,9	;look at bit 7 of the ninth byte.
01:E94E 19              	  2117: 	DAD	D
01:E94F 7E              	  2118: 	MOV	A,M
01:E950 17              	  2119: 	RAL
01:E951 D0              	  2120: 	RNC		;return if ok.
01:E952 210FE4          	  2121: 	LXI	H,ROFILE;else, print error message and terminate.
01:E955 C34EE7          	  2122: 	JMP	JUMPHL
                        	  2123: ;
                        	  2124: ;   Check the write protect status of the active disk.
                        	  2125: ;
01:E958 CD22E9          	  2126: CHKWPRT	CALL	GETWPRT
01:E95B C8              	  2127: 	RZ		;return if ok.
01:E95C 210DE4          	  2128: 	LXI	H,RODISK;else print message and terminate.
01:E95F C34EE7          	  2129: 	JMP	JUMPHL
                        	  2130: ;
                        	  2131: ;   Routine to set (HL) pointing to the proper entry in the
                        	  2132: ; directory buffer.
                        	  2133: ;
01:E962 2ABDF1          	  2134: FCB2HL	LHLD	DIRBUF	;get address of buffer.
01:E965 3AEDF1          	  2135: 	LDA	FCBPOS	;relative position of file.
                        	  2136: ;
                        	  2137: ;   Routine to add (A) to (HL).
                        	  2138: ;
01:E968 85              	  2139: ADDA2HL	ADD	L
01:E969 6F              	  2140: 	MOV	L,A
01:E96A D0              	  2141: 	RNC
01:E96B 24              	  2142: 	INR	H	;take care of any carry.
01:E96C C9              	  2143: 	RET
                        	  2144: ;
                        	  2145: ;   Routine to get the 's2' byte from the fcb supplied in
                        	  2146: ; the initial parameter specification.
                        	  2147: ;
01:E96D 2A47E7          	  2148: GETS2	LHLD	PARAMS	;get address of fcb.
01:E970 110E00          	  2149: 	LXI	D,14	;relative position of 's2'.
01:E973 19              	  2150: 	DAD	D
01:E974 7E              	  2151: 	MOV	A,M	;extract this byte.
01:E975 C9              	  2152: 	RET
                        	  2153: ;
                        	  2154: ;   Clear the 's2' byte in the fcb.
                        	  2155: ;
01:E976 CD6DE9          	  2156: CLEARS2	CALL	GETS2	;this sets (HL) pointing to it.
01:E979 3600            	  2157: 	MVI	M,0	;now clear it.
01:E97B C9              	  2158: 	RET
                        	  2159: ;
                        	  2160: ;   Set bit 7 in the 's2' byte of the fcb.
                        	  2161: ;
01:E97C CD6DE9          	  2162: SETS2B7	CALL	GETS2	;get the byte.
01:E97F F680            	  2163: 	ORI	80H	;and set bit 7.
01:E981 77              	  2164: 	MOV	M,A	;then store.
01:E982 C9              	  2165: 	RET
                        	  2166: ;
                        	  2167: ;   Compare (FILEPOS) with (SCRATCH1) and set flags based on
                        	  2168: ; the difference. This checks to see if there are more file
                        	  2169: ; names in the directory. We are at (FILEPOS) and there are
                        	  2170: ; (SCRATCH1) of them to check.
                        	  2171: ;
01:E983 2AEEF1          	  2172: MOREFLS	LHLD	FILEPOS	;we are here.
01:E986 EB              	  2173: 	XCHG
01:E987 2AB7F1          	  2174: 	LHLD	SCRATCH1;and don't go past here.
01:E98A 7B              	  2175: 	MOV	A,E	;compute difference but don't keep.
01:E98B 96              	  2176: 	SUB	M
01:E98C 23              	  2177: 	INX	H
01:E98D 7A              	  2178: 	MOV	A,D
01:E98E 9E              	  2179: 	SBB	M	;set carry if no more names.
01:E98F C9              	  2180: 	RET
                        	  2181: ;
                        	  2182: ;   Call this routine to prevent (SCRATCH1) from being greater
                        	  2183: ; than (FILEPOS).
                        	  2184: ;
01:E990 CD83E9          	  2185: CHKNMBR	CALL	MOREFLS	;SCRATCH1 too big?
01:E993 D8              	  2186: 	RC
01:E994 13              	  2187: 	INX	D	;yes, reset it to (FILEPOS).
01:E995 72              	  2188: 	MOV	M,D
01:E996 2B              	  2189: 	DCX	H
01:E997 73              	  2190: 	MOV	M,E
01:E998 C9              	  2191: 	RET
                        	  2192: ;
                        	  2193: ;   Compute (HL)=(DE)-(HL)
                        	  2194: ;
01:E999 7B              	  2195: SUBHL	MOV	A,E	;compute difference.
01:E99A 95              	  2196: 	SUB	L
01:E99B 6F              	  2197: 	MOV	L,A	;store low byte.
01:E99C 7A              	  2198: 	MOV	A,D
01:E99D 9C              	  2199: 	SBB	H
01:E99E 67              	  2200: 	MOV	H,A	;and then high byte.
01:E99F C9              	  2201: 	RET
                        	  2202: ;
                        	  2203: ;   Set the directory checksum byte.
                        	  2204: ;
01:E9A0 0EFF            	  2205: SETDIR	MVI	C,0FFH
                        	  2206: ;
                        	  2207: ;   Routine to set or compare the directory checksum byte. If
                        	  2208: ; (C)=0ffh, then this will set the checksum byte. Else the byte
                        	  2209: ; will be checked. If the check fails (the disk has been changed),
                        	  2210: ; then this disk will be write protected.
                        	  2211: ;
01:E9A2 2AF0F1          	  2212: CHECKDIR:LHLD	CKSUMTBL
01:E9A5 EB              	  2213: 	XCHG
01:E9A6 2AD0F1          	  2214: 	LHLD	ALLOC1
01:E9A9 CD99E9          	  2215: 	CALL	SUBHL
01:E9AC D0              	  2216: 	RNC		;ok if (CKSUMTBL) > (ALLOC1), so return.
01:E9AD C5              	  2217: 	PUSH	B
01:E9AE CDFBE8          	  2218: 	CALL	CHECKSUM;else compute checksum.
01:E9B1 2AC1F1          	  2219: 	LHLD	CHKVECT	;get address of checksum table.
01:E9B4 EB              	  2220: 	XCHG
01:E9B5 2AF0F1          	  2221: 	LHLD	CKSUMTBL
01:E9B8 19              	  2222: 	DAD	D	;set (HL) to point to byte for this drive.
01:E9B9 C1              	  2223: 	POP	B
01:E9BA 0C              	  2224: 	INR	C	;set or check ?
01:E9BB CAC8E9          	  2225: 	JZ	CHKDIR1
01:E9BE BE              	  2226: 	CMP	M	;check them.
01:E9BF C8              	  2227: 	RZ		;return if they are the same.
01:E9C0 CD83E9          	  2228: 	CALL	MOREFLS	;not the same, do we care?
01:E9C3 D0              	  2229: 	RNC
01:E9C4 CD30E9          	  2230: 	CALL	WRTPRTD	;yes, mark this as write protected.
01:E9C7 C9              	  2231: 	RET
01:E9C8 77              	  2232: CHKDIR1	MOV	M,A	;just set the byte.
01:E9C9 C9              	  2233: 	RET
                        	  2234: ;
                        	  2235: ;   Do a write to the directory of the current disk.
                        	  2236: ;
01:E9CA CDA0E9          	  2237: DIRWRITE:CALL	SETDIR	;set checksum byte.
01:E9CD CDE4E9          	  2238: 	CALL	DIRDMA	;set directory dma address.
01:E9D0 0E01            	  2239: 	MVI	C,1	;tell the bios to actually write.
01:E9D2 CDBCE7          	  2240: 	CALL	DOWRITE	;then do the write.
01:E9D5 C3DEE9          	  2241: 	JMP	DEFDMA
                        	  2242: ;
                        	  2243: ;   Read from the directory.
                        	  2244: ;
01:E9D8 CDE4E9          	  2245: DIRREAD	CALL	DIRDMA	;set the directory dma address.
01:E9DB CDB6E7          	  2246: 	CALL	DOREAD	;and read it.
                        	  2247: ;
                        	  2248: ;   Routine to set the dma address to the users choice.
                        	  2249: ;
01:E9DE 21B5F1          	  2250: DEFDMA	LXI	H,USERDMA;reset the default dma address and return.
01:E9E1 C3E7E9          	  2251: 	JMP	DIRDMA1
                        	  2252: ;
                        	  2253: ;   Routine to set the dma address for directory work.
                        	  2254: ;
01:E9E4 21BDF1          	  2255: DIRDMA	LXI	H,DIRBUF
                        	  2256: ;
                        	  2257: ;   Set the dma address. On entry, (HL) points to
                        	  2258: ; word containing the desired dma address.
                        	  2259: ;
01:E9E7 4E              	  2260: DIRDMA1	MOV	C,M
01:E9E8 23              	  2261: 	INX	H
01:E9E9 46              	  2262: 	MOV	B,M	;setup (BC) and go to the bios to set it.
01:E9EA C3A5F3          	  2263: 	JMP	SETDMA
                        	  2264: ;
                        	  2265: ;   Move the directory buffer into user's dma space.
                        	  2266: ;
01:E9ED 2ABDF1          	  2267: MOVEDIR	LHLD	DIRBUF	;buffer is located here, and
01:E9F0 EB              	  2268: 	XCHG
01:E9F1 2AB5F1          	  2269: 	LHLD	USERDMA; put it here.
01:E9F4 0E80            	  2270: 	MVI	C,128	;this is its length.
01:E9F6 C353E7          	  2271: 	JMP	DE2HL	;move it now and return.
                        	  2272: ;
                        	  2273: ;   Check (FILEPOS) and set the zero flag if it equals 0ffffh.
                        	  2274: ;
01:E9F9 21EEF1          	  2275: CKFILPOS:LXI	H,FILEPOS
01:E9FC 7E              	  2276: 	MOV	A,M
01:E9FD 23              	  2277: 	INX	H
01:E9FE BE              	  2278: 	CMP	M	;are both bytes the same?
01:E9FF C0              	  2279: 	RNZ
01:EA00 3C              	  2280: 	INR	A	;yes, but are they each 0ffh?
01:EA01 C9              	  2281: 	RET
                        	  2282: ;
                        	  2283: ;   Set location (FILEPOS) to 0ffffh.
                        	  2284: ;
01:EA02 21FFFF          	  2285: STFILPOS:LXI	H,0FFFFH
01:EA05 22EEF1          	  2286: 	SHLD	FILEPOS
01:EA08 C9              	  2287: 	RET
                        	  2288: ;
                        	  2289: ;   Move on to the next file position within the current
                        	  2290: ; directory buffer. If no more exist, set pointer to 0ffffh
                        	  2291: ; and the calling routine will check for this. Enter with (C)
                        	  2292: ; equal to 0ffh to cause the checksum byte to be set, else we
                        	  2293: ; will check this disk and set write protect if checksums are
                        	  2294: ; not the same (applies only if another directory sector must
                        	  2295: ; be read).
                        	  2296: ;
01:EA09 2ACCF1          	  2297: NXENTRY	LHLD	DIRSIZE	;get directory entry size limit.
01:EA0C EB              	  2298: 	XCHG
01:EA0D 2AEEF1          	  2299: 	LHLD	FILEPOS	;get current count.
01:EA10 23              	  2300: 	INX	H	;go on to the next one.
01:EA11 22EEF1          	  2301: 	SHLD	FILEPOS
01:EA14 CD99E9          	  2302: 	CALL	SUBHL	;(HL)=(DIRSIZE)-(FILEPOS)
01:EA17 D21DEA          	  2303: 	JNC	NXENT1	;is there more room left?
01:EA1A C302EA          	  2304: 	JMP	STFILPOS;no. Set this flag and return.
01:EA1D 3AEEF1          	  2305: NXENT1	LDA	FILEPOS	;get file position within directory.
01:EA20 E603            	  2306: 	ANI	03H	;only look within this sector (only 4 entries fit).
01:EA22 0605            	  2307: 	MVI	B,5	;convert to relative position (32 bytes each).
01:EA24 87              	  2308: NXENT2	ADD	A	;note that this is not efficient code.
01:EA25 05              	  2309: 	DCR	B	;5 'ADD A's would be better.
01:EA26 C224EA          	  2310: 	JNZ	NXENT2
01:EA29 32EDF1          	  2311: 	STA	FCBPOS	;save it as position of fcb.
01:EA2C B7              	  2312: 	ORA	A
01:EA2D C0              	  2313: 	RNZ		;return if we are within buffer.
01:EA2E C5              	  2314: 	PUSH	B
01:EA2F CDC7E7          	  2315: 	CALL	TRKSEC	;we need the next directory sector.
01:EA32 CDD8E9          	  2316: 	CALL	DIRREAD
01:EA35 C1              	  2317: 	POP	B
01:EA36 C3A2E9          	  2318: 	JMP	CHECKDIR
                        	  2319: ;
                        	  2320: ;   Routine to to get a bit from the disk space allocation
                        	  2321: ; map. It is returned in (A), bit position 0. On entry to here,
                        	  2322: ; set (BC) to the block number on the disk to check.
                        	  2323: ; On return, (D) will contain the original bit position for
                        	  2324: ; this block number and (HL) will point to the address for it.
                        	  2325: ;
01:EA39 79              	  2326: CKBITMAP:MOV	A,C	;determine bit number of interest.
01:EA3A E607            	  2327: 	ANI	07H	;compute (D)=(E)=(C and 7)+1.
01:EA3C 3C              	  2328: 	INR	A
01:EA3D 5F              	  2329: 	MOV	E,A	;save particular bit number.
01:EA3E 57              	  2330: 	MOV	D,A
                        	  2331: ;
                        	  2332: ;   compute (BC)=(BC)/8.
                        	  2333: ;
01:EA3F 79              	  2334: 	MOV	A,C
01:EA40 0F              	  2335: 	RRC		;now shift right 3 bits.
01:EA41 0F              	  2336: 	RRC
01:EA42 0F              	  2337: 	RRC
01:EA43 E61F            	  2338: 	ANI	1FH	;and clear bits 7,6,5.
01:EA45 4F              	  2339: 	MOV	C,A
01:EA46 78              	  2340: 	MOV	A,B
01:EA47 87              	  2341: 	ADD	A	;now shift (B) into bits 7,6,5.
01:EA48 87              	  2342: 	ADD	A
01:EA49 87              	  2343: 	ADD	A
01:EA4A 87              	  2344: 	ADD	A
01:EA4B 87              	  2345: 	ADD	A
01:EA4C B1              	  2346: 	ORA	C	;and add in (C).
01:EA4D 4F              	  2347: 	MOV	C,A	;ok, (C) ha been completed.
01:EA4E 78              	  2348: 	MOV	A,B	;is there a better way of doing this?
01:EA4F 0F              	  2349: 	RRC
01:EA50 0F              	  2350: 	RRC
01:EA51 0F              	  2351: 	RRC
01:EA52 E61F            	  2352: 	ANI	1FH
01:EA54 47              	  2353: 	MOV	B,A	;and now (B) is completed.
                        	  2354: ;
                        	  2355: ;   use this as an offset into the disk space allocation
                        	  2356: ; table.
                        	  2357: ;
01:EA55 2AC3F1          	  2358: 	LHLD	ALOCVECT
01:EA58 09              	  2359: 	DAD	B
01:EA59 7E              	  2360: 	MOV	A,M	;now get correct byte.
01:EA5A 07              	  2361: CKBMAP1	RLC		;get correct bit into position 0.
01:EA5B 1D              	  2362: 	DCR	E
01:EA5C C25AEA          	  2363: 	JNZ	CKBMAP1
01:EA5F C9              	  2364: 	RET
                        	  2365: ;
                        	  2366: ;   Set or clear the bit map such that block number (BC) will be marked
                        	  2367: ; as used. On entry, if (E)=0 then this bit will be cleared, if it equals
                        	  2368: ; 1 then it will be set (don't use anyother values).
                        	  2369: ;
01:EA60 D5              	  2370: STBITMAP:PUSH	D
01:EA61 CD39EA          	  2371: 	CALL	CKBITMAP;get the byte of interest.
01:EA64 E6FE            	  2372: 	ANI	0FEH	;clear the affected bit.
01:EA66 C1              	  2373: 	POP	B
01:EA67 B1              	  2374: 	ORA	C	;and now set it acording to (C).
                        	  2375: ;
                        	  2376: ;  entry to restore the original bit position and then store
                        	  2377: ; in table. (A) contains the value, (D) contains the bit
                        	  2378: ; position (1-8), and (HL) points to the address within the
                        	  2379: ; space allocation table for this byte.
                        	  2380: ;
01:EA68 0F              	  2381: STBMAP1	RRC		;restore original bit position.
01:EA69 15              	  2382: 	DCR	D
01:EA6A C268EA          	  2383: 	JNZ	STBMAP1
01:EA6D 77              	  2384: 	MOV	M,A	;and stor byte in table.
01:EA6E C9              	  2385: 	RET
                        	  2386: ;
                        	  2387: ;   Set/clear space used bits in allocation map for this file.
                        	  2388: ; On entry, (C)=1 to set the map and (C)=0 to clear it.
                        	  2389: ;
01:EA6F CD62E9          	  2390: SETFILE	CALL	FCB2HL	;get address of fcb
01:EA72 111000          	  2391: 	LXI	D,16
01:EA75 19              	  2392: 	DAD	D	;get to block number bytes.
01:EA76 C5              	  2393: 	PUSH	B
01:EA77 0E11            	  2394: 	MVI	C,17	;check all 17 bytes (max) of table.
01:EA79 D1              	  2395: SETFL1	POP	D
01:EA7A 0D              	  2396: 	DCR	C	;done all bytes yet?
01:EA7B C8              	  2397: 	RZ
01:EA7C D5              	  2398: 	PUSH	D
01:EA7D 3AE1F1          	  2399: 	LDA	BIGDISK	;check disk size for 16 bit block numbers.
01:EA80 B7              	  2400: 	ORA	A
01:EA81 CA8CEA          	  2401: 	JZ	SETFL2
01:EA84 C5              	  2402: 	PUSH	B	;only 8 bit numbers. set (BC) to this one.
01:EA85 E5              	  2403: 	PUSH	H
01:EA86 4E              	  2404: 	MOV	C,M	;get low byte from table, always
01:EA87 0600            	  2405: 	MVI	B,0	;set high byte to zero.
01:EA89 C392EA          	  2406: 	JMP	SETFL3
01:EA8C 0D              	  2407: SETFL2	DCR	C	;for 16 bit block numbers, adjust counter.
01:EA8D C5              	  2408: 	PUSH	B
01:EA8E 4E              	  2409: 	MOV	C,M	;now get both the low and high bytes.
01:EA8F 23              	  2410: 	INX	H
01:EA90 46              	  2411: 	MOV	B,M
01:EA91 E5              	  2412: 	PUSH	H
01:EA92 79              	  2413: SETFL3	MOV	A,C	;block used?
01:EA93 B0              	  2414: 	ORA	B
01:EA94 CAA1EA          	  2415: 	JZ	SETFL4
01:EA97 2ACAF1          	  2416: 	LHLD	DSKSIZE	;is this block number within the
01:EA9A 7D              	  2417: 	MOV	A,L	;space on the disk?
01:EA9B 91              	  2418: 	SUB	C
01:EA9C 7C              	  2419: 	MOV	A,H
01:EA9D 98              	  2420: 	SBB	B
01:EA9E D460EA          	  2421: 	CNC	STBITMAP;yes, set the proper bit.
01:EAA1 E1              	  2422: SETFL4	POP	H	;point to next block number in fcb.
01:EAA2 23              	  2423: 	INX	H
01:EAA3 C1              	  2424: 	POP	B
01:EAA4 C379EA          	  2425: 	JMP	SETFL1
                        	  2426: ;
                        	  2427: ;   Construct the space used allocation bit map for the active
                        	  2428: ; drive. If a file name starts with '$' and it is under the
                        	  2429: ; current user number, then (STATUS) is set to minus 1. Otherwise
                        	  2430: ; it is not set at all.
                        	  2431: ;
01:EAA7 2ACAF1          	  2432: BITMAP	LHLD	DSKSIZE	;compute size of allocation table.
01:EAAA 0E03            	  2433: 	MVI	C,3
01:EAAC CDEEE8          	  2434: 	CALL	SHIFTR	;(HL)=(HL)/8.
01:EAAF 23              	  2435: 	INX	H	;at lease 1 byte.
01:EAB0 44              	  2436: 	MOV	B,H
01:EAB1 4D              	  2437: 	MOV	C,L	;set (BC) to the allocation table length.
                        	  2438: ;
                        	  2439: ;   Initialize the bitmap for this drive. Right now, the first
                        	  2440: ; two bytes are specified by the disk parameter block. However
                        	  2441: ; a patch could be entered here if it were necessary to setup
                        	  2442: ; this table in a special mannor. For example, the bios could
                        	  2443: ; determine locations of 'bad blocks' and set them as already
                        	  2444: ; 'used' in the map.
                        	  2445: ;
01:EAB2 2AC3F1          	  2446: 	LHLD	ALOCVECT;now zero out the table now.
01:EAB5 3600            	  2447: BITMAP1	MVI	M,0
01:EAB7 23              	  2448: 	INX	H
01:EAB8 0B              	  2449: 	DCX	B
01:EAB9 78              	  2450: 	MOV	A,B
01:EABA B1              	  2451: 	ORA	C
01:EABB C2B5EA          	  2452: 	JNZ	BITMAP1
01:EABE 2ACEF1          	  2453: 	LHLD	ALLOC0	;get initial space used by directory.
01:EAC1 EB              	  2454: 	XCHG
01:EAC2 2AC3F1          	  2455: 	LHLD	ALOCVECT;and put this into map.
01:EAC5 73              	  2456: 	MOV	M,E
01:EAC6 23              	  2457: 	INX	H
01:EAC7 72              	  2458: 	MOV	M,D
                        	  2459: ;
                        	  2460: ;   End of initialization portion.
                        	  2461: ;
01:EAC8 CDA5E7          	  2462: 	CALL	HOMEDRV	;now home the drive.
01:EACB 2AB7F1          	  2463: 	LHLD	SCRATCH1
01:EACE 3603            	  2464: 	MVI	M,3	;force next directory request to read
01:EAD0 23              	  2465: 	INX	H	;in a sector.
01:EAD1 3600            	  2466: 	MVI	M,0
01:EAD3 CD02EA          	  2467: 	CALL	STFILPOS;clear initial file position also.
01:EAD6 0EFF            	  2468: BITMAP2	MVI	C,0FFH	;read next file name in directory
01:EAD8 CD09EA          	  2469: 	CALL	NXENTRY	;and set checksum byte.
01:EADB CDF9E9          	  2470: 	CALL	CKFILPOS;is there another file?
01:EADE C8              	  2471: 	RZ
01:EADF CD62E9          	  2472: 	CALL	FCB2HL	;yes, get its address.
01:EAE2 3EE5            	  2473: 	MVI	A,0E5H
01:EAE4 BE              	  2474: 	CMP	M	;empty file entry?
01:EAE5 CAD6EA          	  2475: 	JZ	BITMAP2
01:EAE8 3A45E7          	  2476: 	LDA	USERNO	;no, correct user number?
01:EAEB BE              	  2477: 	CMP	M
01:EAEC C2FAEA          	  2478: 	JNZ	BITMAP3
01:EAEF 23              	  2479: 	INX	H
01:EAF0 7E              	  2480: 	MOV	A,M	;yes, does name start with a '$'?
01:EAF1 D624            	  2481: 	SUI	'$'
01:EAF3 C2FAEA          	  2482: 	JNZ	BITMAP3
01:EAF6 3D              	  2483: 	DCR	A	;yes, set atatus to minus one.
01:EAF7 3249E7          	  2484: 	STA	STATUS
01:EAFA 0E01            	  2485: BITMAP3	MVI	C,1	;now set this file's space as used in bit map.
01:EAFC CD6FEA          	  2486: 	CALL	SETFILE
01:EAFF CD90E9          	  2487: 	CALL	CHKNMBR	;keep (SCRATCH1) in bounds.
01:EB02 C3D6EA          	  2488: 	JMP	BITMAP2
                        	  2489: ;
                        	  2490: ;   Set the status (STATUS) and return.
                        	  2491: ;
01:EB05 3AD8F1          	  2492: STSTATUS:LDA	FNDSTAT
01:EB08 C305E7          	  2493: 	JMP	SETSTAT
                        	  2494: ;
                        	  2495: ;   Check extents in (A) and (C). Set the zero flag if they
                        	  2496: ; are the same. The number of 16k chunks of disk space that
                        	  2497: ; the directory extent covers is expressad is (EXTMASK+1).
                        	  2498: ; No registers are modified.
                        	  2499: ;
01:EB0B C5              	  2500: SAMEXT	PUSH	B
01:EB0C F5              	  2501: 	PUSH	PSW
01:EB0D 3AC9F1          	  2502: 	LDA	EXTMASK	;get extent mask and use it to
01:EB10 2F              	  2503: 	CMA		;to compare both extent numbers.
01:EB11 47              	  2504: 	MOV	B,A	;save resulting mask here.
01:EB12 79              	  2505: 	MOV	A,C	;mask first extent and save in (C).
01:EB13 A0              	  2506: 	ANA	B
01:EB14 4F              	  2507: 	MOV	C,A
01:EB15 F1              	  2508: 	POP	PSW	;now mask second extent and compare
01:EB16 A0              	  2509: 	ANA	B	;with the first one.
01:EB17 91              	  2510: 	SUB	C
01:EB18 E61F            	  2511: 	ANI	1FH	;(* only check buts 0-4 *)
01:EB1A C1              	  2512: 	POP	B	;the zero flag is set if they are the same.
01:EB1B C9              	  2513: 	RET		;restore (BC) and return.
                        	  2514: ;
                        	  2515: ;   Search for the first occurence of a file name. On entry,
                        	  2516: ; register (C) should contain the number of bytes of the fcb
                        	  2517: ; that must match.
                        	  2518: ;
01:EB1C 3EFF            	  2519: FINDFST	MVI	A,0FFH
01:EB1E 32D8F1          	  2520: 	STA	FNDSTAT
01:EB21 21DCF1          	  2521: 	LXI	H,COUNTER;save character count.
01:EB24 71              	  2522: 	MOV	M,C
01:EB25 2A47E7          	  2523: 	LHLD	PARAMS	;get filename to match.
01:EB28 22DDF1          	  2524: 	SHLD	SAVEFCB	;and save.
01:EB2B CD02EA          	  2525: 	CALL	STFILPOS;clear initial file position (set to 0ffffh).
01:EB2E CDA5E7          	  2526: 	CALL	HOMEDRV	;home the drive.
                        	  2527: ;
                        	  2528: ;   Entry to locate the next occurence of a filename within the
                        	  2529: ; directory. The disk is not expected to have been changed. If
                        	  2530: ; it was, then it will be write protected.
                        	  2531: ;
01:EB31 0E00            	  2532: FINDNXT	MVI	C,0	;write protect the disk if changed.
01:EB33 CD09EA          	  2533: 	CALL	NXENTRY	;get next filename entry in directory.
01:EB36 CDF9E9          	  2534: 	CALL	CKFILPOS;is file position = 0ffffh?
01:EB39 CA98EB          	  2535: 	JZ	FNDNXT6	;yes, exit now then.
01:EB3C 2ADDF1          	  2536: 	LHLD	SAVEFCB	;set (DE) pointing to filename to match.
01:EB3F EB              	  2537: 	XCHG
01:EB40 1A              	  2538: 	LDAX	D
01:EB41 FEE5            	  2539: 	CPI	0E5H	;empty directory entry?
01:EB43 CA4EEB          	  2540: 	JZ	FNDNXT1	;(* are we trying to reserect erased entries? *)
01:EB46 D5              	  2541: 	PUSH	D
01:EB47 CD83E9          	  2542: 	CALL	MOREFLS	;more files in directory?
01:EB4A D1              	  2543: 	POP	D
01:EB4B D298EB          	  2544: 	JNC	FNDNXT6	;no more. Exit now.
01:EB4E CD62E9          	  2545: FNDNXT1	CALL	FCB2HL	;get address of this fcb in directory.
01:EB51 3ADCF1          	  2546: 	LDA	COUNTER	;get number of bytes (characters) to check.
01:EB54 4F              	  2547: 	MOV	C,A
01:EB55 0600            	  2548: 	MVI	B,0	;initialize byte position counter.
01:EB57 79              	  2549: FNDNXT2	MOV	A,C	;are we done with the compare?
01:EB58 B7              	  2550: 	ORA	A
01:EB59 CA87EB          	  2551: 	JZ	FNDNXT5
01:EB5C 1A              	  2552: 	LDAX	D	;no, check next byte.
01:EB5D FE3F            	  2553: 	CPI	'?'	;don't care about this character?
01:EB5F CA80EB          	  2554: 	JZ	FNDNXT4
01:EB62 78              	  2555: 	MOV	A,B	;get bytes position in fcb.
01:EB63 FE0D            	  2556: 	CPI	13	;don't care about the thirteenth byte either.
01:EB65 CA80EB          	  2557: 	JZ	FNDNXT4
01:EB68 FE0C            	  2558: 	CPI	12	;extent byte?
01:EB6A 1A              	  2559: 	LDAX	D
01:EB6B CA77EB          	  2560: 	JZ	FNDNXT3
01:EB6E 96              	  2561: 	SUB	M	;otherwise compare characters.
01:EB6F E67F            	  2562: 	ANI	7FH
01:EB71 C231EB          	  2563: 	JNZ	FINDNXT	;not the same, check next entry.
01:EB74 C380EB          	  2564: 	JMP	FNDNXT4	;so far so good, keep checking.
01:EB77 C5              	  2565: FNDNXT3	PUSH	B	;check the extent byte here.
01:EB78 4E              	  2566: 	MOV	C,M
01:EB79 CD0BEB          	  2567: 	CALL	SAMEXT
01:EB7C C1              	  2568: 	POP	B
01:EB7D C231EB          	  2569: 	JNZ	FINDNXT	;not the same, look some more.
                        	  2570: ;
                        	  2571: ;   So far the names compare. Bump pointers to the next byte
                        	  2572: ; and continue until all (C) characters have been checked.
                        	  2573: ;
01:EB80 13              	  2574: FNDNXT4	INX	D	;bump pointers.
01:EB81 23              	  2575: 	INX	H
01:EB82 04              	  2576: 	INR	B
01:EB83 0D              	  2577: 	DCR	C	;adjust character counter.
01:EB84 C357EB          	  2578: 	JMP	FNDNXT2
01:EB87 3AEEF1          	  2579: FNDNXT5	LDA	FILEPOS	;return the position of this entry.
01:EB8A E603            	  2580: 	ANI	03H
01:EB8C 3249E7          	  2581: 	STA	STATUS
01:EB8F 21D8F1          	  2582: 	LXI	H,FNDSTAT
01:EB92 7E              	  2583: 	MOV	A,M
01:EB93 17              	  2584: 	RAL
01:EB94 D0              	  2585: 	RNC
01:EB95 AF              	  2586: 	XRA	A
01:EB96 77              	  2587: 	MOV	M,A
01:EB97 C9              	  2588: 	RET
                        	  2589: ;
                        	  2590: ;   Filename was not found. Set appropriate status.
                        	  2591: ;
01:EB98 CD02EA          	  2592: FNDNXT6	CALL	STFILPOS;set (FILEPOS) to 0ffffh.
01:EB9B 3EFF            	  2593: 	MVI	A,0FFH	;say not located.
01:EB9D C305E7          	  2594: 	JMP	SETSTAT
                        	  2595: ;
                        	  2596: ;   Erase files from the directory. Only the first byte of the
                        	  2597: ; fcb will be affected. It is set to (E5).
                        	  2598: ;
01:EBA0 CD58E9          	  2599: ERAFILE	CALL	CHKWPRT	;is disk write protected?
01:EBA3 0E0C            	  2600: 	MVI	C,12	;only compare file names.
01:EBA5 CD1CEB          	  2601: 	CALL	FINDFST	;get first file name.
01:EBA8 CDF9E9          	  2602: ERAFIL1	CALL	CKFILPOS;any found?
01:EBAB C8              	  2603: 	RZ		;nope, we must be done.
01:EBAC CD48E9          	  2604: 	CALL	CHKROFL	;is file read only?
01:EBAF CD62E9          	  2605: 	CALL	FCB2HL	;nope, get address of fcb and
01:EBB2 36E5            	  2606: 	MVI	M,0E5H	;set first byte to 'empty'.
01:EBB4 0E00            	  2607: 	MVI	C,0	;clear the space from the bit map.
01:EBB6 CD6FEA          	  2608: 	CALL	SETFILE
01:EBB9 CDCAE9          	  2609: 	CALL	DIRWRITE;now write the directory sector back out.
01:EBBC CD31EB          	  2610: 	CALL	FINDNXT	;find the next file name.
01:EBBF C3A8EB          	  2611: 	JMP	ERAFIL1	;and repeat process.
                        	  2612: ;
                        	  2613: ;   Look through the space allocation map (bit map) for the
                        	  2614: ; next available block. Start searching at block number (BC-1).
                        	  2615: ; The search procedure is to look for an empty block that is
                        	  2616: ; before the starting block. If not empty, look at a later
                        	  2617: ; block number. In this way, we return the closest empty block
                        	  2618: ; on either side of the 'target' block number. This will speed
                        	  2619: ; access on random devices. For serial devices, this should be
                        	  2620: ; changed to look in the forward direction first and then start
                        	  2621: ; at the front and search some more.
                        	  2622: ;
                        	  2623: ;   On return, (DE)= block number that is empty and (HL) =0
                        	  2624: ; if no empry block was found.
                        	  2625: ;
01:EBC2 50              	  2626: FNDSPACE:MOV	D,B	;set (DE) as the block that is checked.
01:EBC3 59              	  2627: 	MOV	E,C
                        	  2628: ;
                        	  2629: ;   Look before target block. Registers (BC) are used as the lower
                        	  2630: ; pointer and (DE) as the upper pointer.
                        	  2631: ;
01:EBC4 79              	  2632: FNDSPA1	MOV	A,C	;is block 0 specified?
01:EBC5 B0              	  2633: 	ORA	B
01:EBC6 CAD5EB          	  2634: 	JZ	FNDSPA2
01:EBC9 0B              	  2635: 	DCX	B	;nope, check previous block.
01:EBCA D5              	  2636: 	PUSH	D
01:EBCB C5              	  2637: 	PUSH	B
01:EBCC CD39EA          	  2638: 	CALL	CKBITMAP
01:EBCF 1F              	  2639: 	RAR		;is this block empty?
01:EBD0 D2F0EB          	  2640: 	JNC	FNDSPA3	;yes. use this.
                        	  2641: ;
                        	  2642: ;   Note that the above logic gets the first block that it finds
                        	  2643: ; that is empty. Thus a file could be written 'backward' making
                        	  2644: ; it very slow to access. This could be changed to look for the
                        	  2645: ; first empty block and then continue until the start of this
                        	  2646: ; empty space is located and then used that starting block.
                        	  2647: ; This should help speed up access to some files especially on
                        	  2648: ; a well used disk with lots of fairly small 'holes'.
                        	  2649: ;
01:EBD3 C1              	  2650: 	POP	B	;nope, check some more.
01:EBD4 D1              	  2651: 	POP	D
                        	  2652: ;
                        	  2653: ;   Now look after target block.
                        	  2654: ;
01:EBD5 2ACAF1          	  2655: FNDSPA2	LHLD	DSKSIZE	;is block (DE) within disk limits?
01:EBD8 7B              	  2656: 	MOV	A,E
01:EBD9 95              	  2657: 	SUB	L
01:EBDA 7A              	  2658: 	MOV	A,D
01:EBDB 9C              	  2659: 	SBB	H
01:EBDC D2F8EB          	  2660: 	JNC	FNDSPA4
01:EBDF 13              	  2661: 	INX	D	;yes, move on to next one.
01:EBE0 C5              	  2662: 	PUSH	B
01:EBE1 D5              	  2663: 	PUSH	D
01:EBE2 42              	  2664: 	MOV	B,D
01:EBE3 4B              	  2665: 	MOV	C,E
01:EBE4 CD39EA          	  2666: 	CALL	CKBITMAP;check it.
01:EBE7 1F              	  2667: 	RAR		;empty?
01:EBE8 D2F0EB          	  2668: 	JNC	FNDSPA3
01:EBEB D1              	  2669: 	POP	D	;nope, continue searching.
01:EBEC C1              	  2670: 	POP	B
01:EBED C3C4EB          	  2671: 	JMP	FNDSPA1
                        	  2672: ;
                        	  2673: ;   Empty block found. Set it as used and return with (HL)
                        	  2674: ; pointing to it (true?).
                        	  2675: ;
01:EBF0 17              	  2676: FNDSPA3	RAL		;reset byte.
01:EBF1 3C              	  2677: 	INR	A	;and set bit 0.
01:EBF2 CD68EA          	  2678: 	CALL	STBMAP1	;update bit map.
01:EBF5 E1              	  2679: 	POP	H	;set return registers.
01:EBF6 D1              	  2680: 	POP	D
01:EBF7 C9              	  2681: 	RET
                        	  2682: ;
                        	  2683: ;   Free block was not found. If (BC) is not zero, then we have
                        	  2684: ; not checked all of the disk space.
                        	  2685: ;
01:EBF8 79              	  2686: FNDSPA4	MOV	A,C
01:EBF9 B0              	  2687: 	ORA	B
01:EBFA C2C4EB          	  2688: 	JNZ	FNDSPA1
01:EBFD 210000          	  2689: 	LXI	H,0	;set 'not found' status.
01:EC00 C9              	  2690: 	RET
                        	  2691: ;
                        	  2692: ;   Move a complete fcb entry into the directory and write it.
                        	  2693: ;
01:EC01 0E00            	  2694: FCBSET	MVI	C,0
01:EC03 1E20            	  2695: 	MVI	E,32	;length of each entry.
                        	  2696: ;
                        	  2697: ;   Move (E) bytes from the fcb pointed to by (PARAMS) into
                        	  2698: ; fcb in directory starting at relative byte (C). This updated
                        	  2699: ; directory buffer is then written to the disk.
                        	  2700: ;
01:EC05 D5              	  2701: UPDATE	PUSH	D
01:EC06 0600            	  2702: 	MVI	B,0	;set (BC) to relative byte position.
01:EC08 2A47E7          	  2703: 	LHLD	PARAMS	;get address of fcb.
01:EC0B 09              	  2704: 	DAD	B	;compute starting byte.
01:EC0C EB              	  2705: 	XCHG
01:EC0D CD62E9          	  2706: 	CALL	FCB2HL	;get address of fcb to update in directory.
01:EC10 C1              	  2707: 	POP	B	;set (C) to number of bytes to change.
01:EC11 CD53E7          	  2708: 	CALL	DE2HL
01:EC14 CDC7E7          	  2709: UPDATE1	CALL	TRKSEC	;determine the track and sector affected.
01:EC17 C3CAE9          	  2710: 	JMP	DIRWRITE	;then write this sector out.
                        	  2711: ;
                        	  2712: ;   Routine to change the name of all files on the disk with a
                        	  2713: ; specified name. The fcb contains the current name as the
                        	  2714: ; first 12 characters and the new name 16 bytes into the fcb.
                        	  2715: ;
01:EC1A CD58E9          	  2716: CHGNAMES:CALL	CHKWPRT	;check for a write protected disk.
01:EC1D 0E0C            	  2717: 	MVI	C,12	;match first 12 bytes of fcb only.
01:EC1F CD1CEB          	  2718: 	CALL	FINDFST	;get first name.
01:EC22 2A47E7          	  2719: 	LHLD	PARAMS	;get address of fcb.
01:EC25 7E              	  2720: 	MOV	A,M	;get user number.
01:EC26 111000          	  2721: 	LXI	D,16	;move over to desired name.
01:EC29 19              	  2722: 	DAD	D
01:EC2A 77              	  2723: 	MOV	M,A	;keep same user number.
01:EC2B CDF9E9          	  2724: CHGNAM1	CALL	CKFILPOS;any matching file found?
01:EC2E C8              	  2725: 	RZ		;no, we must be done.
01:EC2F CD48E9          	  2726: 	CALL	CHKROFL	;check for read only file.
01:EC32 0E10            	  2727: 	MVI	C,16	;start 16 bytes into fcb.
01:EC34 1E0C            	  2728: 	MVI	E,12	;and update the first 12 bytes of directory.
01:EC36 CD05EC          	  2729: 	CALL	UPDATE
01:EC39 CD31EB          	  2730: 	CALL	FINDNXT	;get te next file name.
01:EC3C C32BEC          	  2731: 	JMP	CHGNAM1	;and continue.
                        	  2732: ;
                        	  2733: ;   Update a files attributes. The procedure is to search for
                        	  2734: ; every file with the same name as shown in fcb (ignoring bit 7)
                        	  2735: ; and then to update it (which includes bit 7). No other changes
                        	  2736: ; are made.
                        	  2737: ;
01:EC3F 0E0C            	  2738: SAVEATTR:MVI	C,12	;match first 12 bytes.
01:EC41 CD1CEB          	  2739: 	CALL	FINDFST	;look for first filename.
01:EC44 CDF9E9          	  2740: SAVATR1	CALL	CKFILPOS;was one found?
01:EC47 C8              	  2741: 	RZ		;nope, we must be done.
01:EC48 0E00            	  2742: 	MVI	C,0	;yes, update the first 12 bytes now.
01:EC4A 1E0C            	  2743: 	MVI	E,12
01:EC4C CD05EC          	  2744: 	CALL	UPDATE	;update filename and write directory.
01:EC4F CD31EB          	  2745: 	CALL	FINDNXT	;and get the next file.
01:EC52 C344EC          	  2746: 	JMP	SAVATR1	;then continue until done.
                        	  2747: ;
                        	  2748: ;  Open a file (name specified in fcb).
                        	  2749: ;
01:EC55 0E0F            	  2750: OPENIT	MVI	C,15	;compare the first 15 bytes.
01:EC57 CD1CEB          	  2751: 	CALL	FINDFST	;get the first one in directory.
01:EC5A CDF9E9          	  2752: 	CALL	CKFILPOS;any at all?
01:EC5D C8              	  2753: 	RZ
01:EC5E CDAAE8          	  2754: OPENIT1	CALL	SETEXT	;point to extent byte within users fcb.
01:EC61 7E              	  2755: 	MOV	A,M	;and get it.
01:EC62 F5              	  2756: 	PUSH	PSW	;save it and address.
01:EC63 E5              	  2757: 	PUSH	H
01:EC64 CD62E9          	  2758: 	CALL	FCB2HL	;point to fcb in directory.
01:EC67 EB              	  2759: 	XCHG
01:EC68 2A47E7          	  2760: 	LHLD	PARAMS	;this is the users copy.
01:EC6B 0E20            	  2761: 	MVI	C,32	;move it into users space.
01:EC6D D5              	  2762: 	PUSH	D
01:EC6E CD53E7          	  2763: 	CALL	DE2HL
01:EC71 CD7CE9          	  2764: 	CALL	SETS2B7	;set bit 7 in 's2' byte (unmodified).
01:EC74 D1              	  2765: 	POP	D	;now get the extent byte from this fcb.
01:EC75 210C00          	  2766: 	LXI	H,12
01:EC78 19              	  2767: 	DAD	D
01:EC79 4E              	  2768: 	MOV	C,M	;into (C).
01:EC7A 210F00          	  2769: 	LXI	H,15	;now get the record count byte into (B).
01:EC7D 19              	  2770: 	DAD	D
01:EC7E 46              	  2771: 	MOV	B,M
01:EC7F E1              	  2772: 	POP	H	;keep the same extent as the user had originally.
01:EC80 F1              	  2773: 	POP	PSW
01:EC81 77              	  2774: 	MOV	M,A
01:EC82 79              	  2775: 	MOV	A,C	;is it the same as in the directory fcb?
01:EC83 BE              	  2776: 	CMP	M
01:EC84 78              	  2777: 	MOV	A,B	;if yes, then use the same record count.
01:EC85 CA8FEC          	  2778: 	JZ	OPENIT2
01:EC88 3E00            	  2779: 	MVI	A,0	;if the user specified an extent greater than
01:EC8A DA8FEC          	  2780: 	JC	OPENIT2	;the one in the directory, then set record count to 0.
01:EC8D 3E80            	  2781: 	MVI	A,128	;otherwise set to maximum.
01:EC8F 2A47E7          	  2782: OPENIT2	LHLD	PARAMS	;set record count in users fcb to (A).
01:EC92 110F00          	  2783: 	LXI	D,15
01:EC95 19              	  2784: 	DAD	D	;compute relative position.
01:EC96 77              	  2785: 	MOV	M,A	;and set the record count.
01:EC97 C9              	  2786: 	RET
                        	  2787: ;
                        	  2788: ;   Move two bytes from (DE) to (HL) if (and only if) (HL)
                        	  2789: ; point to a zero value (16 bit).
                        	  2790: ;   Return with zero flag set it (DE) was moved. Registers (DE)
                        	  2791: ; and (HL) are not changed. However (A) is.
                        	  2792: ;
01:EC98 7E              	  2793: MOVEWORD:MOV	A,M	;check for a zero word.
01:EC99 23              	  2794: 	INX	H
01:EC9A B6              	  2795: 	ORA	M	;both bytes zero?
01:EC9B 2B              	  2796: 	DCX	H
01:EC9C C0              	  2797: 	RNZ		;nope, just return.
01:EC9D 1A              	  2798: 	LDAX	D	;yes, move two bytes from (DE) into
01:EC9E 77              	  2799: 	MOV	M,A	;this zero space.
01:EC9F 13              	  2800: 	INX	D
01:ECA0 23              	  2801: 	INX	H
01:ECA1 1A              	  2802: 	LDAX	D
01:ECA2 77              	  2803: 	MOV	M,A
01:ECA3 1B              	  2804: 	DCX	D	;don't disturb these registers.
01:ECA4 2B              	  2805: 	DCX	H
01:ECA5 C9              	  2806: 	RET
                        	  2807: ;
                        	  2808: ;   Get here to close a file specified by (fcb).
                        	  2809: ;
01:ECA6 AF              	  2810: CLOSEIT	XRA	A	;clear status and file position bytes.
01:ECA7 3249E7          	  2811: 	STA	STATUS
01:ECAA 32EEF1          	  2812: 	STA	FILEPOS
01:ECAD 32EFF1          	  2813: 	STA	FILEPOS+1
01:ECB0 CD22E9          	  2814: 	CALL	GETWPRT	;get write protect bit for this drive.
01:ECB3 C0              	  2815: 	RNZ		;just return if it is set.
01:ECB4 CD6DE9          	  2816: 	CALL	GETS2	;else get the 's2' byte.
01:ECB7 E680            	  2817: 	ANI	80H	;and look at bit 7 (file unmodified?).
01:ECB9 C0              	  2818: 	RNZ		;just return if set.
01:ECBA 0E0F            	  2819: 	MVI	C,15	;else look up this file in directory.
01:ECBC CD1CEB          	  2820: 	CALL	FINDFST
01:ECBF CDF9E9          	  2821: 	CALL	CKFILPOS;was it found?
01:ECC2 C8              	  2822: 	RZ		;just return if not.
01:ECC3 011000          	  2823: 	LXI	B,16	;set (HL) pointing to records used section.
01:ECC6 CD62E9          	  2824: 	CALL	FCB2HL
01:ECC9 09              	  2825: 	DAD	B
01:ECCA EB              	  2826: 	XCHG
01:ECCB 2A47E7          	  2827: 	LHLD	PARAMS	;do the same for users specified fcb.
01:ECCE 09              	  2828: 	DAD	B
01:ECCF 0E10            	  2829: 	MVI	C,16	;this many bytes are present in this extent.
01:ECD1 3AE1F1          	  2830: CLOSEIT1:LDA	BIGDISK	;8 or 16 bit record numbers?
01:ECD4 B7              	  2831: 	ORA	A
01:ECD5 CAECEC          	  2832: 	JZ	CLOSEIT4
01:ECD8 7E              	  2833: 	MOV	A,M	;just 8 bit. Get one from users fcb.
01:ECD9 B7              	  2834: 	ORA	A
01:ECDA 1A              	  2835: 	LDAX	D	;now get one from directory fcb.
01:ECDB C2DFEC          	  2836: 	JNZ	CLOSEIT2
01:ECDE 77              	  2837: 	MOV	M,A	;users byte was zero. Update from directory.
01:ECDF B7              	  2838: CLOSEIT2:ORA	A
01:ECE0 C2E5EC          	  2839: 	JNZ	CLOSEIT3
01:ECE3 7E              	  2840: 	MOV	A,M	;directories byte was zero, update from users fcb.
01:ECE4 12              	  2841: 	STAX	D
01:ECE5 BE              	  2842: CLOSEIT3:CMP	M	;if neither one of these bytes were zero,
01:ECE6 C223ED          	  2843: 	JNZ	CLOSEIT7	;then close error if they are not the same.
01:ECE9 C301ED          	  2844: 	JMP	CLOSEIT5	;ok so far, get to next byte in fcbs.
01:ECEC CD98EC          	  2845: CLOSEIT4:CALL	MOVEWORD;update users fcb if it is zero.
01:ECEF EB              	  2846: 	XCHG
01:ECF0 CD98EC          	  2847: 	CALL	MOVEWORD;update directories fcb if it is zero.
01:ECF3 EB              	  2848: 	XCHG
01:ECF4 1A              	  2849: 	LDAX	D	;if these two values are no different,
01:ECF5 BE              	  2850: 	CMP	M	;then a close error occured.
01:ECF6 C223ED          	  2851: 	JNZ	CLOSEIT7
01:ECF9 13              	  2852: 	INX	D	;check second byte.
01:ECFA 23              	  2853: 	INX	H
01:ECFB 1A              	  2854: 	LDAX	D
01:ECFC BE              	  2855: 	CMP	M
01:ECFD C223ED          	  2856: 	JNZ	CLOSEIT7
01:ED00 0D              	  2857: 	DCR	C	;remember 16 bit values.
01:ED01 13              	  2858: CLOSEIT5:INX	D	;bump to next item in table.
01:ED02 23              	  2859: 	INX	H
01:ED03 0D              	  2860: 	DCR	C	;there are 16 entries only.
01:ED04 C2D1EC          	  2861: 	JNZ	CLOSEIT1;continue if more to do.
01:ED07 01ECFF          	  2862: 	LXI	B,0FFECH;backup 20 places (extent byte).
01:ED0A 09              	  2863: 	DAD	B
01:ED0B EB              	  2864: 	XCHG
01:ED0C 09              	  2865: 	DAD	B
01:ED0D 1A              	  2866: 	LDAX	D
01:ED0E BE              	  2867: 	CMP	M	;directory's extent already greater than the
01:ED0F DA1BED          	  2868: 	JC	CLOSEIT6	;users extent?
01:ED12 77              	  2869: 	MOV	M,A	;no, update directory extent.
01:ED13 010300          	  2870: 	LXI	B,3	;and update the record count byte in
01:ED16 09              	  2871: 	DAD	B	;directories fcb.
01:ED17 EB              	  2872: 	XCHG
01:ED18 09              	  2873: 	DAD	B
01:ED19 7E              	  2874: 	MOV	A,M	;get from user.
01:ED1A 12              	  2875: 	STAX	D	;and put in directory.
01:ED1B 3EFF            	  2876: CLOSEIT6:MVI	A,0FFH	;set 'was open and is now closed' byte.
01:ED1D 32D6F1          	  2877: 	STA	CLOSEFLG
01:ED20 C314EC          	  2878: 	JMP	UPDATE1	;update the directory now.
01:ED23 2149E7          	  2879: CLOSEIT7:LXI	H,STATUS;set return status and then return.
01:ED26 35              	  2880: 	DCR	M
01:ED27 C9              	  2881: 	RET
                        	  2882: ;
                        	  2883: ;   Routine to get the next empty space in the directory. It
                        	  2884: ; will then be cleared for use.
                        	  2885: ;
01:ED28 CD58E9          	  2886: GETEMPTY:CALL	CHKWPRT	;make sure disk is not write protected.
01:ED2B 2A47E7          	  2887: 	LHLD	PARAMS	;save current parameters (fcb).
01:ED2E E5              	  2888: 	PUSH	H
01:ED2F 21B0F1          	  2889: 	LXI	H,EMPTYFCB;use special one for empty space.
01:ED32 2247E7          	  2890: 	SHLD	PARAMS
01:ED35 0E01            	  2891: 	MVI	C,1	;search for first empty spot in directory.
01:ED37 CD1CEB          	  2892: 	CALL	FINDFST	;(* only check first byte *)
01:ED3A CDF9E9          	  2893: 	CALL	CKFILPOS;none?
01:ED3D E1              	  2894: 	POP	H
01:ED3E 2247E7          	  2895: 	SHLD	PARAMS	;restore original fcb address.
01:ED41 C8              	  2896: 	RZ		;return if no more space.
01:ED42 EB              	  2897: 	XCHG
01:ED43 210F00          	  2898: 	LXI	H,15	;point to number of records for this file.
01:ED46 19              	  2899: 	DAD	D
01:ED47 0E11            	  2900: 	MVI	C,17	;and clear all of this space.
01:ED49 AF              	  2901: 	XRA	A
01:ED4A 77              	  2902: GETMT1	MOV	M,A
01:ED4B 23              	  2903: 	INX	H
01:ED4C 0D              	  2904: 	DCR	C
01:ED4D C24AED          	  2905: 	JNZ	GETMT1
01:ED50 210D00          	  2906: 	LXI	H,13	;clear the 's1' byte also.
01:ED53 19              	  2907: 	DAD	D
01:ED54 77              	  2908: 	MOV	M,A
01:ED55 CD90E9          	  2909: 	CALL	CHKNMBR	;keep (SCRATCH1) within bounds.
01:ED58 CD01EC          	  2910: 	CALL	FCBSET	;write out this fcb entry to directory.
01:ED5B C37CE9          	  2911: 	JMP	SETS2B7	;set 's2' byte bit 7 (unmodified at present).
                        	  2912: ;
                        	  2913: ;   Routine to close the current extent and open the next one
                        	  2914: ; for reading.
                        	  2915: ;
01:ED5E AF              	  2916: GETNEXT	XRA	A
01:ED5F 32D6F1          	  2917: 	STA	CLOSEFLG;clear close flag.
01:ED62 CDA6EC          	  2918: 	CALL	CLOSEIT	;close this extent.
01:ED65 CDF9E9          	  2919: 	CALL	CKFILPOS
01:ED68 C8              	  2920: 	RZ		;not there???
01:ED69 2A47E7          	  2921: 	LHLD	PARAMS	;get extent byte.
01:ED6C 010C00          	  2922: 	LXI	B,12
01:ED6F 09              	  2923: 	DAD	B
01:ED70 7E              	  2924: 	MOV	A,M	;and increment it.
01:ED71 3C              	  2925: 	INR	A
01:ED72 E61F            	  2926: 	ANI	1FH	;keep within range 0-31.
01:ED74 77              	  2927: 	MOV	M,A
01:ED75 CA87ED          	  2928: 	JZ	GTNEXT1	;overflow?
01:ED78 47              	  2929: 	MOV	B,A	;mask extent byte.
01:ED79 3AC9F1          	  2930: 	LDA	EXTMASK
01:ED7C A0              	  2931: 	ANA	B
01:ED7D 21D6F1          	  2932: 	LXI	H,CLOSEFLG;check close flag (0ffh is ok).
01:ED80 A6              	  2933: 	ANA	M
01:ED81 CA92ED          	  2934: 	JZ	GTNEXT2	;if zero, we must read in next extent.
01:ED84 C3B0ED          	  2935: 	JMP	GTNEXT3	;else, it is already in memory.
01:ED87 010200          	  2936: GTNEXT1	LXI	B,2	;Point to the 's2' byte.
01:ED8A 09              	  2937: 	DAD	B
01:ED8B 34              	  2938: 	INR	M	;and bump it.
01:ED8C 7E              	  2939: 	MOV	A,M	;too many extents?
01:ED8D E60F            	  2940: 	ANI	0FH
01:ED8F CABAED          	  2941: 	JZ	GTNEXT5	;yes, set error code.
                        	  2942: ;
                        	  2943: ;   Get here to open the next extent.
                        	  2944: ;
01:ED92 0E0F            	  2945: GTNEXT2	MVI	C,15	;set to check first 15 bytes of fcb.
01:ED94 CD1CEB          	  2946: 	CALL	FINDFST	;find the first one.
01:ED97 CDF9E9          	  2947: 	CALL	CKFILPOS;none available?
01:ED9A C2B0ED          	  2948: 	JNZ	GTNEXT3
01:ED9D 3AD7F1          	  2949: 	LDA	RDWRTFLG;no extent present. Can we open an empty one?
01:EDA0 3C              	  2950: 	INR	A	;0ffh means reading (so not possible).
01:EDA1 CABAED          	  2951: 	JZ	GTNEXT5	;or an error.
01:EDA4 CD28ED          	  2952: 	CALL	GETEMPTY;we are writing, get an empty entry.
01:EDA7 CDF9E9          	  2953: 	CALL	CKFILPOS;none?
01:EDAA CABAED          	  2954: 	JZ	GTNEXT5	;error if true.
01:EDAD C3B3ED          	  2955: 	JMP	GTNEXT4	;else we are almost done.
01:EDB0 CD5EEC          	  2956: GTNEXT3	CALL	OPENIT1	;open this extent.
01:EDB3 CDBFE8          	  2957: GTNEXT4	CALL	STRDATA	;move in updated data (rec #, extent #, etc.)
01:EDB6 AF              	  2958: 	XRA	A	;clear status and return.
01:EDB7 C305E7          	  2959: 	JMP	SETSTAT
                        	  2960: ;
                        	  2961: ;   Error in extending the file. Too many extents were needed
                        	  2962: ; or not enough space on the disk.
                        	  2963: ;
01:EDBA CD09E7          	  2964: GTNEXT5	CALL	IOERR1	;set error code, clear bit 7 of 's2'
01:EDBD C37CE9          	  2965: 	JMP	SETS2B7	;so this is not written on a close.
                        	  2966: ;
                        	  2967: ;   Read a sequential file.
                        	  2968: ;
01:EDC0 3E01            	  2969: RDSEQ	MVI	A,1	;set sequential access mode.
01:EDC2 32D9F1          	  2970: 	STA	MODE
01:EDC5 3EFF            	  2971: RDSEQ1	MVI	A,0FFH	;don't allow reading unwritten space.
01:EDC7 32D7F1          	  2972: 	STA	RDWRTFLG
01:EDCA CDBFE8          	  2973: 	CALL	STRDATA	;put rec# and ext# into fcb.
01:EDCD 3AE7F1          	  2974: 	LDA	SAVNREC	;get next record to read.
01:EDD0 21E5F1          	  2975: 	LXI	H,SAVNXT;get number of records in extent.
01:EDD3 BE              	  2976: 	CMP	M	;within this extent?
01:EDD4 DAEAED          	  2977: 	JC	RDSEQ2
01:EDD7 FE80            	  2978: 	CPI	128	;no. Is this extent fully used?
01:EDD9 C2FFED          	  2979: 	JNZ	RDSEQ3	;no. End-of-file.
01:EDDC CD5EED          	  2980: 	CALL	GETNEXT	;yes, open the next one.
01:EDDF AF              	  2981: 	XRA	A	;reset next record to read.
01:EDE0 32E7F1          	  2982: 	STA	SAVNREC
01:EDE3 3A49E7          	  2983: 	LDA	STATUS	;check on open, successful?
01:EDE6 B7              	  2984: 	ORA	A
01:EDE7 C2FFED          	  2985: 	JNZ	RDSEQ3	;no, error.
01:EDEA CD7BE8          	  2986: RDSEQ2	CALL	COMBLK	;ok. compute block number to read.
01:EDED CD88E8          	  2987: 	CALL	CHKBLK	;check it. Within bounds?
01:EDF0 CAFFED          	  2988: 	JZ	RDSEQ3	;no, error.
01:EDF3 CD8EE8          	  2989: 	CALL	LOGICAL	;convert (BLKNMBR) to logical sector (128 byte).
01:EDF6 CDD5E7          	  2990: 	CALL	TRKSEC1	;set the track and sector for this block #.
01:EDF9 CDB6E7          	  2991: 	CALL	DOREAD	;and read it.
01:EDFC C3D6E8          	  2992: 	JMP	SETNREC	;and set the next record to be accessed.
                        	  2993: ;
                        	  2994: ;   Read error occured. Set status and return.
                        	  2995: ;
01:EDFF C309E7          	  2996: RDSEQ3	JMP	IOERR1
                        	  2997: ;
                        	  2998: ;   Write the next sequential record.
                        	  2999: ;
01:EE02 3E01            	  3000: WTSEQ	MVI	A,1	;set sequential access mode.
01:EE04 32D9F1          	  3001: 	STA	MODE
01:EE07 3E00            	  3002: WTSEQ1	MVI	A,0	;allow an addition empty extent to be opened.
01:EE09 32D7F1          	  3003: 	STA	RDWRTFLG
01:EE0C CD58E9          	  3004: 	CALL	CHKWPRT	;check write protect status.
01:EE0F 2A47E7          	  3005: 	LHLD	PARAMS
01:EE12 CD4BE9          	  3006: 	CALL	CKROF1	;check for read only file, (HL) already set to fcb.
01:EE15 CDBFE8          	  3007: 	CALL	STRDATA	;put updated data into fcb.
01:EE18 3AE7F1          	  3008: 	LDA	SAVNREC	;get record number to write.
01:EE1B FE80            	  3009: 	CPI	128	;within range?
01:EE1D D209E7          	  3010: 	JNC	IOERR1	;no, error(?).
01:EE20 CD7BE8          	  3011: 	CALL	COMBLK	;compute block number.
01:EE23 CD88E8          	  3012: 	CALL	CHKBLK	;check number.
01:EE26 0E00            	  3013: 	MVI	C,0	;is there one to write to?
01:EE28 C272EE          	  3014: 	JNZ	WTSEQ6	;yes, go do it.
01:EE2B CD42E8          	  3015: 	CALL	GETBLOCK;get next block number within fcb to use.
01:EE2E 32DBF1          	  3016: 	STA	RELBLOCK;and save.
01:EE31 010000          	  3017: 	LXI	B,0	;start looking for space from the start
01:EE34 B7              	  3018: 	ORA	A	;if none allocated as yet.
01:EE35 CA3FEE          	  3019: 	JZ	WTSEQ2
01:EE38 4F              	  3020: 	MOV	C,A	;extract previous block number from fcb
01:EE39 0B              	  3021: 	DCX	B	;so we can be closest to it.
01:EE3A CD62E8          	  3022: 	CALL	EXTBLK
01:EE3D 44              	  3023: 	MOV	B,H
01:EE3E 4D              	  3024: 	MOV	C,L
01:EE3F CDC2EB          	  3025: WTSEQ2	CALL	FNDSPACE;find the next empty block nearest number (BC).
01:EE42 7D              	  3026: 	MOV	A,L	;check for a zero number.
01:EE43 B4              	  3027: 	ORA	H
01:EE44 C24CEE          	  3028: 	JNZ	WTSEQ3
01:EE47 3E02            	  3029: 	MVI	A,2	;no more space?
01:EE49 C305E7          	  3030: 	JMP	SETSTAT
01:EE4C 22E9F1          	  3031: WTSEQ3	SHLD	BLKNMBR	;save block number to access.
01:EE4F EB              	  3032: 	XCHG		;put block number into (DE).
01:EE50 2A47E7          	  3033: 	LHLD	PARAMS	;now we must update the fcb for this
01:EE53 011000          	  3034: 	LXI	B,16	;newly allocated block.
01:EE56 09              	  3035: 	DAD	B
01:EE57 3AE1F1          	  3036: 	LDA	BIGDISK	;8 or 16 bit block numbers?
01:EE5A B7              	  3037: 	ORA	A
01:EE5B 3ADBF1          	  3038: 	LDA	RELBLOCK	;(* update this entry *)
01:EE5E CA68EE          	  3039: 	JZ	WTSEQ4	;zero means 16 bit ones.
01:EE61 CD68E9          	  3040: 	CALL	ADDA2HL	;(HL)=(HL)+(A)
01:EE64 73              	  3041: 	MOV	M,E	;store new block number.
01:EE65 C370EE          	  3042: 	JMP	WTSEQ5
01:EE68 4F              	  3043: WTSEQ4	MOV	C,A	;compute spot in this 16 bit table.
01:EE69 0600            	  3044: 	MVI	B,0
01:EE6B 09              	  3045: 	DAD	B
01:EE6C 09              	  3046: 	DAD	B
01:EE6D 73              	  3047: 	MOV	M,E	;stuff block number (DE) there.
01:EE6E 23              	  3048: 	INX	H
01:EE6F 72              	  3049: 	MOV	M,D
01:EE70 0E02            	  3050: WTSEQ5	MVI	C,2	;set (C) to indicate writing to un-used disk space.
01:EE72 3A49E7          	  3051: WTSEQ6	LDA	STATUS	;are we ok so far?
01:EE75 B7              	  3052: 	ORA	A
01:EE76 C0              	  3053: 	RNZ
01:EE77 C5              	  3054: 	PUSH	B	;yes, save write flag for bios (register C).
01:EE78 CD8EE8          	  3055: 	CALL	LOGICAL	;convert (BLKNMBR) over to loical sectors.
01:EE7B 3AD9F1          	  3056: 	LDA	MODE	;get access mode flag (1=sequential,
01:EE7E 3D              	  3057: 	DCR	A	;0=random, 2=special?).
01:EE7F 3D              	  3058: 	DCR	A
01:EE80 C2BFEE          	  3059: 	JNZ	WTSEQ9
                        	  3060: ;
                        	  3061: ;   Special random i/o from function #40. Maybe for M/PM, but the
                        	  3062: ; current block, if it has not been written to, will be zeroed
                        	  3063: ; out and then written (reason?).
                        	  3064: ;
01:EE83 C1              	  3065: 	POP	B
01:EE84 C5              	  3066: 	PUSH	B
01:EE85 79              	  3067: 	MOV	A,C	;get write status flag (2=writing unused space).
01:EE86 3D              	  3068: 	DCR	A
01:EE87 3D              	  3069: 	DCR	A
01:EE88 C2BFEE          	  3070: 	JNZ	WTSEQ9
01:EE8B E5              	  3071: 	PUSH	H
01:EE8C 2ABDF1          	  3072: 	LHLD	DIRBUF	;zero out the directory buffer.
01:EE8F 57              	  3073: 	MOV	D,A	;note that (A) is zero here.
01:EE90 77              	  3074: WTSEQ7	MOV	M,A
01:EE91 23              	  3075: 	INX	H
01:EE92 14              	  3076: 	INR	D	;do 128 bytes.
01:EE93 F290EE          	  3077: 	JP	WTSEQ7
01:EE96 CDE4E9          	  3078: 	CALL	DIRDMA	;tell the bios the dma address for directory access.
01:EE99 2AEBF1          	  3079: 	LHLD	LOGSECT	;get sector that starts current block.
01:EE9C 0E02            	  3080: 	MVI	C,2	;set 'writing to unused space' flag.
01:EE9E 22E9F1          	  3081: WTSEQ8	SHLD	BLKNMBR	;save sector to write.
01:EEA1 C5              	  3082: 	PUSH	B
01:EEA2 CDD5E7          	  3083: 	CALL	TRKSEC1	;determine its track and sector numbers.
01:EEA5 C1              	  3084: 	POP	B
01:EEA6 CDBCE7          	  3085: 	CALL	DOWRITE	;now write out 128 bytes of zeros.
01:EEA9 2AE9F1          	  3086: 	LHLD	BLKNMBR	;get sector number.
01:EEAC 0E00            	  3087: 	MVI	C,0	;set normal write flag.
01:EEAE 3AC8F1          	  3088: 	LDA	BLKMASK	;determine if we have written the entire
01:EEB1 47              	  3089: 	MOV	B,A	;physical block.
01:EEB2 A5              	  3090: 	ANA	L
01:EEB3 B8              	  3091: 	CMP	B
01:EEB4 23              	  3092: 	INX	H	;prepare for the next one.
01:EEB5 C29EEE          	  3093: 	JNZ	WTSEQ8	;continue until (BLKMASK+1) sectors written.
01:EEB8 E1              	  3094: 	POP	H	;reset next sector number.
01:EEB9 22E9F1          	  3095: 	SHLD	BLKNMBR
01:EEBC CDDEE9          	  3096: 	CALL	DEFDMA	;and reset dma address.
                        	  3097: ;
                        	  3098: ;   Normal disk write. Set the desired track and sector then
                        	  3099: ; do the actual write.
                        	  3100: ;
01:EEBF CDD5E7          	  3101: WTSEQ9	CALL	TRKSEC1	;determine track and sector for this write.
01:EEC2 C1              	  3102: 	POP	B	;get write status flag.
01:EEC3 C5              	  3103: 	PUSH	B
01:EEC4 CDBCE7          	  3104: 	CALL	DOWRITE	;and write this out.
01:EEC7 C1              	  3105: 	POP	B
01:EEC8 3AE7F1          	  3106: 	LDA	SAVNREC	;get number of records in file.
01:EECB 21E5F1          	  3107: 	LXI	H,SAVNXT;get last record written.
01:EECE BE              	  3108: 	CMP	M
01:EECF DAD6EE          	  3109: 	JC	WTSEQ10
01:EED2 77              	  3110: 	MOV	M,A	;we have to update record count.
01:EED3 34              	  3111: 	INR	M
01:EED4 0E02            	  3112: 	MVI	C,2
                        	  3113: ;
                        	  3114: ;*   This area has been patched to correct disk update problem
                        	  3115: ;* when using blocking and de-blocking in the BIOS.
                        	  3116: ;
01:EED6 00              	  3117: WTSEQ10	NOP		;was 'dcr c'
01:EED7 00              	  3118: 	NOP		;was 'dcr c'
01:EED8 210000          	  3119: 	LXI	H,0	;was 'jnz wtseq99'
                        	  3120: ;
                        	  3121: ; *   End of patch.
                        	  3122: ;
01:EEDB F5              	  3123: 	PUSH	PSW
01:EEDC CD6DE9          	  3124: 	CALL	GETS2	;set 'extent written to' flag.
01:EEDF E67F            	  3125: 	ANI	7FH	;(* clear bit 7 *)
01:EEE1 77              	  3126: 	MOV	M,A
01:EEE2 F1              	  3127: 	POP	PSW	;get record count for this extent.
01:EEE3 FE7F            	  3128: WTSEQ99	CPI	127	;is it full?
01:EEE5 C204EF          	  3129: 	JNZ	WTSEQ12
01:EEE8 3AD9F1          	  3130: 	LDA	MODE	;yes, are we in sequential mode?
01:EEEB FE01            	  3131: 	CPI	1
01:EEED C204EF          	  3132: 	JNZ	WTSEQ12
01:EEF0 CDD6E8          	  3133: 	CALL	SETNREC	;yes, set next record number.
01:EEF3 CD5EED          	  3134: 	CALL	GETNEXT	;and get next empty space in directory.
01:EEF6 2149E7          	  3135: 	LXI	H,STATUS;ok?
01:EEF9 7E              	  3136: 	MOV	A,M
01:EEFA B7              	  3137: 	ORA	A
01:EEFB C202EF          	  3138: 	JNZ	WTSEQ11
01:EEFE 3D              	  3139: 	DCR	A	;yes, set record count to -1.
01:EEFF 32E7F1          	  3140: 	STA	SAVNREC
01:EF02 3600            	  3141: WTSEQ11	MVI	M,0	;clear status.
01:EF04 C3D6E8          	  3142: WTSEQ12	JMP	SETNREC	;set next record to access.
                        	  3143: ;
                        	  3144: ;   For random i/o, set the fcb for the desired record number
                        	  3145: ; based on the 'r0,r1,r2' bytes. These bytes in the fcb are
                        	  3146: ; used as follows:
                        	  3147: ;
                        	  3148: ;       fcb+35            fcb+34            fcb+33
                        	  3149: ;  |     'r-2'      |      'r-1'      |      'r-0'     |
                        	  3150: ;  |7             0 | 7             0 | 7             0|
                        	  3151: ;  |0 0 0 0 0 0 0 0 | 0 0 0 0 0 0 0 0 | 0 0 0 0 0 0 0 0|
                        	  3152: ;  |    overflow   | | extra |  extent   |   record #  |
                        	  3153: ;  | ______________| |_extent|__number___|_____________|
                        	  3154: ;                     also 's2'
                        	  3155: ;
                        	  3156: ;   On entry, register (C) contains 0ffh if this is a read
                        	  3157: ; and thus we can not access unwritten disk space. Otherwise,
                        	  3158: ; another extent will be opened (for writing) if required.
                        	  3159: ;
01:EF07 AF              	  3160: POSITION:XRA	A	;set random i/o flag.
01:EF08 32D9F1          	  3161: 	STA	MODE
                        	  3162: ;
                        	  3163: ;   Special entry (function #40). M/PM ?
                        	  3164: ;
01:EF0B C5              	  3165: POSITN1	PUSH	B	;save read/write flag.
01:EF0C 2A47E7          	  3166: 	LHLD	PARAMS	;get address of fcb.
01:EF0F EB              	  3167: 	XCHG
01:EF10 212100          	  3168: 	LXI	H,33	;now get byte 'r0'.
01:EF13 19              	  3169: 	DAD	D
01:EF14 7E              	  3170: 	MOV	A,M
01:EF15 E67F            	  3171: 	ANI	7FH	;keep bits 0-6 for the record number to access.
01:EF17 F5              	  3172: 	PUSH	PSW
01:EF18 7E              	  3173: 	MOV	A,M	;now get bit 7 of 'r0' and bits 0-3 of 'r1'.
01:EF19 17              	  3174: 	RAL
01:EF1A 23              	  3175: 	INX	H
01:EF1B 7E              	  3176: 	MOV	A,M
01:EF1C 17              	  3177: 	RAL
01:EF1D E61F            	  3178: 	ANI	1FH	;and save this in bits 0-4 of (C).
01:EF1F 4F              	  3179: 	MOV	C,A	;this is the extent byte.
01:EF20 7E              	  3180: 	MOV	A,M	;now get the extra extent byte.
01:EF21 1F              	  3181: 	RAR
01:EF22 1F              	  3182: 	RAR
01:EF23 1F              	  3183: 	RAR
01:EF24 1F              	  3184: 	RAR
01:EF25 E60F            	  3185: 	ANI	0FH
01:EF27 47              	  3186: 	MOV	B,A	;and save it in (B).
01:EF28 F1              	  3187: 	POP	PSW	;get record number back to (A).
01:EF29 23              	  3188: 	INX	H	;check overflow byte 'r2'.
01:EF2A 6E              	  3189: 	MOV	L,M
01:EF2B 2C              	  3190: 	INR	L
01:EF2C 2D              	  3191: 	DCR	L
01:EF2D 2E06            	  3192: 	MVI	L,6	;prepare for error.
01:EF2F C28FEF          	  3193: 	JNZ	POSITN5	;out of disk space error.
01:EF32 212000          	  3194: 	LXI	H,32	;store record number into fcb.
01:EF35 19              	  3195: 	DAD	D
01:EF36 77              	  3196: 	MOV	M,A
01:EF37 210C00          	  3197: 	LXI	H,12	;and now check the extent byte.
01:EF3A 19              	  3198: 	DAD	D
01:EF3B 79              	  3199: 	MOV	A,C
01:EF3C 96              	  3200: 	SUB	M	;same extent as before?
01:EF3D C24BEF          	  3201: 	JNZ	POSITN2
01:EF40 210E00          	  3202: 	LXI	H,14	;yes, check extra extent byte 's2' also.
01:EF43 19              	  3203: 	DAD	D
01:EF44 78              	  3204: 	MOV	A,B
01:EF45 96              	  3205: 	SUB	M
01:EF46 E67F            	  3206: 	ANI	7FH
01:EF48 CA83EF          	  3207: 	JZ	POSITN3;same, we are almost done then.
                        	  3208: ;
                        	  3209: ;  Get here when another extent is required.
                        	  3210: ;
01:EF4B C5              	  3211: POSITN2	PUSH	B
01:EF4C D5              	  3212: 	PUSH	D
01:EF4D CDA6EC          	  3213: 	CALL	CLOSEIT	;close current extent.
01:EF50 D1              	  3214: 	POP	D
01:EF51 C1              	  3215: 	POP	B
01:EF52 2E03            	  3216: 	MVI	L,3	;prepare for error.
01:EF54 3A49E7          	  3217: 	LDA	STATUS
01:EF57 3C              	  3218: 	INR	A
01:EF58 CA88EF          	  3219: 	JZ	POSITN4	;close error.
01:EF5B 210C00          	  3220: 	LXI	H,12	;put desired extent into fcb now.
01:EF5E 19              	  3221: 	DAD	D
01:EF5F 71              	  3222: 	MOV	M,C
01:EF60 210E00          	  3223: 	LXI	H,14	;and store extra extent byte 's2'.
01:EF63 19              	  3224: 	DAD	D
01:EF64 70              	  3225: 	MOV	M,B
01:EF65 CD55EC          	  3226: 	CALL	OPENIT	;try and get this extent.
01:EF68 3A49E7          	  3227: 	LDA	STATUS	;was it there?
01:EF6B 3C              	  3228: 	INR	A
01:EF6C C283EF          	  3229: 	JNZ	POSITN3
01:EF6F C1              	  3230: 	POP	B	;no. can we create a new one (writing?).
01:EF70 C5              	  3231: 	PUSH	B
01:EF71 2E04            	  3232: 	MVI	L,4	;prepare for error.
01:EF73 0C              	  3233: 	INR	C
01:EF74 CA88EF          	  3234: 	JZ	POSITN4	;nope, reading unwritten space error.
01:EF77 CD28ED          	  3235: 	CALL	GETEMPTY;yes we can, try to find space.
01:EF7A 2E05            	  3236: 	MVI	L,5	;prepare for error.
01:EF7C 3A49E7          	  3237: 	LDA	STATUS
01:EF7F 3C              	  3238: 	INR	A
01:EF80 CA88EF          	  3239: 	JZ	POSITN4	;out of space?
                        	  3240: ;
                        	  3241: ;   Normal return location. Clear error code and return.
                        	  3242: ;
01:EF83 C1              	  3243: POSITN3	POP	B	;restore stack.
01:EF84 AF              	  3244: 	XRA	A	;and clear error code byte.
01:EF85 C305E7          	  3245: 	JMP	SETSTAT
                        	  3246: ;
                        	  3247: ;   Error. Set the 's2' byte to indicate this (why?).
                        	  3248: ;
01:EF88 E5              	  3249: POSITN4	PUSH	H
01:EF89 CD6DE9          	  3250: 	CALL	GETS2
01:EF8C 36C0            	  3251: 	MVI	M,0C0H
01:EF8E E1              	  3252: 	POP	H
                        	  3253: ;
                        	  3254: ;   Return with error code (presently in L).
                        	  3255: ;
01:EF8F C1              	  3256: POSITN5	POP	B
01:EF90 7D              	  3257: 	MOV	A,L	;get error code.
01:EF91 3249E7          	  3258: 	STA	STATUS
01:EF94 C37CE9          	  3259: 	JMP	SETS2B7
                        	  3260: ;
                        	  3261: ;   Read a random record.
                        	  3262: ;
01:EF97 0EFF            	  3263: READRAN	MVI	C,0FFH	;set 'read' status.
01:EF99 CD07EF          	  3264: 	CALL	POSITION;position the file to proper record.
01:EF9C CCC5ED          	  3265: 	CZ	RDSEQ1	;and read it as usual (if no errors).
01:EF9F C9              	  3266: 	RET
                        	  3267: ;
                        	  3268: ;   Write to a random record.
                        	  3269: ;
01:EFA0 0E00            	  3270: WRITERAN:MVI	C,0	;set 'writing' flag.
01:EFA2 CD07EF          	  3271: 	CALL	POSITION;position the file to proper record.
01:EFA5 CC07EE          	  3272: 	CZ	WTSEQ1	;and write as usual (if no errors).
01:EFA8 C9              	  3273: 	RET
                        	  3274: ;
                        	  3275: ;   Compute the random record number. Enter with (HL) pointing
                        	  3276: ; to a fcb an (DE) contains a relative location of a record
                        	  3277: ; number. On exit, (C) contains the 'r0' byte, (B) the 'r1'
                        	  3278: ; byte, and (A) the 'r2' byte.
                        	  3279: ;
                        	  3280: ;   On return, the zero flag is set if the record is within
                        	  3281: ; bounds. Otherwise, an overflow occured.
                        	  3282: ;
01:EFA9 EB              	  3283: COMPRAND:XCHG		;save fcb pointer in (DE).
01:EFAA 19              	  3284: 	DAD	D	;compute relative position of record #.
01:EFAB 4E              	  3285: 	MOV	C,M	;get record number into (BC).
01:EFAC 0600            	  3286: 	MVI	B,0
01:EFAE 210C00          	  3287: 	LXI	H,12	;now get extent.
01:EFB1 19              	  3288: 	DAD	D
01:EFB2 7E              	  3289: 	MOV	A,M	;compute (BC)=(record #)+(extent)*128.
01:EFB3 0F              	  3290: 	RRC		;move lower bit into bit 7.
01:EFB4 E680            	  3291: 	ANI	80H	;and ignore all other bits.
01:EFB6 81              	  3292: 	ADD	C	;add to our record number.
01:EFB7 4F              	  3293: 	MOV	C,A
01:EFB8 3E00            	  3294: 	MVI	A,0	;take care of any carry.
01:EFBA 88              	  3295: 	ADC	B
01:EFBB 47              	  3296: 	MOV	B,A
01:EFBC 7E              	  3297: 	MOV	A,M	;now get the upper bits of extent into
01:EFBD 0F              	  3298: 	RRC		;bit positions 0-3.
01:EFBE E60F            	  3299: 	ANI	0FH	;and ignore all others.
01:EFC0 80              	  3300: 	ADD	B	;add this in to 'r1' byte.
01:EFC1 47              	  3301: 	MOV	B,A
01:EFC2 210E00          	  3302: 	LXI	H,14	;get the 's2' byte (extra extent).
01:EFC5 19              	  3303: 	DAD	D
01:EFC6 7E              	  3304: 	MOV	A,M
01:EFC7 87              	  3305: 	ADD	A	;and shift it left 4 bits (bits 4-7).
01:EFC8 87              	  3306: 	ADD	A
01:EFC9 87              	  3307: 	ADD	A
01:EFCA 87              	  3308: 	ADD	A
01:EFCB F5              	  3309: 	PUSH	PSW	;save carry flag (bit 0 of flag byte).
01:EFCC 80              	  3310: 	ADD	B	;now add extra extent into 'r1'.
01:EFCD 47              	  3311: 	MOV	B,A
01:EFCE F5              	  3312: 	PUSH	PSW	;and save carry (overflow byte 'r2').
01:EFCF E1              	  3313: 	POP	H	;bit 0 of (L) is the overflow indicator.
01:EFD0 7D              	  3314: 	MOV	A,L
01:EFD1 E1              	  3315: 	POP	H	;and same for first carry flag.
01:EFD2 B5              	  3316: 	ORA	L	;either one of these set?
01:EFD3 E601            	  3317: 	ANI	01H	;only check the carry flags.
01:EFD5 C9              	  3318: 	RET
                        	  3319: ;
                        	  3320: ;   Routine to setup the fcb (bytes 'r0', 'r1', 'r2') to
                        	  3321: ; reflect the last record used for a random (or other) file.
                        	  3322: ; This reads the directory and looks at all extents computing
                        	  3323: ; the largerst record number for each and keeping the maximum
                        	  3324: ; value only. Then 'r0', 'r1', and 'r2' will reflect this
                        	  3325: ; maximum record number. This is used to compute the space used
                        	  3326: ; by a random file.
                        	  3327: ;
01:EFD6 0E0C            	  3328: RANSIZE	MVI	C,12	;look thru directory for first entry with
01:EFD8 CD1CEB          	  3329: 	CALL	FINDFST	;this name.
01:EFDB 2A47E7          	  3330: 	LHLD	PARAMS	;zero out the 'r0, r1, r2' bytes.
01:EFDE 112100          	  3331: 	LXI	D,33
01:EFE1 19              	  3332: 	DAD	D
01:EFE2 E5              	  3333: 	PUSH	H
01:EFE3 72              	  3334: 	MOV	M,D	;note that (D)=0.
01:EFE4 23              	  3335: 	INX	H
01:EFE5 72              	  3336: 	MOV	M,D
01:EFE6 23              	  3337: 	INX	H
01:EFE7 72              	  3338: 	MOV	M,D
01:EFE8 CDF9E9          	  3339: RANSIZ1	CALL	CKFILPOS;is there an extent to process?
01:EFEB CA10F0          	  3340: 	JZ	RANSIZ3	;no, we are done.
01:EFEE CD62E9          	  3341: 	CALL	FCB2HL	;set (HL) pointing to proper fcb in dir.
01:EFF1 110F00          	  3342: 	LXI	D,15	;point to last record in extent.
01:EFF4 CDA9EF          	  3343: 	CALL	COMPRAND;and compute random parameters.
01:EFF7 E1              	  3344: 	POP	H
01:EFF8 E5              	  3345: 	PUSH	H	;now check these values against those
01:EFF9 5F              	  3346: 	MOV	E,A	;already in fcb.
01:EFFA 79              	  3347: 	MOV	A,C	;the carry flag will be set if those
01:EFFB 96              	  3348: 	SUB	M	;in the fcb represent a larger size than
01:EFFC 23              	  3349: 	INX	H	;this extent does.
01:EFFD 78              	  3350: 	MOV	A,B
01:EFFE 9E              	  3351: 	SBB	M
01:EFFF 23              	  3352: 	INX	H
01:F000 7B              	  3353: 	MOV	A,E
01:F001 9E              	  3354: 	SBB	M
01:F002 DA0AF0          	  3355: 	JC	RANSIZ2
01:F005 73              	  3356: 	MOV	M,E	;we found a larger (in size) extent.
01:F006 2B              	  3357: 	DCX	H	;stuff these values into fcb.
01:F007 70              	  3358: 	MOV	M,B
01:F008 2B              	  3359: 	DCX	H
01:F009 71              	  3360: 	MOV	M,C
01:F00A CD31EB          	  3361: RANSIZ2	CALL	FINDNXT	;now get the next extent.
01:F00D C3E8EF          	  3362: 	JMP	RANSIZ1	;continue til all done.
01:F010 E1              	  3363: RANSIZ3	POP	H	;we are done, restore the stack and
01:F011 C9              	  3364: 	RET		;return.
                        	  3365: ;
                        	  3366: ;   Function to return the random record position of a given
                        	  3367: ; file which has been read in sequential mode up to now.
                        	  3368: ;
01:F012 2A47E7          	  3369: SETRAN	LHLD	PARAMS	;point to fcb.
01:F015 112000          	  3370: 	LXI	D,32	;and to last used record.
01:F018 CDA9EF          	  3371: 	CALL	COMPRAND;compute random position.
01:F01B 212100          	  3372: 	LXI	H,33	;now stuff these values into fcb.
01:F01E 19              	  3373: 	DAD	D
01:F01F 71              	  3374: 	MOV	M,C	;move 'r0'.
01:F020 23              	  3375: 	INX	H
01:F021 70              	  3376: 	MOV	M,B	;and 'r1'.
01:F022 23              	  3377: 	INX	H
01:F023 77              	  3378: 	MOV	M,A	;and lastly 'r2'.
01:F024 C9              	  3379: 	RET
                        	  3380: ;
                        	  3381: ;   This routine select the drive specified in (ACTIVE) and
                        	  3382: ; update the login vector and bitmap table if this drive was
                        	  3383: ; not already active.
                        	  3384: ;
01:F025 2AB3F1          	  3385: LOGINDRV:LHLD	LOGIN	;get the login vector.
01:F028 3A46E7          	  3386: 	LDA	ACTIVE	;get the default drive.
01:F02B 4F              	  3387: 	MOV	C,A
01:F02C CDEEE8          	  3388: 	CALL	SHIFTR	;position active bit for this drive
01:F02F E5              	  3389: 	PUSH	H	;into bit 0.
01:F030 EB              	  3390: 	XCHG
01:F031 CD5DE7          	  3391: 	CALL	SELECT	;select this drive.
01:F034 E1              	  3392: 	POP	H
01:F035 CC4BE7          	  3393: 	CZ	SLCTERR	;valid drive?
01:F038 7D              	  3394: 	MOV	A,L	;is this a newly activated drive?
01:F039 1F              	  3395: 	RAR
01:F03A D8              	  3396: 	RC
01:F03B 2AB3F1          	  3397: 	LHLD	LOGIN	;yes, update the login vector.
01:F03E 4D              	  3398: 	MOV	C,L
01:F03F 44              	  3399: 	MOV	B,H
01:F040 CD0FE9          	  3400: 	CALL	SETBIT
01:F043 22B3F1          	  3401: 	SHLD	LOGIN	;and save.
01:F046 C3A7EA          	  3402: 	JMP	BITMAP	;now update the bitmap.
                        	  3403: ;
                        	  3404: ;   Function to set the active disk number.
                        	  3405: ;
01:F049 3ADAF1          	  3406: SETDSK	LDA	EPARAM	;get parameter passed and see if this
01:F04C 2146E7          	  3407: 	LXI	H,ACTIVE;represents a change in drives.
01:F04F BE              	  3408: 	CMP	M
01:F050 C8              	  3409: 	RZ
01:F051 77              	  3410: 	MOV	M,A	;yes it does, log it in.
01:F052 C325F0          	  3411: 	JMP	LOGINDRV
                        	  3412: ;
                        	  3413: ;   This is the 'auto disk select' routine. The firsst byte
                        	  3414: ; of the fcb is examined for a drive specification. If non
                        	  3415: ; zero then the drive will be selected and loged in.
                        	  3416: ;
01:F055 3EFF            	  3417: AUTOSEL	MVI	A,0FFH	;say 'auto-select activated'.
01:F057 32E2F1          	  3418: 	STA	AUTO
01:F05A 2A47E7          	  3419: 	LHLD	PARAMS	;get drive specified.
01:F05D 7E              	  3420: 	MOV	A,M
01:F05E E61F            	  3421: 	ANI	1FH	;look at lower 5 bits.
01:F060 3D              	  3422: 	DCR	A	;adjust for (1=A, 2=B) etc.
01:F061 32DAF1          	  3423: 	STA	EPARAM	;and save for the select routine.
01:F064 FE1E            	  3424: 	CPI	1EH	;check for 'no change' condition.
01:F066 D279F0          	  3425: 	JNC	AUTOSL1	;yes, don't change.
01:F069 3A46E7          	  3426: 	LDA	ACTIVE	;we must change, save currently active
01:F06C 32E3F1          	  3427: 	STA	OLDDRV	;drive.
01:F06F 7E              	  3428: 	MOV	A,M	;and save first byte of fcb also.
01:F070 32E4F1          	  3429: 	STA	AUTOFLAG;this must be non-zero.
01:F073 E6E0            	  3430: 	ANI	0E0H	;whats this for (bits 6,7 are used for
01:F075 77              	  3431: 	MOV	M,A	;something)?
01:F076 CD49F0          	  3432: 	CALL	SETDSK	;select and log in this drive.
01:F079 3A45E7          	  3433: AUTOSL1	LDA	USERNO	;move user number into fcb.
01:F07C 2A47E7          	  3434: 	LHLD	PARAMS	;(* upper half of first byte *)
01:F07F B6              	  3435: 	ORA	M
01:F080 77              	  3436: 	MOV	M,A
01:F081 C9              	  3437: 	RET		;and return (all done).
                        	  3438: ;
                        	  3439: ;   Function to return the current cp/m version number.
                        	  3440: ;
01:F082 3E22            	  3441: GETVER	MVI	A,022h	;version 2.2
01:F084 C305E7          	  3442: 	JMP	SETSTAT
                        	  3443: ;
                        	  3444: ;   Function to reset the disk system.
                        	  3445: ;
01:F087 210000          	  3446: RSTDSK	LXI	H,0	;clear write protect status and log
01:F08A 22B1F1          	  3447: 	SHLD	WRTPRT	;in vector.
01:F08D 22B3F1          	  3448: 	SHLD	LOGIN
01:F090 AF              	  3449: 	XRA	A	;select drive 'A'.
01:F091 3246E7          	  3450: 	STA	ACTIVE
01:F094 218000          	  3451: 	LXI	H,TBUFF	;setup default dma address.
01:F097 22B5F1          	  3452: 	SHLD	USERDMA
01:F09A CDDEE9          	  3453: 	CALL	DEFDMA
01:F09D C325F0          	  3454: 	JMP	LOGINDRV;now log in drive 'A'.
                        	  3455: ;
                        	  3456: ;   Function to open a specified file.
                        	  3457: ;
01:F0A0 CD76E9          	  3458: OPENFIL	CALL	CLEARS2	;clear 's2' byte.
01:F0A3 CD55F0          	  3459: 	CALL	AUTOSEL	;select proper disk.
01:F0A6 C355EC          	  3460: 	JMP	OPENIT	;and open the file.
                        	  3461: ;
                        	  3462: ;   Function to close a specified file.
                        	  3463: ;
01:F0A9 CD55F0          	  3464: CLOSEFIL:CALL	AUTOSEL	;select proper disk.
01:F0AC C3A6EC          	  3465: 	JMP	CLOSEIT	;and close the file.
                        	  3466: ;
                        	  3467: ;   Function to return the first occurence of a specified file
                        	  3468: ; name. If the first byte of the fcb is '?' then the name will
                        	  3469: ; not be checked (get the first entry no matter what).
                        	  3470: ;
01:F0AF 0E00            	  3471: GETFST	MVI	C,0	;prepare for special search.
01:F0B1 EB              	  3472: 	XCHG
01:F0B2 7E              	  3473: 	MOV	A,M	;is first byte a '?'?
01:F0B3 FE3F            	  3474: 	CPI	'?'
01:F0B5 CAC6F0          	  3475: 	JZ	GETFST1	;yes, just get very first entry (zero length match).
01:F0B8 CDAAE8          	  3476: 	CALL	SETEXT	;get the extension byte from fcb.
01:F0BB 7E              	  3477: 	MOV	A,M	;is it '?'? if yes, then we want
01:F0BC FE3F            	  3478: 	CPI	'?'	;an entry with a specific 's2' byte.
01:F0BE C476E9          	  3479: 	CNZ	CLEARS2	;otherwise, look for a zero 's2' byte.
01:F0C1 CD55F0          	  3480: 	CALL	AUTOSEL	;select proper drive.
01:F0C4 0E0F            	  3481: 	MVI	C,15	;compare bytes 0-14 in fcb (12&13 excluded).
01:F0C6 CD1CEB          	  3482: GETFST1	CALL	FINDFST	;find an entry and then move it into
01:F0C9 C3EDE9          	  3483: 	JMP	MOVEDIR	;the users dma space.
                        	  3484: ;
                        	  3485: ;   Function to return the next occurence of a file name.
                        	  3486: ;
01:F0CC 2ADDF1          	  3487: GETNXT	LHLD	SAVEFCB	;restore pointers. note that no
01:F0CF 2247E7          	  3488: 	SHLD	PARAMS	;other dbos calls are allowed.
01:F0D2 CD55F0          	  3489: 	CALL	AUTOSEL	;no error will be returned, but the
01:F0D5 CD31EB          	  3490: 	CALL	FINDNXT	;results will be wrong.
01:F0D8 C3EDE9          	  3491: 	JMP	MOVEDIR
                        	  3492: ;
                        	  3493: ;   Function to delete a file by name.
                        	  3494: ;
01:F0DB CD55F0          	  3495: DELFILE	CALL	AUTOSEL	;select proper drive.
01:F0DE CDA0EB          	  3496: 	CALL	ERAFILE	;erase the file.
01:F0E1 C305EB          	  3497: 	JMP	STSTATUS;set status and return.
                        	  3498: ;
                        	  3499: ;   Function to execute a sequential read of the specified
                        	  3500: ; record number.
                        	  3501: ;
01:F0E4 CD55F0          	  3502: READSEQ	CALL	AUTOSEL	;select proper drive then read.
01:F0E7 C3C0ED          	  3503: 	JMP	RDSEQ
                        	  3504: ;
                        	  3505: ;   Function to write the net sequential record.
                        	  3506: ;
01:F0EA CD55F0          	  3507: WRTSEQ	CALL	AUTOSEL	;select proper drive then write.
01:F0ED C302EE          	  3508: 	JMP	WTSEQ
                        	  3509: ;
                        	  3510: ;   Create a file function.
                        	  3511: ;
01:F0F0 CD76E9          	  3512: FCREATE	CALL	CLEARS2	;clear the 's2' byte on all creates.
01:F0F3 CD55F0          	  3513: 	CALL	AUTOSEL	;select proper drive and get the next
01:F0F6 C328ED          	  3514: 	JMP	GETEMPTY;empty directory space.
                        	  3515: ;
                        	  3516: ;   Function to rename a file.
                        	  3517: ;
01:F0F9 CD55F0          	  3518: RENFILE	CALL	AUTOSEL	;select proper drive and then switch
01:F0FC CD1AEC          	  3519: 	CALL	CHGNAMES;file names.
01:F0FF C305EB          	  3520: 	JMP	STSTATUS
                        	  3521: ;
                        	  3522: ;   Function to return the login vector.
                        	  3523: ;
01:F102 2AB3F1          	  3524: GETLOG	LHLD	LOGIN
01:F105 C32DF1          	  3525: 	JMP	GETPRM1
                        	  3526: ;
                        	  3527: ;   Function to return the current disk assignment.
                        	  3528: ;
01:F108 3A46E7          	  3529: GETCRNT	LDA	ACTIVE
01:F10B C305E7          	  3530: 	JMP	SETSTAT
                        	  3531: ;
                        	  3532: ;   Function to set the dma address.
                        	  3533: ;
01:F10E EB              	  3534: PUTDMA	XCHG
01:F10F 22B5F1          	  3535: 	SHLD	USERDMA	;save in our space and then get to
01:F112 C3DEE9          	  3536: 	JMP	DEFDMA	;the bios with this also.
                        	  3537: ;
                        	  3538: ;   Function to return the allocation vector.
                        	  3539: ;
01:F115 2AC3F1          	  3540: GETALOC	LHLD	ALOCVECT
01:F118 C32DF1          	  3541: 	JMP	GETPRM1
                        	  3542: ;
                        	  3543: ;   Function to return the read-only status vector.
                        	  3544: ;
01:F11B 2AB1F1          	  3545: GETROV	LHLD	WRTPRT
01:F11E C32DF1          	  3546: 	JMP	GETPRM1
                        	  3547: ;
                        	  3548: ;   Function to set the file attributes (read-only, system).
                        	  3549: ;
01:F121 CD55F0          	  3550: SETATTR	CALL	AUTOSEL	;select proper drive then save attributes.
01:F124 CD3FEC          	  3551: 	CALL	SAVEATTR
01:F127 C305EB          	  3552: 	JMP	STSTATUS
                        	  3553: ;
                        	  3554: ;   Function to return the address of the disk parameter block
                        	  3555: ; for the current drive.
                        	  3556: ;
01:F12A 2ABFF1          	  3557: GETPARM	LHLD	DISKPB
01:F12D 2249E7          	  3558: GETPRM1	SHLD	STATUS
01:F130 C9              	  3559: 	RET
                        	  3560: ;
                        	  3561: ;   Function to get or set the user number. If (E) was (FF)
                        	  3562: ; then this is a request to return the current user number.
                        	  3563: ; Else set the user number from (E).
                        	  3564: ;
01:F131 3ADAF1          	  3565: GETUSER	LDA	EPARAM	;get parameter.
01:F134 FEFF            	  3566: 	CPI	0FFH	;get user number?
01:F136 C23FF1          	  3567: 	JNZ	SETUSER
01:F139 3A45E7          	  3568: 	LDA	USERNO	;yes, just do it.
01:F13C C305E7          	  3569: 	JMP	SETSTAT
01:F13F E61F            	  3570: SETUSER	ANI	1FH	;no, we should set it instead. keep low
01:F141 3245E7          	  3571: 	STA	USERNO	;bits (0-4) only.
01:F144 C9              	  3572: 	RET
                        	  3573: ;
                        	  3574: ;   Function to read a random record from a file.
                        	  3575: ;
01:F145 CD55F0          	  3576: RDRANDOM:CALL	AUTOSEL	;select proper drive and read.
01:F148 C397EF          	  3577: 	JMP	READRAN
                        	  3578: ;
                        	  3579: ;   Function to compute the file size for random files.
                        	  3580: ;
01:F14B CD55F0          	  3581: WTRANDOM:CALL	AUTOSEL	;select proper drive and write.
01:F14E C3A0EF          	  3582: 	JMP	WRITERAN
                        	  3583: ;
                        	  3584: ;   Function to compute the size of a random file.
                        	  3585: ;
01:F151 CD55F0          	  3586: FILESIZE:CALL	AUTOSEL	;select proper drive and check file length
01:F154 C3D6EF          	  3587: 	JMP	RANSIZE
                        	  3588: ;
                        	  3589: ;   Function #37. This allows a program to log off any drives.
                        	  3590: ; On entry, set (DE) to contain a word with bits set for those
                        	  3591: ; drives that are to be logged off. The log-in vector and the
                        	  3592: ; write protect vector will be updated. This must be a M/PM
                        	  3593: ; special function.
                        	  3594: ;
01:F157 2A47E7          	  3595: LOGOFF	LHLD	PARAMS	;get drives to log off.
01:F15A 7D              	  3596: 	MOV	A,L	;for each bit that is set, we want
01:F15B 2F              	  3597: 	CMA		;to clear that bit in (LOGIN)
01:F15C 5F              	  3598: 	MOV	E,A	;and (WRTPRT).
01:F15D 7C              	  3599: 	MOV	A,H
01:F15E 2F              	  3600: 	CMA
01:F15F 2AB3F1          	  3601: 	LHLD	LOGIN	;reset the login vector.
01:F162 A4              	  3602: 	ANA	H
01:F163 57              	  3603: 	MOV	D,A
01:F164 7D              	  3604: 	MOV	A,L
01:F165 A3              	  3605: 	ANA	E
01:F166 5F              	  3606: 	MOV	E,A
01:F167 2AB1F1          	  3607: 	LHLD	WRTPRT
01:F16A EB              	  3608: 	XCHG
01:F16B 22B3F1          	  3609: 	SHLD	LOGIN	;and save.
01:F16E 7D              	  3610: 	MOV	A,L	;now do the write protect vector.
01:F16F A3              	  3611: 	ANA	E
01:F170 6F              	  3612: 	MOV	L,A
01:F171 7C              	  3613: 	MOV	A,H
01:F172 A2              	  3614: 	ANA	D
01:F173 67              	  3615: 	MOV	H,A
01:F174 22B1F1          	  3616: 	SHLD	WRTPRT	;and save. all done.
01:F177 C9              	  3617: 	RET
                        	  3618: ;
                        	  3619: ;   Get here to return to the user.
                        	  3620: ;
01:F178 3AE2F1          	  3621: GOBACK	LDA	AUTO	;was auto select activated?
01:F17B B7              	  3622: 	ORA	A
01:F17C CA95F1          	  3623: 	JZ	GOBACK1
01:F17F 2A47E7          	  3624: 	LHLD	PARAMS	;yes, but was a change made?
01:F182 3600            	  3625: 	MVI	M,0	;(* reset first byte of fcb *)
01:F184 3AE4F1          	  3626: 	LDA	AUTOFLAG
01:F187 B7              	  3627: 	ORA	A
01:F188 CA95F1          	  3628: 	JZ	GOBACK1
01:F18B 77              	  3629: 	MOV	M,A	;yes, reset first byte properly.
01:F18C 3AE3F1          	  3630: 	LDA	OLDDRV	;and get the old drive and select it.
01:F18F 32DAF1          	  3631: 	STA	EPARAM
01:F192 CD49F0          	  3632: 	CALL	SETDSK
01:F195 2A13E7          	  3633: GOBACK1	LHLD	USRSTACK;reset the users stack pointer.
01:F198 F9              	  3634: 	SPHL
01:F199 2A49E7          	  3635: 	LHLD	STATUS	;get return status.
01:F19C 7D              	  3636: 	MOV	A,L	;force version 1.4 compatability.
01:F19D 44              	  3637: 	MOV	B,H
01:F19E C9              	  3638: 	RET		;and go back to user.
                        	  3639: ;
                        	  3640: ;   Function #40. This is a special entry to do random i/o.
                        	  3641: ; For the case where we are writing to unused disk space, this
                        	  3642: ; space will be zeroed out first. This must be a M/PM special
                        	  3643: ; purpose function, because why would any normal program even
                        	  3644: ; care about the previous contents of a sector about to be
                        	  3645: ; written over.
                        	  3646: ;
01:F19F CD55F0          	  3647: WTSPECL	CALL	AUTOSEL	;select proper drive.
01:F1A2 3E02            	  3648: 	MVI	A,2	;use special write mode.
01:F1A4 32D9F1          	  3649: 	STA	MODE
01:F1A7 0E00            	  3650: 	MVI	C,0	;set write indicator.
01:F1A9 CD0BEF          	  3651: 	CALL	POSITN1	;position the file.
01:F1AC CC07EE          	  3652: 	CZ	WTSEQ1	;and write (if no errors).
01:F1AF C9              	  3653: 	RET
                        	  3654: ;
                        	  3655: ;**************************************************************
                        	  3656: ;*
                        	  3657: ;*     BDOS data storage pool.
                        	  3658: ;*
                        	  3659: ;**************************************************************
                        	  3660: ;
01:F1B0 E5              	  3661: EMPTYFCB:DB	0E5H	;empty directory segment indicator.
01:F1B1 0000            	  3662: WRTPRT	DW	0	;write protect status for all 16 drives.
01:F1B3 0000            	  3663: LOGIN	DW	0	;drive active word (1 bit per drive).
01:F1B5 8000            	  3664: USERDMA	DW	080H	;user's dma address (defaults to 80h).
                        	  3665: ;
                        	  3666: ;   Scratch areas from parameter block.
                        	  3667: ;
01:F1B7 0000            	  3668: SCRATCH1:DW	0	;relative position within dir segment for file (0-3).
01:F1B9 0000            	  3669: SCRATCH2:DW	0	;last selected track number.
01:F1BB 0000            	  3670: SCRATCH3:DW	0	;last selected sector number.
                        	  3671: ;
                        	  3672: ;   Disk storage areas from parameter block.
                        	  3673: ;
01:F1BD 0000            	  3674: DIRBUF	DW	0	;address of directory buffer to use.
01:F1BF 0000            	  3675: DISKPB	DW	0	;contains address of disk parameter block.
01:F1C1 0000            	  3676: CHKVECT	DW	0	;address of check vector.
01:F1C3 0000            	  3677: ALOCVECT:DW	0	;address of allocation vector (bit map).
                        	  3678: ;
                        	  3679: ;   Parameter block returned from the bios.
                        	  3680: ;
01:F1C5 0000            	  3681: SECTORS	DW	0	;sectors per track from bios.
01:F1C7 00              	  3682: BLKSHFT	DB	0	;block shift.
01:F1C8 00              	  3683: BLKMASK	DB	0	;block mask.
01:F1C9 00              	  3684: EXTMASK	DB	0	;extent mask.
01:F1CA 0000            	  3685: DSKSIZE	DW	0	;disk size from bios (number of blocks-1).
01:F1CC 0000            	  3686: DIRSIZE	DW	0	;directory size.
01:F1CE 0000            	  3687: ALLOC0	DW	0	;storage for first bytes of bit map (dir space used).
01:F1D0 0000            	  3688: ALLOC1	DW	0
01:F1D2 0000            	  3689: OFFSET	DW	0	;first usable track number.
01:F1D4 0000            	  3690: XLATE	DW	0	;sector translation table address.
                        	  3691: ;
                        	  3692: ;
01:F1D6 00              	  3693: CLOSEFLG:DB	0	;close flag (=0ffh is extent written ok).
01:F1D7 00              	  3694: RDWRTFLG:DB	0	;read/write flag (0ffh=read, 0=write).
01:F1D8 00              	  3695: FNDSTAT	DB	0	;filename found status (0=found first entry).
01:F1D9 00              	  3696: MODE	DB	0	;I/o mode select (0=random, 1=sequential, 2=special random).
01:F1DA 00              	  3697: EPARAM	DB	0	;storage for register (E) on entry to bdos.
01:F1DB 00              	  3698: RELBLOCK:DB	0	;relative position within fcb of block number written.
01:F1DC 00              	  3699: COUNTER	DB	0	;byte counter for directory name searches.
01:F1DD 0000            	  3700: SAVEFCB	DW	0,0	;save space for address of fcb (for directory searches).
01:F1DF 0000
01:F1E1 00              	  3701: BIGDISK	DB	0	;if =0 then disk is > 256 blocks long.
01:F1E2 00              	  3702: AUTO	DB	0	;if non-zero, then auto select activated.
01:F1E3 00              	  3703: OLDDRV	DB	0	;on auto select, storage for previous drive.
01:F1E4 00              	  3704: AUTOFLAG:DB	0	;if non-zero, then auto select changed drives.
01:F1E5 00              	  3705: SAVNXT	DB	0	;storage for next record number to access.
01:F1E6 00              	  3706: SAVEXT	DB	0	;storage for extent number of file.
01:F1E7 0000            	  3707: SAVNREC	DW	0	;storage for number of records in file.
01:F1E9 0000            	  3708: BLKNMBR	DW	0	;block number (physical sector) used within a file or logical sector.
01:F1EB 0000            	  3709: LOGSECT	DW	0	;starting logical (128 byte) sector of block (physical sector).
01:F1ED 00              	  3710: FCBPOS	DB	0	;relative position within buffer for fcb of file of interest.
01:F1EE 0000            	  3711: FILEPOS	DW	0	;files position within directory (0 to max entries -1).
                        	  3712: ;
                        	  3713: ;   Disk directory buffer checksum bytes. One for each of the
                        	  3714: ; 16 possible drives.
                        	  3715: ;
01:F1F0 00              	  3716: CKSUMTBL:DB	0,0,0,0,0,0,0,0,0,0,0,0,0,0,0,0
01:F1F1 00
01:F1F2 00
01:F1F3 00
01:F1F4 00
01:F1F5 00
01:F1F6 00
01:F1F7 00
01:F1F8 00
01:F1F9 00
01:F1FA 00
01:F1FB 00
01:F1FC 00
01:F1FD 00
01:F1FE 00
01:F1FF 00
                        	  3717: ;
                        	  3718: ;   Extra space ?
                        	  3719: ;
01:F200 00              	  3720: 	DB	0,0,0,0
01:F201 00
01:F202 00
01:F203 00
                        	  3721: ;
                        	  3722: ;	Skeletal CBIOS for first level of CP/M 2.0 alteration
                        	  3723: ;
                        	  3724: MSIZE	equ	62	;cp/m version memory size in kilobytes
                        	  3725: ;
                        	  3726: ;	"bias" is address offset from 3400H for memory systems
                        	  3727: ;	than 16K (referred to as "b" throughout the text).
                        	  3728: ;
                        	  3729: BIAS equ	(MSIZE-20)*1024
                        	  3730: CCP equ	3400H+BIAS	;base of ccp
                        	  3731: BDOS equ	CCP+806h	;base of bdos
                        	  3732: BIOS equ	CCP+1600h	;base of bios
                        	  3733: CDISK equ	0004H	;current disk number 0=A,...,15=P
                        	  3734: ;iobyte	equ	0003h	;intel i/o byte
                        	  3735: ;
                        	  3736: NSECTS	equ	($-CCP)/128	;warm start sector count
                        	  3737: ;
                        	  3738: ;	jump vector for individual subroutines
01:F204 C3A0F2          	  3739: 	jmp	BOOT		;cold start
01:F207 C3AAF2          	  3740: WBOOTE:	jmp	WBOOT		;warm start
01:F20A C313F3          	  3741: 	jmp	CONST		;console status
01:F20D C323F3          	  3742: 	jmp	CONIN		;console character in
01:F210 C335F3          	  3743: 	jmp	CONOUT		;console character out
01:F213 C345F3          	  3744: 	jmp	LIST		;list character out
01:F216 C349F3          	  3745: 	jmp	PUNCH		;punch character out
01:F219 C34BF3          	  3746: 	jmp	READER		;reader character out
01:F21C C350F3          	  3747: 	jmp	HOME		;move head to home position
01:F21F C356F3          	  3748: 	jmp	SELDSK		;select disk
01:F222 C375F3          	  3749: 	jmp	SETTRK		;set track number
01:F225 C38AF3          	  3750: 	jmp	SETSEC		;set sector number
01:F228 C3A5F3          	  3751: 	jmp	SETDMA		;set dma address
01:F22B C3BBF3          	  3752: 	jmp	READ		;read disk
01:F22E C3C3F3          	  3753: 	jmp	WRITE		;write disk
01:F231 C347F3          	  3754: 	jmp	LISTST		;return list status
01:F234 C39FF3          	  3755: 	jmp	SECTRAN		;sector translate
                        	  3756: ;
                        	  3757: ;	fixed data tables for four-drive standard
                        	  3758: ;	IBM-compatible 8" disks
                        	  3759: ;	disk parameter header for disk 00
01:F237 77F2            	  3760: DPBASE:	dw	TRANS,0000H
01:F239 0000
01:F23B 0000            	  3761: 	dw	0000H,0000H
01:F23D 0000
01:F23F EFF3            	  3762: 	dw	DIRBF,DPBLK
01:F241 91F2
01:F243 EBF4            	  3763: 	dw	CHK00,ALL00
01:F245 6FF4
                        	  3764: ;	disk parameter header for disk 01
01:F247 77F2            	  3765: 	dw	TRANS,0000H
01:F249 0000
01:F24B 0000            	  3766: 	dw	0000H,0000H
01:F24D 0000
01:F24F EFF3            	  3767: 	dw	DIRBF,DPBLK
01:F251 91F2
01:F253 FBF4            	  3768: 	dw	CHK01,ALL01
01:F255 8EF4
                        	  3769: ;	disk parameter header for disk 02
01:F257 77F2            	  3770: 	dw	TRANS,0000H
01:F259 0000
01:F25B 0000            	  3771: 	dw	0000H,0000H
01:F25D 0000
01:F25F EFF3            	  3772: 	dw	DIRBF,DPBLK
01:F261 91F2
01:F263 0BF5            	  3773: 	dw	CHK02,ALL02
01:F265 ADF4
                        	  3774: ;	disk parameter header for disk 03
01:F267 77F2            	  3775: 	dw	TRANS,0000H
01:F269 0000
01:F26B 0000            	  3776: 	dw	0000H,0000H
01:F26D 0000
01:F26F EFF3            	  3777: 	dw	DIRBF,DPBLK
01:F271 91F2
01:F273 1BF5            	  3778: 	dw	CHK03,ALL03
01:F275 CCF4
                        	  3779: ;
                        	  3780: ;	sector translate vector
                        	  3781: ;   IMPORTANT: the emulator image is a FLAT and it's kinda complicated to
                        	  3782: ;   implement the same 'real' floppy disk logical sectors approach
                        	  3783: ;   so we're patching original code to follow this flat reading pattern
01:F277 01              	  3784: TRANS:	db	1,2,3,4,5,6,7,8,9,10,11,12,13,14,15,16,17,18,19,20,21,22,23,24,25,26
01:F278 02
01:F279 03
01:F27A 04
01:F27B 05
01:F27C 06
01:F27D 07
01:F27E 08
01:F27F 09
01:F280 0A
01:F281 0B
01:F282 0C
01:F283 0D
01:F284 0E
01:F285 0F
01:F286 10
01:F287 11
01:F288 12
01:F289 13
01:F28A 14
01:F28B 15
01:F28C 16
01:F28D 17
01:F28E 18
01:F28F 19
01:F290 1A
                        	  3785: ;TRANS:	db	1,7,13,19	;sectors 1,2,3,4
                        	  3786: ;	db	25,5,11,17	;sectors 5,6,7,8
                        	  3787: ;	db	23,3,9,15	;sectors 9,10,11,12
                        	  3788: ;	db	21,2,8,14	;sectors 13,14,15,16
                        	  3789: ;	db	20,26,6,12	;sectors 17,18,19,20
                        	  3790: ;	db	18,24,4,10	;sectors 21,22,23,24
                        	  3791: ;	db	16,22		;sectors 25,26
                        	  3792: ;
                        	  3793: DPBLK:	;disk parameter block, common to all disks
01:F291 1A00            	  3794: 	dw	26		;sectors per track
01:F293 03              	  3795: 	db	3		;block shift factor
01:F294 07              	  3796: 	db	7		;block mask
01:F295 00              	  3797: 	db	0		;null mask
01:F296 F200            	  3798: 	dw	242		;disk size-1
01:F298 3F00            	  3799: 	dw	63		;directory max
01:F29A C0              	  3800: 	db	192		;alloc 0
01:F29B 00              	  3801: 	db	0		;alloc 1
01:F29C 1000            	  3802: 	dw	16		;check size
01:F29E 0200            	  3803: 	dw	2		;track offset
                        	  3804: ;
                        	  3805: ;	end of fixed tables
                        	  3806: ;
                        	  3807: ;	individual subroutines to perform each function
                        	  3808: BOOT:	;simplest case is to just perform parameter initialization
01:F2A0 AF              	  3809: 	xra	a		;zero in the accum
01:F2A1 320300          	  3810: 	sta	IOBYTE		;clear the iobyte
01:F2A4 320400          	  3811: 	sta	CDISK		;select disk zero
01:F2A7 C3F3F2          	  3812: 	jmp	GOCPM		;initialize and go to cp/m
                        	  3813: ;
                        	  3814: WBOOT:	;warm start - reload CCP+BDOS from disk
01:F2AA 318000          	  3815: 	lxi	sp,80h		;use space below buffer for stack
01:F2AD 0E00            	  3816: 	mvi	c,0		;select disk 0
01:F2AF CD56F3          	  3817: 	call	SELDSK
01:F2B2 CD50F3          	  3818: 	call	HOME		;go to track 00
                        	  3819: ;
01:F2B5 062C            	  3820: 	mvi	b,NSECTS	;b counts # of sectors to load
01:F2B7 0E00            	  3821: 	mvi	c,0		;c has the current track number
01:F2B9 1602            	  3822: 	mvi	d,2		;d has the next sector to read
                        	  3823: ;	note that we begin by reading track 0, sector 2 since sector 1
                        	  3824: ;	contains the cold start loader, which is skipped in a warm start
01:F2BB 2100DC          	  3825: 	lxi	h,CCP		;base of cp/m (initial load point)
                        	  3826: LOAD1:	;load one more sector
01:F2BE C5              	  3827: 	push	b	;save sector count, current track
01:F2BF D5              	  3828: 	push	d	;save next sector to read
01:F2C0 E5              	  3829: 	push	h	;save dma address
01:F2C1 4A              	  3830: 	mov	c,d	;get sector address to register c
01:F2C2 CD8AF3          	  3831: 	call	SETSEC	;set sector address from register c
01:F2C5 C1              	  3832: 	pop	b	;recall dma address to b,c
01:F2C6 C5              	  3833: 	push	b	;replace on stack for later recall
01:F2C7 CDA5F3          	  3834: 	call	SETDMA	;set dma address from b,c
                        	  3835: ;
                        	  3836: ;	drive set to 0, track set, sector set, dma address set
01:F2CA CDBBF3          	  3837: 	call	READ
01:F2CD FE00            	  3838: 	cpi	00h	;any errors?
01:F2CF C2AAF2          	  3839: 	jnz	WBOOT	;retry the entire boot if an error occurs
                        	  3840: ;
                        	  3841: ;	no error, move to next sector
01:F2D2 E1              	  3842: 	pop	h	;recall dma address
01:F2D3 118000          	  3843: 	lxi	d,128	;dma=dma+128
01:F2D6 19              	  3844: 	dad	d	;new dma address is in h,l
01:F2D7 D1              	  3845: 	pop	d	;recall sector address
01:F2D8 C1              	  3846: 	pop	b	;recall number of sectors remaining, and current trk
01:F2D9 05              	  3847: 	dcr	b	;sectors=sectors-1
01:F2DA CAF3F2          	  3848: 	jz	GOCPM	;transfer to cp/m if all have been loaded
                        	  3849: ;
                        	  3850: ;	more sectors remain to load, check for track change
01:F2DD 14              	  3851: 	inr	d
01:F2DE 7A              	  3852: 	mov	a,d	;sector=27?, if so, change tracks
01:F2DF FE1B            	  3853: 	cpi	27
01:F2E1 DABEF2          	  3854: 	jc	LOAD1	;carry generated if sector<27
                        	  3855: ;
                        	  3856: ;	end of current track, go to next track
01:F2E4 1601            	  3857: 	mvi	d,1	;begin with first sector of next track
01:F2E6 0C              	  3858: 	inr	c	;track=track+1
                        	  3859: ;
                        	  3860: ;	save register state, and change tracks
01:F2E7 C5              	  3861: 	push	b
01:F2E8 D5              	  3862: 	push	d
01:F2E9 E5              	  3863: 	push	h
01:F2EA CD75F3          	  3864: 	call	SETTRK	;track address set from register c
01:F2ED E1              	  3865: 	pop	h
01:F2EE D1              	  3866: 	pop	d
01:F2EF C1              	  3867: 	pop	b
01:F2F0 C3BEF2          	  3868: 	jmp	LOAD1	;for another sector
                        	  3869: ;
                        	  3870: ;	end of load operation, set parameters and go to cp/m
                        	  3871: GOCPM:
01:F2F3 3EC3            	  3872: 	mvi	a,0c3h	;c3 is a jmp instruction
01:F2F5 320000          	  3873: 	sta	0	;for jmp to wboot
01:F2F8 21AAF2          	  3874: 	lxi	h,WBOOT	;wboot entry point
01:F2FB 220100          	  3875: 	shld	1	;set address field for jmp at 0
                        	  3876: ;
01:F2FE 320500          	  3877: 	sta	5	;for jmp to bdos
01:F301 2106E4          	  3878: 	lxi	h,BDOS	;bdos entry point
01:F304 220600          	  3879: 	shld	6	;address field of jump at 5 to bdos
                        	  3880: ;
01:F307 018000          	  3881: 	lxi	b,80h	;default dma address is 80h
01:F30A CDA5F3          	  3882: 	call	SETDMA
                        	  3883: ;
01:F30D FB              	  3884: 	ei		;enable the interrupt system
01:F30E AF              	  3885: 	xra	a	;clear drive selection
01:F30F 4F              	  3886: 	mov	c,a	;send to the ccp
01:F310 C300DC          	  3887: 	jmp	CCP	;go to cp/m for further processing
                        	  3888: ;
                        	  3889: ;
                        	  3890: ;	simple i/o handlers (must be filled in by user)
                        	  3891: ;	in each case, the entry point is provided, with space reserved
                        	  3892: ;	to insert your own code
                        	  3893: ;
                        	  3894: CONST:	;console status, return 0FFh if character ready, 00h if not
01:F313 DB00            	  3895: 	IN	0	;keyboard status
01:F315 C9              	  3896: 	RET
01:F316 00              	  3897: 	DS	0DH
01:F317 *
                        	  3898: CONIN:	;console character into register A
01:F323 DB00            	  3899: 	IN	0	;keyboard status
01:F325 E601            	  3900: 	ANI	01H	;character ready?
01:F327 CA23F3          	  3901: 	JZ	CONIN	;loop until ready
01:F32A DB01            	  3902: 	IN	1	;keyboard data
01:F32C E67F            	  3903: 	ANI	7FH	;strip parity
01:F32E C9              	  3904: 	RET
01:F32F 00              	  3905: 	DS	06H
01:F330 *
                        	  3906: CONOUT:	;console character output from register C
01:F335 79              	  3907: 	MOV	A,C
01:F336 D302            	  3908: 	OUT	2	;TTY output
01:F338 C9              	  3909: 	RET
01:F339 00              	  3910: 	DS	0CH
01:F33A *
                        	  3911: ;
                        	  3912: LIST:	;list character from register c
01:F345 79              	  3913: 	mov	a,c	;character to register a
01:F346 C9              	  3914: 	ret		;null subroutine
                        	  3915: ;
                        	  3916: LISTST:	;return list status (0 if not ready, 1 if ready)
01:F347 AF              	  3917: 	xra	a	;0 is always ok to return
01:F348 C9              	  3918: 	ret
                        	  3919: ;
                        	  3920: PUNCH:	;punch character from register c
01:F349 79              	  3921: 	mov	a,c	;character to register a
01:F34A C9              	  3922: 	ret		;null subroutine
                        	  3923: ;
                        	  3924: ;
                        	  3925: READER: ;read character into register a from reader device
01:F34B 3E1A            	  3926: 	mvi	a,1ah	;enter end of file for now (replace later)
01:F34D E67F            	  3927: 	ani	7fh	;remember to strip parity bit
01:F34F C9              	  3928: 	ret
                        	  3929: ;
                        	  3930: ;
                        	  3931: ;	i/o drivers for the disk follow
                        	  3932: ;	for now, we will simply store the parameters away for use
                        	  3933: ;	in the read and write subroutines
                        	  3934: ;
                        	  3935: HOME:	;move to the track 00 position of current drive
                        	  3936: ;	translate this call into a settrk call with parameter 00
01:F350 0E00            	  3937: 	mvi	c,0	;select track 0
01:F352 CD75F3          	  3938: 	call	SETTRK
01:F355 C9              	  3939: 	ret		;we will move to 00 on first read/write
                        	  3940: ;
                        	  3941: SELDSK:	;select disk given by register C
01:F356 210000          	  3942: 	lxi	h,0000h	;error return code
01:F359 79              	  3943: 	mov	a,c
01:F35A 32EEF3          	  3944: 	sta	DISKNO
01:F35D FE04            	  3945: 	cpi	4	;must be between 0 and 3
01:F35F D0              	  3946: 	rnc		;no carry if 4,5,...
                        	  3947: ;	disk number is in the proper range
01:F360 D315            	  3948: 	out	0x15	;send drive number to emulator
01:F362 DB15            	  3949: 	in	0x15	;read back: 0=available, nonzero=unavailable
01:F364 B7              	  3950: 	ora	a	;set flags
01:F365 C0              	  3951: 	rnz		;return HL=0000 if drive unavailable
                        	  3952: ;	compute proper disk parameter header address
01:F366 3AEEF3          	  3953: 	lda	DISKNO
01:F369 6F              	  3954: 	mov	l,a	;L=disk number 0,1,2,3
01:F36A 2600            	  3955: 	mvi	h,0	;high order zero
01:F36C 29              	  3956: 	dad	h	;*2
01:F36D 29              	  3957: 	dad	h	;*4
01:F36E 29              	  3958: 	dad	h	;*8
01:F36F 29              	  3959: 	dad	h	;*16 (size of each header)
01:F370 1137F2          	  3960: 	lxi	d,DPBASE
01:F373 19              	  3961: 	dad	d	;HL=.dpbase(diskno*16)
01:F374 C9              	  3962: 	ret
                        	  3963: ;
                        	  3964: SETTRK:	;set track given by register c
01:F375 79              	  3965: 	mov	a,c
01:F376 32E8F3          	  3966: 	sta	TRACK
01:F379 00              	  3967: 	ds	10h	;space for track select
01:F37A *
01:F389 C9              	  3968: 	ret
                        	  3969: ;
                        	  3970: SETSEC:	;set sector given by register c
01:F38A 79              	  3971: 	mov	a,c
01:F38B 32EAF3          	  3972: 	sta	SECTOR
01:F38E 00              	  3973: 	ds	10h	;space for sector select
01:F38F *
01:F39E C9              	  3974: 	ret
                        	  3975: ;
                        	  3976: SECTRAN:
                        	  3977: SECTRN	EQU	SECTRAN
                        	  3978: 	;translate the sector given by BC using the
                        	  3979: 	;translate table given by DE
01:F39F EB              	  3980: 	xchg		;HL=.trans
01:F3A0 09              	  3981: 	dad	b	;HL=.trans(sector)
01:F3A1 6E              	  3982: 	mov	l,m	;L = trans(sector)
01:F3A2 2600            	  3983: 	mvi	h,0	;HL= trans(sector)
01:F3A4 C9              	  3984: 	ret		;with value in HL
                        	  3985: ;
                        	  3986: SETDMA:	;set dma address given by registers b and c
01:F3A5 69              	  3987: 	mov	l,c	;low order address
01:F3A6 60              	  3988: 	mov	h,b	;high order address
01:F3A7 22ECF3          	  3989: 	shld	DMAAD	;save the address
01:F3AA 00              	  3990: 	ds	10h	;space for setting the dma address
01:F3AB *
01:F3BA C9              	  3991: 	ret
                        	  3992: ;
                        	  3993: READ:	;perform read operation
01:F3BB 3E01            	  3994: 	mvi	a,1	;command = READ
01:F3BD 32E7F3          	  3995: 	sta	CMD_BYTE
01:F3C0 C3C8F3          	  3996: 	jmp	WAITIO	;to perform the actual i/o
                        	  3997: ;
                        	  3998: WRITE:	;perform a write operation
01:F3C3 3E02            	  3999: 	mvi	a,2	;command = WRITE
01:F3C5 32E7F3          	  4000: 	sta	CMD_BYTE
                        	  4001: ;
                        	  4002: WAITIO:	;enter here from read and write to perform the actual i/o
                        	  4003: ;	operation.  return a 00h in register a if the operation completes
                        	  4004: ;	properly, and 01h if an error occurs during the read or write
                        	  4005: ;
                        	  4006: ;	We use I/O ports 0x10-0x14 to communicate with the disk device:
                        	  4007: ;	  Port 0x10: Command (write) / Status (read)
                        	  4008: ;	  Port 0x11: Track number
                        	  4009: ;	  Port 0x12: Sector number
                        	  4010: ;	  Port 0x13: DMA address low byte
                        	  4011: ;	  Port 0x14: DMA address high byte
                        	  4012: ;
01:F3C8 3AE8F3          	  4013: 	lda	TRACK		;send track to device
01:F3CB D311            	  4014: 	out	0x11
01:F3CD 3AEAF3          	  4015: 	lda	SECTOR		;send sector to device
01:F3D0 D312            	  4016: 	out	0x12
01:F3D2 2AECF3          	  4017: 	lhld	DMAAD		;send DMA address to device
01:F3D5 7D              	  4018: 	mov	a,l
01:F3D6 D313            	  4019: 	out	0x13
01:F3D8 7C              	  4020: 	mov	a,h
01:F3D9 D314            	  4021: 	out	0x14
01:F3DB 3AE7F3          	  4022: 	lda	CMD_BYTE	;send command (1=read, 2=write)
01:F3DE D310            	  4023: 	out	0x10
01:F3E0 DB10            	  4024: 	in	0x10		;read status from device
01:F3E2 B7              	  4025: 	ora	a		;set flags
01:F3E3 C8              	  4026: 	rz			;return if status=0 (success)
01:F3E4 3E01            	  4027: 	mvi	a,1		;return error code
01:F3E6 C9              	  4028: 	ret
                        	  4029: CMD_BYTE:
01:F3E7 00              	  4030: 	db	0		;storage for read/write command
                        	  4031: ;
                        	  4032: ;	the remainder of the CBIOS is reserved uninitialized
                        	  4033: ;	data area, and does not need to be a part of the
                        	  4034: ;	system memory image (the space must be available,
                        	  4035: ;	however, between "begdat" and "enddat").
                        	  4036: ;
01:F3E8 00              	  4037: TRACK:	ds	2	;two bytes for expansion
01:F3E9 *
01:F3EA 00              	  4038: SECTOR:	ds	2	;two bytes for expansion
01:F3EB *
01:F3EC 00              	  4039: DMAAD:	ds	2	;direct memory address
01:F3ED *
01:F3EE 00              	  4040: DISKNO:	ds	1	;disk number 0-15
                        	  4041: ;
                        	  4042: ;	scratch ram area for BDOS use
                        	  4043: BEGDAT equ	$	;beginning of data area
01:F3EF 00              	  4044: DIRBF:	ds	128	;scratch directory area
01:F3F0 *
01:F46F 00              	  4045: ALL00:	ds	31	;allocation vector 0
01:F470 *
01:F48E 00              	  4046: ALL01:	ds	31	;allocation vector 1
01:F48F *
01:F4AD 00              	  4047: ALL02:	ds	31	;allocation vector 2
01:F4AE *
01:F4CC 00              	  4048: ALL03:	ds	31	;allocation vector 3
01:F4CD *
01:F4EB 00              	  4049: CHK00:	ds	16	;check vector 0
01:F4EC *
01:F4FB 00              	  4050: CHK01:	ds	16	;check vector 1
01:F4FC *
01:F50B 00              	  4051: CHK02:	ds	16	;check vector 2
01:F50C *
01:F51B 00              	  4052: CHK03:	ds	16	;check vector 3
01:F51C *
                        	  4053: ;
                        	  4054: ENDDAT equ	$	;end of data area
                        	  4055: DATSIZ equ	$-BEGDAT;size of data area
                        	  4056: 	end
                        	  4057: 


Symbols by name:
ACTIVE                           A:E746
ADDA2HL                          A:E968
ADDHL                            A:DE59
ALL00                            A:F46F
ALL01                            A:F48E
ALL02                            A:F4AD
ALL03                            A:F4CC
ALLOC0                           A:F1CE
ALLOC1                           A:F1D0
ALOCVECT                         A:F1C3
AUTO                             A:F1E2
AUTOFLAG                         A:F1E4
AUTOSEL                          A:F055
AUTOSL1                          A:F079
BACKUP                           A:E5A8
BACKUP1                          A:E5B0
BADLOAD                          A:E37A
BADSCTR                          A:E409
BADSEC                           A:E4CE
BADSEL                           A:E4D9
BADSLCT                          A:E40B
BATCH                            A:E3AB
BATCHFCB                         A:E3AC
BDOS                             E:E406
BDOSDRV                          A:E4CA
BDOSERR                          A:E4BE
BEGDAT                           E:F3EF
BIAS                             E:A800
BIGDISK                          A:F1E1
BITMAP                           A:EAA7
BITMAP1                          A:EAB5
BITMAP2                          A:EAD6
BITMAP3                          A:EAFA
BLKMASK                          A:F1C8
BLKNMBR                          A:F1E9
BLKSHFT                          A:F1C7
BOOT                             A:F2A0
BS                               E:0008
CBASE                            A:DC00
CCP                              E:DC00
CCPSTACK                         E:E3AB
CDISK                            E:0004
CDRIVE                           A:E3EF
CHARBUF                          A:E712
CHECK                            A:DE30
CHECKDIR                         A:E9A2
CHECKSUM                         A:E8FB
CHGDRV                           A:E3F0
CHGNAM1                          A:EC2B
CHGNAMES                         A:EC1A
CHK00                            A:F4EB
CHK01                            A:F4FB
CHK02                            A:F50B
CHK03                            A:F51B
CHKBLK                           A:E888
CHKCHAR                          A:E518
CHKCON                           A:DDC2
CHKDIR1                          A:E9C8
CHKNMBR                          A:E990
CHKROFL                          A:E948
CHKSUM1                          A:E901
CHKVECT                          A:F1C1
CHKWPRT                          A:E958
CKBITMAP                         A:EA39
CKBMAP1                          A:EA5A
CKCON1                           A:E546
CKCON2                           A:E549
CKCONSOL                         A:E527
CKFILPOS                         A:E9F9
CKROF1                           A:E94B
CKSUMTBL                         A:F1F0
CLEARBUF                         A:DF58
CLEARS2                          A:E976
CLOSE                            A:DCDA
CLOSEFIL                         A:F0A9
CLOSEFLG                         A:F1D6
CLOSEIT                          A:ECA6
CLOSEIT1                         A:ECD1
CLOSEIT2                         A:ECDF
CLOSEIT3                         A:ECE5
CLOSEIT4                         A:ECEC
CLOSEIT5                         A:ED01
CLOSEIT6                         A:ED1B
CLOSEIT7                         A:ED23
CMDADR                           A:DFC1
CMDTBL                           A:DF10
CMD_BYTE                         A:F3E7
CMMND1                           A:DF82
CMMND2                           A:DF98
CNTRLC                           E:0003
CNTRLE                           E:0005
CNTRLP                           E:0010
CNTRLR                           E:0012
CNTRLS                           E:0013
CNTRLU                           E:0015
CNTRLX                           E:0018
CNTRLZ                           E:001A
COMBLK                           A:E87B
COMFILE                          A:E383
COMMAND                          A:DF5C
COMPRAND                         A:EFA9
CONIN                            A:F323
CONOUT                           A:F335
CONST                            A:F313
CONVERT                          A:DE60
CONVFST                          A:DE5E
CONVRT1                          A:DE89
CONVRT2                          A:DE90
CONVRT3                          A:DE96
CONVRT4                          A:DE98
CONVRT5                          A:DEA9
CONVRT6                          A:DEAB
CONVRT7                          A:DEAF
CONVRT8                          A:DEB9
COUNTER                          A:F1DC
CR                               E:000D
CREATE                           A:DD09
CRLF                             A:DC98
CURPOS                           A:E710
DE2HL                            A:E753
DE2HL1                           A:E754
DECODE                           A:DFF8
DECODE1                          A:E008
DECODE2                          A:E02A
DECODE3                          A:E033
DECODE4                          A:E03A
DEFDMA                           A:E9DE
DEL                              E:007F
DELBATCH                         A:DDDD
DELETE                           A:DCEF
DELFILE                          A:F0DB
DIRBF                            A:F3EF
DIRBUF                           A:F1BD
DIRC1                            A:E6E4
DIRCIO                           A:E6D8
DIRDMA                           A:E9E4
DIRDMA1                          A:E9E7
DIRECT                           A:E077
DIRECT1                          A:E088
DIRECT2                          A:E08F
DIRECT3                          A:E098
DIRECT4                          A:E0CC
DIRECT5                          A:E0D4
DIRECT6                          A:E0D9
DIRECT7                          A:E10E
DIRECT8                          A:E10F
DIRECT9                          A:E11B
DIRREAD                          A:E9D8
DIRSIZE                          A:F1CC
DIRWRITE                         A:E9CA
DISKNO                           A:F3EE
DISKPB                           A:F1BF
DISKRO                           A:E4E5
DMAAD                            A:F3EC
DMASET                           A:DDD8
DOREAD                           A:E7B6
DOWRITE                          A:E7BC
DPBASE                           A:F237
DPBLK                            A:F291
DRECT63                          A:E0F7
DRECT65                          A:E0F9
DSELECT                          A:E054
DSKSEL                           A:DCBD
DSKSIZE                          A:F1CA
EMPTYFCB                         A:F1B0
ENTRY                            E:0005
ENTRY1                           A:DCC3
ENTRY2                           A:DCF4
EPARAM                           A:F1DA
ERAFIL1                          A:EBA8
ERAFILE                          A:EBA0
ERASE                            A:E11F
ERASE1                           A:E142
ERROR1                           A:E499
ERROR2                           A:E4A5
ERROR3                           A:E4AB
ERROR4                           A:E4B1
ERROR5                           A:E4B4
EXISTS                           A:E282
EXTBLK                           A:E862
EXTBLK1                          A:E875
EXTMASK                          A:F1C9
EXTRACT                          A:E04B
FBASE                            A:E406
FBASE1                           A:E411
FCB                              A:E3CD
FCB2HL                           A:E962
FCBPOS                           A:F1ED
FCBSET                           A:EC01
FCREATE                          A:F0F0
FILEPOS                          A:F1EE
FILERO                           A:E4E0
FILESIZE                         A:F151
FINDFST                          A:EB1C
FINDNXT                          A:EB31
FNDNXT1                          A:EB4E
FNDNXT2                          A:EB57
FNDNXT3                          A:EB77
FNDNXT4                          A:EB80
FNDNXT5                          A:EB87
FNDNXT6                          A:EB98
FNDSPA1                          A:EBC4
FNDSPA2                          A:EBD5
FNDSPA3                          A:EBF0
FNDSPA4                          A:EBF8
FNDSPACE                         A:EBC2
FNDSTAT                          A:F1D8
FUNCTNS                          A:E447
GETALOC                          A:F115
GETBACK                          A:E386
GETBACK1                         A:E389
GETBLK1                          A:E849
GETBLK2                          A:E857
GETBLK3                          A:E860
GETBLOCK                         A:E842
GETCHAR                          A:E4FF
GETCON                           A:E6CC
GETCRNT                          A:F108
GETCSTS                          A:E702
GETDSK                           A:DDD0
GETECHO                          A:E50A
GETEMPTY                         A:ED28
GETEXT                           A:DEC0
GETEXT1                          A:DEC8
GETEXT2                          A:DED9
GETEXT3                          A:DEDB
GETEXT4                          A:DEDF
GETEXT5                          A:DEE9
GETEXT6                          A:DEF0
GETEXT7                          A:DEF2
GETEXT8                          A:DF01
GETEXT9                          A:DF09
GETFST                           A:F0AF
GETFST1                          A:F0C6
GETINP                           A:DD39
GETINP1                          A:DD96
GETINP2                          A:DDA7
GETINP3                          A:DDAB
GETINP4                          A:DDBA
GETIOB                           A:E6F1
GETLOG                           A:F102
GETMT1                           A:ED4A
GETNEXT                          A:ED5E
GETNXT                           A:F0CC
GETPARM                          A:F12A
GETPRM1                          A:F12D
GETRDR                           A:E6D2
GETROV                           A:F11B
GETS2                            A:E96D
GETSETUC                         A:DD15
GETUSER                          A:F131
GETUSR                           A:DD13
GETVER                           A:F082
GETWPRT                          A:E922
GOBACK                           A:F178
GOBACK1                          A:F195
GOCPM                            A:F2F3
GTNEXT1                          A:ED87
GTNEXT2                          A:ED92
GTNEXT3                          A:EDB0
GTNEXT4                          A:EDB3
GTNEXT5                          A:EDBA
HALT                             A:DFCF
HL2DE                            A:E042
HOME                             A:F350
HOMEDRV                          A:E7A5
INBUFF                           A:DC06
INPOINT                          A:DC88
IOBYTE                           E:0003
IOERR1                           A:E709
IORET                            A:E7BF
JUMPHL                           A:E74E
LF                               E:000A
LIST                             A:F345
LISTST                           A:F347
LOAD1                            A:F2BE
LOGICAL                          A:E88E
LOGICL1                          A:E894
LOGIN                            A:F1B3
LOGINDRV                         A:F025
LOGOFF                           A:F157
LOGSECT                          A:F1EB
MEM                              E:003E
MODE                             A:F1D9
MOREFLS                          A:E983
MOVE3                            A:E040
MOVECD                           A:DD29
MOVEDIR                          A:E9ED
MOVEWORD                         A:EC98
MSIZE                            E:003E
NAMEPNT                          A:DC8A
NBYTES                           A:E3F1
NEWLINE                          A:E5B5
NEWLN1                           A:E5BD
NFUNCTS                          E:0029
NOFILE                           A:DFF0
NONBLANK                         A:DE4F
NONE                             A:DFEA
NOSPACE                          A:E207
NSECTS                           E:002C
NUMCMDS                          E:0006
NXENT1                           A:EA1D
NXENT2                           A:EA24
NXENTRY                          A:EA09
OFFSET                           A:F1D2
OLDDRV                           A:F1E3
OPEN                             A:DCCB
OPENFCB                          A:DCD0
OPENFIL                          A:F0A0
OPENIT                           A:EC55
OPENIT1                          A:EC5E
OPENIT2                          A:EC8F
OUTCHAR                          A:E54C
OUTCHR1                          A:E566
OUTCHR2                          A:E57D
OUTCON                           A:E594
OUTCON1                          A:E59A
OUTCRLF                          A:E5CD
OUTFLAG                          A:E70E
PARAMS                           A:E747
PATTRN1                          A:DF28
PATTRN2                          A:E400
PLINE                            A:DCA7
PLINE2                           A:DCAC
POSITION                         A:EF07
POSITN1                          A:EF0B
POSITN2                          A:EF4B
POSITN3                          A:EF83
POSITN4                          A:EF88
POSITN5                          A:EF8F
PRINT                            A:DC8C
PRINTB                           A:DC92
PRTERR                           A:E4E9
PRTFLAG                          A:E711
PRTMESG                          A:E5D7
PRTSTR                           A:E6FC
PUNCH                            A:F349
PUTDMA                           A:F10E
RANSIZ1                          A:EFE8
RANSIZ2                          A:F00A
RANSIZ3                          A:F010
RANSIZE                          A:EFD6
RDBUF1                           A:E5F3
RDBUF10                          A:E674
RDBUF11                          A:E67C
RDBUF12                          A:E68E
RDBUF13                          A:E69D
RDBUF14                          A:E6AA
RDBUF15                          A:E6AD
RDBUF16                          A:E6C1
RDBUF17                          A:E6C5
RDBUF2                           A:E5F5
RDBUF3                           A:E61A
RDBUF4                           A:E62A
RDBUF5                           A:E63B
RDBUF6                           A:E64C
RDBUF7                           A:E652
RDBUF8                           A:E663
RDBUF9                           A:E66F
RDBUFF                           A:E5E5
RDERR                            A:DFDF
RDERROR                          A:DFD9
RDRANDOM                         A:F145
RDREC                            A:DCF9
RDSEQ                            A:EDC0
RDSEQ1                           A:EDC5
RDSEQ2                           A:EDEA
RDSEQ3                           A:EDFF
RDWRTFLG                         A:F1D7
READ                             A:F3BB
READER                           A:F34B
READFCB                          A:DCFE
READRAN                          A:EF97
READSEQ                          A:F0E4
RELBLOCK                         A:F1DB
RENAM                            A:DD0E
RENAME                           A:E210
RENAME1                          A:E23F
RENAME2                          A:E259
RENAME3                          A:E25E
RENAME4                          A:E26D
RENAME5                          A:E273
RENAME6                          A:E279
RENFILE                          A:F0F9
RESDSK                           A:DCB8
RESETDR                          A:E066
RODISK                           A:E40D
ROFILE                           A:E40F
RSTDSK                           A:F087
RTN                              A:E708
RTNCODE                          A:E3EE
SAMEXT                           A:EB0B
SAVATR1                          A:EC44
SAVE                             A:E1AD
SAVE1                            A:E1D4
SAVE2                            A:E1F1
SAVE3                            A:E1FB
SAVE4                            A:E201
SAVEATTR                         A:EC3F
SAVEFCB                          A:F1DD
SAVEXT                           A:F1E6
SAVNREC                          A:F1E7
SAVNXT                           A:F1E5
SCRATCH1                         A:F1B7
SCRATCH2                         A:F1B9
SCRATCH3                         A:F1BB
SEARCH                           A:DF2E
SEARCH1                          A:DF33
SEARCH2                          A:DF3C
SEARCH3                          A:DF4F
SEARCH4                          A:DF54
SECTOR                           A:F3EA
SECTORS                          A:F1C5
SECTRAN                          A:F39F
SECTRN                           E:F39F
SELDSK                           A:F356
SELECT                           A:E75D
SELECT1                          A:E7A1
SETATTR                          A:F121
SETBIT                           A:E90F
SETCDRV                          A:DD1A
SETDIR                           A:E9A0
SETDMA                           A:F3A5
SETDSK                           A:F049
SETEXT                           A:E8AA
SETFILE                          A:EA6F
SETFL1                           A:EA79
SETFL2                           A:EA8C
SETFL3                           A:EA92
SETFL4                           A:EAA1
SETHLDE                          A:E8B2
SETIOB                           A:E6F7
SETNREC                          A:E8D6
SETRAN                           A:F012
SETS2B7                          A:E97C
SETSEC                           A:F38A
SETSTAT                          A:E705
SETTRK                           A:F375
SETUSER                          A:F13F
SHIFTL                           A:E908
SHIFTL1                          A:E909
SHIFTR                           A:E8EE
SHIFTR1                          A:E8EF
SHOWIT                           A:E583
SLCTERR                          A:E74B
SPACE                            A:DCA2
SRCHFCB                          A:DCE9
SRCHFST                          A:DCDF
SRCHNXT                          A:DCE4
STARTING                         A:E70F
STATUS                           A:E749
STBITMAP                         A:EA60
STBMAP1                          A:EA68
STDDMA                           A:DDD5
STFILPOS                         A:EA02
STKAREA                          E:E745
STNREC1                          A:E8E2
STRDATA                          A:E8BF
STSTATUS                         A:EB05
SUBHL                            A:E999
SYNERR                           A:DE09
SYNERR1                          A:DE0F
SYNERR2                          A:DE22
TAB                              E:0009
TBASE                            E:0100
TBUFF                            E:0080
TDRIVE                           E:0004
TFCB                             E:005C
TRACK                            A:F3E8
TRANS                            A:F277
TRKSEC                           A:E7C7
TRKSEC1                          A:E7D5
TRKSEC2                          A:E7E8
TRKSEC3                          A:E7FE
TRKSEC4                          A:E813
TYPE                             A:E15D
TYPE1                            A:E174
TYPE2                            A:E177
TYPE3                            A:E187
TYPE4                            A:E1A0
TYPE5                            A:E1A7
UNKNOWN                          A:E2A5
UNKWN0                           A:E371
UNKWN1                           A:E2C4
UNKWN2                           A:E2CD
UNKWN3                           A:E2E1
UNKWN4                           A:E301
UNKWN5                           A:E330
UNKWN6                           A:E33E
UNKWN7                           A:E343
UNKWN8                           A:E34F
UNKWN9                           A:E36B
UPDATE                           A:EC05
UPDATE1                          A:EC14
UPPER                            A:DD30
USER                             A:E28E
USERDMA                          A:F1B5
USERNO                           A:E745
USRSTACK                         A:E713
VERIFY                           A:DDF5
VERIFY1                          A:DDFD
WAITIO                           A:F3C8
WBOOT                            A:F2AA
WBOOTE                           A:F207
WRITE                            A:F3C3
WRITERAN                         A:EFA0
WRTPRT                           A:F1B1
WRTPRTD                          A:E930
WRTREC                           A:DD04
WRTSEQ                           A:F0EA
WTRANDOM                         A:F14B
WTSEQ                            A:EE02
WTSEQ1                           A:EE07
WTSEQ10                          A:EED6
WTSEQ11                          A:EF02
WTSEQ12                          A:EF04
WTSEQ2                           A:EE3F
WTSEQ3                           A:EE4C
WTSEQ4                           A:EE68
WTSEQ5                           A:EE70
WTSEQ6                           A:EE72
WTSEQ7                           A:EE90
WTSEQ8                           A:EE9E
WTSEQ9                           A:EEBF
WTSEQ99                          A:EEE3
WTSPECL                          A:F19F
XLATE                            A:F1D4
YESNO                            A:E152

Symbols by value:
0003 CNTRLC
0003 IOBYTE
0004 CDISK
0004 TDRIVE
0005 CNTRLE
0005 ENTRY
0006 NUMCMDS
0008 BS
0009 TAB
000A LF
000D CR
0010 CNTRLP
0012 CNTRLR
0013 CNTRLS
0015 CNTRLU
0018 CNTRLX
001A CNTRLZ
0029 NFUNCTS
002C NSECTS
003E MEM
003E MSIZE
005C TFCB
007F DEL
0080 TBUFF
0100 TBASE
A800 BIAS
DC00 CBASE
DC00 CCP
DC06 INBUFF
DC88 INPOINT
DC8A NAMEPNT
DC8C PRINT
DC92 PRINTB
DC98 CRLF
DCA2 SPACE
DCA7 PLINE
DCAC PLINE2
DCB8 RESDSK
DCBD DSKSEL
DCC3 ENTRY1
DCCB OPEN
DCD0 OPENFCB
DCDA CLOSE
DCDF SRCHFST
DCE4 SRCHNXT
DCE9 SRCHFCB
DCEF DELETE
DCF4 ENTRY2
DCF9 RDREC
DCFE READFCB
DD04 WRTREC
DD09 CREATE
DD0E RENAM
DD13 GETUSR
DD15 GETSETUC
DD1A SETCDRV
DD29 MOVECD
DD30 UPPER
DD39 GETINP
DD96 GETINP1
DDA7 GETINP2
DDAB GETINP3
DDBA GETINP4
DDC2 CHKCON
DDD0 GETDSK
DDD5 STDDMA
DDD8 DMASET
DDDD DELBATCH
DDF5 VERIFY
DDFD VERIFY1
DE09 SYNERR
DE0F SYNERR1
DE22 SYNERR2
DE30 CHECK
DE4F NONBLANK
DE59 ADDHL
DE5E CONVFST
DE60 CONVERT
DE89 CONVRT1
DE90 CONVRT2
DE96 CONVRT3
DE98 CONVRT4
DEA9 CONVRT5
DEAB CONVRT6
DEAF CONVRT7
DEB9 CONVRT8
DEC0 GETEXT
DEC8 GETEXT1
DED9 GETEXT2
DEDB GETEXT3
DEDF GETEXT4
DEE9 GETEXT5
DEF0 GETEXT6
DEF2 GETEXT7
DF01 GETEXT8
DF09 GETEXT9
DF10 CMDTBL
DF28 PATTRN1
DF2E SEARCH
DF33 SEARCH1
DF3C SEARCH2
DF4F SEARCH3
DF54 SEARCH4
DF58 CLEARBUF
DF5C COMMAND
DF82 CMMND1
DF98 CMMND2
DFC1 CMDADR
DFCF HALT
DFD9 RDERROR
DFDF RDERR
DFEA NONE
DFF0 NOFILE
DFF8 DECODE
E008 DECODE1
E02A DECODE2
E033 DECODE3
E03A DECODE4
E040 MOVE3
E042 HL2DE
E04B EXTRACT
E054 DSELECT
E066 RESETDR
E077 DIRECT
E088 DIRECT1
E08F DIRECT2
E098 DIRECT3
E0CC DIRECT4
E0D4 DIRECT5
E0D9 DIRECT6
E0F7 DRECT63
E0F9 DRECT65
E10E DIRECT7
E10F DIRECT8
E11B DIRECT9
E11F ERASE
E142 ERASE1
E152 YESNO
E15D TYPE
E174 TYPE1
E177 TYPE2
E187 TYPE3
E1A0 TYPE4
E1A7 TYPE5
E1AD SAVE
E1D4 SAVE1
E1F1 SAVE2
E1FB SAVE3
E201 SAVE4
E207 NOSPACE
E210 RENAME
E23F RENAME1
E259 RENAME2
E25E RENAME3
E26D RENAME4
E273 RENAME5
E279 RENAME6
E282 EXISTS
E28E USER
E2A5 UNKNOWN
E2C4 UNKWN1
E2CD UNKWN2
E2E1 UNKWN3
E301 UNKWN4
E330 UNKWN5
E33E UNKWN6
E343 UNKWN7
E34F UNKWN8
E36B UNKWN9
E371 UNKWN0
E37A BADLOAD
E383 COMFILE
E386 GETBACK
E389 GETBACK1
E3AB BATCH
E3AB CCPSTACK
E3AC BATCHFCB
E3CD FCB
E3EE RTNCODE
E3EF CDRIVE
E3F0 CHGDRV
E3F1 NBYTES
E400 PATTRN2
E406 BDOS
E406 FBASE
E409 BADSCTR
E40B BADSLCT
E40D RODISK
E40F ROFILE
E411 FBASE1
E447 FUNCTNS
E499 ERROR1
E4A5 ERROR2
E4AB ERROR3
E4B1 ERROR4
E4B4 ERROR5
E4BE BDOSERR
E4CA BDOSDRV
E4CE BADSEC
E4D9 BADSEL
E4E0 FILERO
E4E5 DISKRO
E4E9 PRTERR
E4FF GETCHAR
E50A GETECHO
E518 CHKCHAR
E527 CKCONSOL
E546 CKCON1
E549 CKCON2
E54C OUTCHAR
E566 OUTCHR1
E57D OUTCHR2
E583 SHOWIT
E594 OUTCON
E59A OUTCON1
E5A8 BACKUP
E5B0 BACKUP1
E5B5 NEWLINE
E5BD NEWLN1
E5CD OUTCRLF
E5D7 PRTMESG
E5E5 RDBUFF
E5F3 RDBUF1
E5F5 RDBUF2
E61A RDBUF3
E62A RDBUF4
E63B RDBUF5
E64C RDBUF6
E652 RDBUF7
E663 RDBUF8
E66F RDBUF9
E674 RDBUF10
E67C RDBUF11
E68E RDBUF12
E69D RDBUF13
E6AA RDBUF14
E6AD RDBUF15
E6C1 RDBUF16
E6C5 RDBUF17
E6CC GETCON
E6D2 GETRDR
E6D8 DIRCIO
E6E4 DIRC1
E6F1 GETIOB
E6F7 SETIOB
E6FC PRTSTR
E702 GETCSTS
E705 SETSTAT
E708 RTN
E709 IOERR1
E70E OUTFLAG
E70F STARTING
E710 CURPOS
E711 PRTFLAG
E712 CHARBUF
E713 USRSTACK
E745 STKAREA
E745 USERNO
E746 ACTIVE
E747 PARAMS
E749 STATUS
E74B SLCTERR
E74E JUMPHL
E753 DE2HL
E754 DE2HL1
E75D SELECT
E7A1 SELECT1
E7A5 HOMEDRV
E7B6 DOREAD
E7BC DOWRITE
E7BF IORET
E7C7 TRKSEC
E7D5 TRKSEC1
E7E8 TRKSEC2
E7FE TRKSEC3
E813 TRKSEC4
E842 GETBLOCK
E849 GETBLK1
E857 GETBLK2
E860 GETBLK3
E862 EXTBLK
E875 EXTBLK1
E87B COMBLK
E888 CHKBLK
E88E LOGICAL
E894 LOGICL1
E8AA SETEXT
E8B2 SETHLDE
E8BF STRDATA
E8D6 SETNREC
E8E2 STNREC1
E8EE SHIFTR
E8EF SHIFTR1
E8FB CHECKSUM
E901 CHKSUM1
E908 SHIFTL
E909 SHIFTL1
E90F SETBIT
E922 GETWPRT
E930 WRTPRTD
E948 CHKROFL
E94B CKROF1
E958 CHKWPRT
E962 FCB2HL
E968 ADDA2HL
E96D GETS2
E976 CLEARS2
E97C SETS2B7
E983 MOREFLS
E990 CHKNMBR
E999 SUBHL
E9A0 SETDIR
E9A2 CHECKDIR
E9C8 CHKDIR1
E9CA DIRWRITE
E9D8 DIRREAD
E9DE DEFDMA
E9E4 DIRDMA
E9E7 DIRDMA1
E9ED MOVEDIR
E9F9 CKFILPOS
EA02 STFILPOS
EA09 NXENTRY
EA1D NXENT1
EA24 NXENT2
EA39 CKBITMAP
EA5A CKBMAP1
EA60 STBITMAP
EA68 STBMAP1
EA6F SETFILE
EA79 SETFL1
EA8C SETFL2
EA92 SETFL3
EAA1 SETFL4
EAA7 BITMAP
EAB5 BITMAP1
EAD6 BITMAP2
EAFA BITMAP3
EB05 STSTATUS
EB0B SAMEXT
EB1C FINDFST
EB31 FINDNXT
EB4E FNDNXT1
EB57 FNDNXT2
EB77 FNDNXT3
EB80 FNDNXT4
EB87 FNDNXT5
EB98 FNDNXT6
EBA0 ERAFILE
EBA8 ERAFIL1
EBC2 FNDSPACE
EBC4 FNDSPA1
EBD5 FNDSPA2
EBF0 FNDSPA3
EBF8 FNDSPA4
EC01 FCBSET
EC05 UPDATE
EC14 UPDATE1
EC1A CHGNAMES
EC2B CHGNAM1
EC3F SAVEATTR
EC44 SAVATR1
EC55 OPENIT
EC5E OPENIT1
EC8F OPENIT2
EC98 MOVEWORD
ECA6 CLOSEIT
ECD1 CLOSEIT1
ECDF CLOSEIT2
ECE5 CLOSEIT3
ECEC CLOSEIT4
ED01 CLOSEIT5
ED1B CLOSEIT6
ED23 CLOSEIT7
ED28 GETEMPTY
ED4A GETMT1
ED5E GETNEXT
ED87 GTNEXT1
ED92 GTNEXT2
EDB0 GTNEXT3
EDB3 GTNEXT4
EDBA GTNEXT5
EDC0 RDSEQ
EDC5 RDSEQ1
EDEA RDSEQ2
EDFF RDSEQ3
EE02 WTSEQ
EE07 WTSEQ1
EE3F WTSEQ2
EE4C WTSEQ3
EE68 WTSEQ4
EE70 WTSEQ5
EE72 WTSEQ6
EE90 WTSEQ7
EE9E WTSEQ8
EEBF WTSEQ9
EED6 WTSEQ10
EEE3 WTSEQ99
EF02 WTSEQ11
EF04 WTSEQ12
EF07 POSITION
EF0B POSITN1
EF4B POSITN2
EF83 POSITN3
EF88 POSITN4
EF8F POSITN5
EF97 READRAN
EFA0 WRITERAN
EFA9 COMPRAND
EFD6 RANSIZE
EFE8 RANSIZ1
F00A RANSIZ2
F010 RANSIZ3
F012 SETRAN
F025 LOGINDRV
F049 SETDSK
F055 AUTOSEL
F079 AUTOSL1
F082 GETVER
F087 RSTDSK
F0A0 OPENFIL
F0A9 CLOSEFIL
F0AF GETFST
F0C6 GETFST1
F0CC GETNXT
F0DB DELFILE
F0E4 READSEQ
F0EA WRTSEQ
F0F0 FCREATE
F0F9 RENFILE
F102 GETLOG
F108 GETCRNT
F10E PUTDMA
F115 GETALOC
F11B GETROV
F121 SETATTR
F12A GETPARM
F12D GETPRM1
F131 GETUSER
F13F SETUSER
F145 RDRANDOM
F14B WTRANDOM
F151 FILESIZE
F157 LOGOFF
F178 GOBACK
F195 GOBACK1
F19F WTSPECL
F1B0 EMPTYFCB
F1B1 WRTPRT
F1B3 LOGIN
F1B5 USERDMA
F1B7 SCRATCH1
F1B9 SCRATCH2
F1BB SCRATCH3
F1BD DIRBUF
F1BF DISKPB
F1C1 CHKVECT
F1C3 ALOCVECT
F1C5 SECTORS
F1C7 BLKSHFT
F1C8 BLKMASK
F1C9 EXTMASK
F1CA DSKSIZE
F1CC DIRSIZE
F1CE ALLOC0
F1D0 ALLOC1
F1D2 OFFSET
F1D4 XLATE
F1D6 CLOSEFLG
F1D7 RDWRTFLG
F1D8 FNDSTAT
F1D9 MODE
F1DA EPARAM
F1DB RELBLOCK
F1DC COUNTER
F1DD SAVEFCB
F1E1 BIGDISK
F1E2 AUTO
F1E3 OLDDRV
F1E4 AUTOFLAG
F1E5 SAVNXT
F1E6 SAVEXT
F1E7 SAVNREC
F1E9 BLKNMBR
F1EB LOGSECT
F1ED FCBPOS
F1EE FILEPOS
F1F0 CKSUMTBL
F207 WBOOTE
F237 DPBASE
F277 TRANS
F291 DPBLK
F2A0 BOOT
F2AA WBOOT
F2BE LOAD1
F2F3 GOCPM
F313 CONST
F323 CONIN
F335 CONOUT
F345 LIST
F347 LISTST
F349 PUNCH
F34B READER
F350 HOME
F356 SELDSK
F375 SETTRK
F38A SETSEC
F39F SECTRAN
F39F SECTRN
F3A5 SETDMA
F3BB READ
F3C3 WRITE
F3C8 WAITIO
F3E7 CMD_BYTE
F3E8 TRACK
F3EA SECTOR
F3EC DMAAD
F3EE DISKNO
F3EF BEGDAT
F3EF DIRBF
F46F ALL00
F48E ALL01
F4AD ALL02
F4CC ALL03
F4EB CHK00
F4FB CHK01
F50B CHK02
F51B CHK03
