Sections:
00: "org0001:0" (0-0)
01: "org0002:c000" (C000-E825)
02: "org0003:ff80" (FF80-FFF7)
03: "org0004:fffa" (FFFA-0)


Source: "/home/dimanchique/Projects/resim/applications/MOS6502/basic/src/min_mon.asm"
                        	     1: 
                        	     2: ; minimal monitor for EhBASIC and 6502 simulator V1.05
                        	     3: 
                        	     4: ; To run EhBASIC on the simulator load and assemble [F7] this file, start the simulator
                        	     5: ; running [F6] then start the code with the RESET [CTRL][SHIFT]R. Just selecting RUN
                        	     6: ; will do nothing, you'll still have to do a reset to run the code.
                        	     7: 
                        	     8: 	.include "basic.asm"

Source: "basic.asm"
                        	     1: 
                        	     2: ; Enhanced BASIC to assemble under 6502 simulator, $ver 2.22
                        	     3: 
                        	     4: ; $E7E1 $E7CF $E7C6 $E7D3 $E7D1 $E7D5 $E7CF $E81E $E825
                        	     5: 
                        	     6: ; 2.00	new revision numbers start here
                        	     7: ; 2.01	fixed LCASE$() and UCASE$()
                        	     8: ; 2.02	new get value routine done
                        	     9: ; 2.03	changed RND() to galoise method
                        	    10: ; 2.04	fixed SPC()
                        	    11: ; 2.05	new get value routine fixed
                        	    12: ; 2.06	changed USR() code
                        	    13: ; 2.07	fixed STR$()
                        	    14: ; 2.08	changed INPUT and READ to remove need for $00 start to input buffer
                        	    15: ; 2.09	fixed RND()
                        	    16: ; 2.10	integrated missed changes from an earlier version
                        	    17: ; 2.20	added ELSE to IF .. THEN and fixed IF .. GOTO <statement> to cause error
                        	    18: ; 2.21	fixed IF .. THEN RETURN to not cause error
                        	    19: ; 2.22	fixed RND() breaking the get byte routine
                        	    20: 
                        	    21: ; zero page use ..
                        	    22: 
                        	    23: LAB_WARM 		= $00		; BASIC warm start entry point
                        	    24: Wrmjpl 		= LAB_WARM+1; BASIC warm start vector jump low byte
                        	    25: Wrmjph 		= LAB_WARM+2; BASIC warm start vector jump high byte
                        	    26: 
                        	    27: Usrjmp		= $0A		; USR function JMP address
                        	    28: Usrjpl		= Usrjmp+1	; USR function JMP vector low byte
                        	    29: Usrjph		= Usrjmp+2	; USR function JMP vector high byte
                        	    30: Nullct		= $0D		; nulls output after each line
                        	    31: TPos			= $0E		; BASIC terminal position byte
                        	    32: TWidth		= $0F		; BASIC terminal width byte
                        	    33: Iclim			= $10		; input column limit
                        	    34: Itempl		= $11		; temporary integer low byte
                        	    35: Itemph		= Itempl+1	; temporary integer high byte
                        	    36: 
                        	    37: nums_1		= Itempl	; number to bin/hex string convert MSB
                        	    38: nums_2		= nums_1+1	; number to bin/hex string convert
                        	    39: nums_3		= nums_1+2	; number to bin/hex string convert LSB
                        	    40: 
                        	    41: Srchc			= $5B		; search character
                        	    42: Temp3			= Srchc	; temp byte used in number routines
                        	    43: Scnquo		= $5C		; scan-between-quotes flag
                        	    44: Asrch			= Scnquo	; alt search character
                        	    45: 
                        	    46: XOAw_l		= Srchc	; eXclusive OR, OR and AND word low byte
                        	    47: XOAw_h		= Scnquo	; eXclusive OR, OR and AND word high byte
                        	    48: 
                        	    49: Ibptr			= $5D		; input buffer pointer
                        	    50: Dimcnt		= Ibptr	; # of dimensions
                        	    51: Tindx			= Ibptr	; token index
                        	    52: 
                        	    53: Defdim		= $5E		; default DIM flag
                        	    54: Dtypef		= $5F		; data type flag, $FF=string, $00=numeric
                        	    55: Oquote		= $60		; open quote flag (b7) (Flag: DATA scan; LIST quote; memory)
                        	    56: Gclctd		= $60		; garbage collected flag
                        	    57: Sufnxf		= $61		; subscript/FNX flag, 1xxx xxx = FN(0xxx xxx)
                        	    58: Imode			= $62		; input mode flag, $00=INPUT, $80=READ
                        	    59: 
                        	    60: Cflag			= $63		; comparison evaluation flag
                        	    61: 
                        	    62: TabSiz		= $64		; TAB step size (was input flag)
                        	    63: 
                        	    64: next_s		= $65		; next descriptor stack address
                        	    65: 
                        	    66: 					; these two bytes form a word pointer to the item
                        	    67: 					; currently on top of the descriptor stack
                        	    68: last_sl		= $66		; last descriptor stack address low byte
                        	    69: last_sh		= $67		; last descriptor stack address high byte (always $00)
                        	    70: 
                        	    71: des_sk		= $68		; descriptor stack start address (temp strings)
                        	    72: 
                        	    73: ;			= $70		; End of descriptor stack
                        	    74: 
                        	    75: ut1_pl		= $71		; utility pointer 1 low byte
                        	    76: ut1_ph		= ut1_pl+1	; utility pointer 1 high byte
                        	    77: ut2_pl		= $73		; utility pointer 2 low byte
                        	    78: ut2_ph		= ut2_pl+1	; utility pointer 2 high byte
                        	    79: 
                        	    80: Temp_2		= ut1_pl	; temp byte for block move	
                        	    81: 
                        	    82: FACt_1		= $75		; FAC temp mantissa1
                        	    83: FACt_2		= FACt_1+1	; FAC temp mantissa2
                        	    84: FACt_3		= FACt_2+1	; FAC temp mantissa3
                        	    85: 
                        	    86: dims_l		= FACt_2	; array dimension size low byte
                        	    87: dims_h		= FACt_3	; array dimension size high byte
                        	    88: 
                        	    89: TempB			= $78		; temp page 0 byte
                        	    90: 
                        	    91: Smeml			= $79		; start of mem low byte		(Start-of-Basic)
                        	    92: Smemh			= Smeml+1	; start of mem high byte	(Start-of-Basic)
                        	    93: Svarl			= $7B		; start of vars low byte	(Start-of-Variables)
                        	    94: Svarh			= Svarl+1	; start of vars high byte	(Start-of-Variables)
                        	    95: Sarryl		= $7D		; var mem end low byte		(Start-of-Arrays)
                        	    96: Sarryh		= Sarryl+1	; var mem end high byte		(Start-of-Arrays)
                        	    97: Earryl		= $7F		; array mem end low byte	(End-of-Arrays)
                        	    98: Earryh		= Earryl+1	; array mem end high byte	(End-of-Arrays)
                        	    99: Sstorl		= $81		; string storage low byte	(String storage (moving down))
                        	   100: Sstorh		= Sstorl+1	; string storage high byte	(String storage (moving down))
                        	   101: Sutill		= $83		; string utility ptr low byte
                        	   102: Sutilh		= Sutill+1	; string utility ptr high byte
                        	   103: Ememl			= $85		; end of mem low byte		(Limit-of-memory)
                        	   104: Ememh			= Ememl+1	; end of mem high byte		(Limit-of-memory)
                        	   105: Clinel		= $87		; current line low byte		(Basic line number)
                        	   106: Clineh		= Clinel+1	; current line high byte	(Basic line number)
                        	   107: Blinel		= $89		; break line low byte		(Previous Basic line number)
                        	   108: Blineh		= Blinel+1	; break line high byte		(Previous Basic line number)
                        	   109: 
                        	   110: Cpntrl		= $8B		; continue pointer low byte
                        	   111: Cpntrh		= Cpntrl+1	; continue pointer high byte
                        	   112: 
                        	   113: Dlinel		= $8D		; current DATA line low byte
                        	   114: Dlineh		= Dlinel+1	; current DATA line high byte
                        	   115: 
                        	   116: Dptrl			= $8F		; DATA pointer low byte
                        	   117: Dptrh			= Dptrl+1	; DATA pointer high byte
                        	   118: 
                        	   119: Rdptrl		= $91		; read pointer low byte
                        	   120: Rdptrh		= Rdptrl+1	; read pointer high byte
                        	   121: 
                        	   122: Varnm1		= $93		; current var name 1st byte
                        	   123: Varnm2		= Varnm1+1	; current var name 2nd byte
                        	   124: 
                        	   125: Cvaral		= $95		; current var address low byte
                        	   126: Cvarah		= Cvaral+1	; current var address high byte
                        	   127: 
                        	   128: Frnxtl		= $97		; var pointer for FOR/NEXT low byte
                        	   129: Frnxth		= Frnxtl+1	; var pointer for FOR/NEXT high byte
                        	   130: 
                        	   131: Tidx1			= Frnxtl	; temp line index
                        	   132: 
                        	   133: Lvarpl		= Frnxtl	; let var pointer low byte
                        	   134: Lvarph		= Frnxth	; let var pointer high byte
                        	   135: 
                        	   136: prstk			= $99		; precedence stacked flag
                        	   137: 
                        	   138: comp_f		= $9B		; compare function flag, bits 0,1 and 2 used
                        	   139: 					; bit 2 set if >
                        	   140: 					; bit 1 set if =
                        	   141: 					; bit 0 set if <
                        	   142: 
                        	   143: func_l		= $9C		; function pointer low byte
                        	   144: func_h		= func_l+1	; function pointer high byte
                        	   145: 
                        	   146: garb_l		= func_l	; garbage collection working pointer low byte
                        	   147: garb_h		= func_h	; garbage collection working pointer high byte
                        	   148: 
                        	   149: des_2l		= $9E		; string descriptor_2 pointer low byte
                        	   150: des_2h		= des_2l+1	; string descriptor_2 pointer high byte
                        	   151: 
                        	   152: g_step		= $A0		; garbage collect step size
                        	   153: 
                        	   154: Fnxjmp		= $A1		; jump vector for functions
                        	   155: Fnxjpl		= Fnxjmp+1	; functions jump vector low byte
                        	   156: Fnxjph		= Fnxjmp+2	; functions jump vector high byte
                        	   157: 
                        	   158: g_indx		= Fnxjpl	; garbage collect temp index
                        	   159: 
                        	   160: FAC2_r		= $A3		; FAC2 rounding byte
                        	   161: 
                        	   162: Adatal		= $A4		; array data pointer low byte
                        	   163: Adatah		= Adatal+1	; array data pointer high  byte
                        	   164: 
                        	   165: Nbendl		= Adatal	; new block end pointer low byte
                        	   166: Nbendh		= Adatah	; new block end pointer high  byte
                        	   167: 
                        	   168: Obendl		= $A6		; old block end pointer low byte
                        	   169: Obendh		= Obendl+1	; old block end pointer high  byte
                        	   170: 
                        	   171: numexp		= $A8		; string to float number exponent count
                        	   172: expcnt		= $A9		; string to float exponent count
                        	   173: 
                        	   174: numbit		= numexp	; bit count for array element calculations
                        	   175: 
                        	   176: numdpf		= $AA		; string to float decimal point flag
                        	   177: expneg		= $AB		; string to float eval exponent -ve flag
                        	   178: 
                        	   179: Astrtl		= numdpf	; array start pointer low byte
                        	   180: Astrth		= expneg	; array start pointer high  byte
                        	   181: 
                        	   182: Histrl		= numdpf	; highest string low byte
                        	   183: Histrh		= expneg	; highest string high  byte
                        	   184: 
                        	   185: Baslnl		= numdpf	; BASIC search line pointer low byte
                        	   186: Baslnh		= expneg	; BASIC search line pointer high  byte
                        	   187: 
                        	   188: Fvar_l		= numdpf	; find/found variable pointer low byte
                        	   189: Fvar_h		= expneg	; find/found variable pointer high  byte
                        	   190: 
                        	   191: Ostrtl		= numdpf	; old block start pointer low byte
                        	   192: Ostrth		= expneg	; old block start pointer high  byte
                        	   193: 
                        	   194: Vrschl		= numdpf	; variable search pointer low byte
                        	   195: Vrschh		= expneg	; variable search pointer high  byte
                        	   196: 
                        	   197: FAC1_e		= $AC		; FAC1 exponent
                        	   198: FAC1_1		= FAC1_e+1	; FAC1 mantissa1
                        	   199: FAC1_2		= FAC1_e+2	; FAC1 mantissa2
                        	   200: FAC1_3		= FAC1_e+3	; FAC1 mantissa3
                        	   201: FAC1_s		= FAC1_e+4	; FAC1 sign (b7)
                        	   202: 
                        	   203: str_ln		= FAC1_e	; string length
                        	   204: str_pl		= FAC1_1	; string pointer low byte
                        	   205: str_ph		= FAC1_2	; string pointer high byte
                        	   206: 
                        	   207: des_pl		= FAC1_2	; string descriptor pointer low byte
                        	   208: des_ph		= FAC1_3	; string descriptor pointer high byte
                        	   209: 
                        	   210: mids_l		= FAC1_3	; MID$ string temp length byte
                        	   211: 
                        	   212: negnum		= $B1		; string to float eval -ve flag
                        	   213: numcon		= $B1		; series evaluation constant count
                        	   214: 
                        	   215: FAC1_o		= $B2		; FAC1 overflow byte
                        	   216: 
                        	   217: FAC2_e		= $B3		; FAC2 exponent
                        	   218: FAC2_1		= FAC2_e+1	; FAC2 mantissa1
                        	   219: FAC2_2		= FAC2_e+2	; FAC2 mantissa2
                        	   220: FAC2_3		= FAC2_e+3	; FAC2 mantissa3
                        	   221: FAC2_s		= FAC2_e+4	; FAC2 sign (b7)
                        	   222: 
                        	   223: FAC_sc		= $B8		; FAC sign comparison, Acc#1 vs #2
                        	   224: FAC1_r		= $B9		; FAC1 rounding byte
                        	   225: 
                        	   226: ssptr_l		= FAC_sc	; string start pointer low byte
                        	   227: ssptr_h		= FAC1_r	; string start pointer high byte
                        	   228: 
                        	   229: sdescr		= FAC_sc	; string descriptor pointer
                        	   230: 
                        	   231: csidx			= $BA		; line crunch save index
                        	   232: Asptl			= csidx	; array size/pointer low byte
                        	   233: Aspth			= $BB		; array size/pointer high byte
                        	   234: 
                        	   235: Btmpl			= Asptl	; BASIC pointer temp low byte
                        	   236: Btmph			= Aspth	; BASIC pointer temp low byte
                        	   237: 
                        	   238: Cptrl			= Asptl	; BASIC pointer temp low byte
                        	   239: Cptrh			= Aspth	; BASIC pointer temp low byte
                        	   240: 
                        	   241: Sendl			= Asptl	; BASIC pointer temp low byte
                        	   242: Sendh			= Aspth	; BASIC pointer temp low byte
                        	   243: 
                        	   244: LAB_IGBY		= $BC		; get next BASIC byte subroutine
                        	   245: 
                        	   246: LAB_GBYT		= $C2		; get current BASIC byte subroutine
                        	   247: Bpntrl		= $C3		; BASIC execute (get byte) pointer low byte
                        	   248: Bpntrh		= Bpntrl+1	; BASIC execute (get byte) pointer high byte
                        	   249: 
                        	   250: ;			= $D7		; end of get BASIC char subroutine
                        	   251: 
                        	   252: Rbyte4		= $D8		; extra PRNG byte
                        	   253: Rbyte1		= Rbyte4+1	; most significant PRNG byte
                        	   254: Rbyte2		= Rbyte4+2	; middle PRNG byte
                        	   255: Rbyte3		= Rbyte4+3	; least significant PRNG byte
                        	   256: 
                        	   257: NmiBase		= $DC		; NMI handler enabled/setup/triggered flags
                        	   258: 					; bit	function
                        	   259: 					; ===	========
                        	   260: 					; 7	interrupt enabled
                        	   261: 					; 6	interrupt setup
                        	   262: 					; 5	interrupt happened
                        	   263: ;			= $DD		; NMI handler addr low byte
                        	   264: ;			= $DE		; NMI handler addr high byte
                        	   265: IrqBase		= $DF		; IRQ handler enabled/setup/triggered flags
                        	   266: ;			= $E0		; IRQ handler addr low byte
                        	   267: ;			= $E1		; IRQ handler addr high byte
                        	   268: 
                        	   269: ;			= $DE		; unused
                        	   270: ;			= $DF		; unused
                        	   271: ;			= $E0		; unused
                        	   272: ;			= $E1		; unused
                        	   273: ;			= $E2		; unused
                        	   274: ;			= $E3		; unused
                        	   275: ;			= $E4		; unused
                        	   276: ;			= $E5		; unused
                        	   277: ;			= $E6		; unused
                        	   278: ;			= $E7		; unused
                        	   279: ;			= $E8		; unused
                        	   280: ;			= $E9		; unused
                        	   281: ;			= $EA		; unused
                        	   282: ;			= $EB		; unused
                        	   283: ;			= $EC		; unused
                        	   284: ;			= $ED		; unused
                        	   285: ;			= $EE		; unused
                        	   286: 
                        	   287: Decss			= $EF		; number to decimal string start
                        	   288: Decssp1		= Decss+1	; number to decimal string start
                        	   289: 
                        	   290: ;			= $FF		; decimal string end
                        	   291: 
                        	   292: ; token values needed for BASIC
                        	   293: 
                        	   294: ; primary command tokens (can start a statement)
                        	   295: 
                        	   296: TK_END		= $80			; END token
                        	   297: TK_FOR		= TK_END+1		; FOR token
                        	   298: TK_NEXT		= TK_FOR+1		; NEXT token
                        	   299: TK_DATA		= TK_NEXT+1		; DATA token
                        	   300: TK_INPUT		= TK_DATA+1		; INPUT token
                        	   301: TK_DIM		= TK_INPUT+1	; DIM token
                        	   302: TK_READ		= TK_DIM+1		; READ token
                        	   303: TK_LET		= TK_READ+1		; LET token
                        	   304: TK_DEC		= TK_LET+1		; DEC token
                        	   305: TK_GOTO		= TK_DEC+1		; GOTO token
                        	   306: TK_RUN		= TK_GOTO+1		; RUN token
                        	   307: TK_IF			= TK_RUN+1		; IF token
                        	   308: TK_RESTORE		= TK_IF+1		; RESTORE token
                        	   309: TK_GOSUB		= TK_RESTORE+1	; GOSUB token
                        	   310: TK_RETIRQ		= TK_GOSUB+1	; RETIRQ token
                        	   311: TK_RETNMI		= TK_RETIRQ+1	; RETNMI token
                        	   312: TK_RETURN		= TK_RETNMI+1	; RETURN token
                        	   313: TK_REM		= TK_RETURN+1	; REM token
                        	   314: TK_STOP		= TK_REM+1		; STOP token
                        	   315: TK_ON			= TK_STOP+1		; ON token
                        	   316: TK_NULL		= TK_ON+1		; NULL token
                        	   317: TK_INC		= TK_NULL+1		; INC token
                        	   318: TK_WAIT		= TK_INC+1		; WAIT token
                        	   319: TK_LOAD		= TK_WAIT+1		; LOAD token
                        	   320: TK_SAVE		= TK_LOAD+1		; SAVE token
                        	   321: TK_DEF		= TK_SAVE+1		; DEF token
                        	   322: TK_POKE		= TK_DEF+1		; POKE token
                        	   323: TK_DOKE		= TK_POKE+1		; DOKE token
                        	   324: TK_CALL		= TK_DOKE+1		; CALL token
                        	   325: TK_DO			= TK_CALL+1		; DO token
                        	   326: TK_LOOP		= TK_DO+1		; LOOP token
                        	   327: TK_PRINT		= TK_LOOP+1		; PRINT token
                        	   328: TK_CONT		= TK_PRINT+1	; CONT token
                        	   329: TK_LIST		= TK_CONT+1		; LIST token
                        	   330: TK_CLEAR		= TK_LIST+1		; CLEAR token
                        	   331: TK_NEW		= TK_CLEAR+1	; NEW token
                        	   332: TK_WIDTH		= TK_NEW+1		; WIDTH token
                        	   333: TK_GET		= TK_WIDTH+1	; GET token
                        	   334: TK_SWAP		= TK_GET+1		; SWAP token
                        	   335: TK_BITSET		= TK_SWAP+1		; BITSET token
                        	   336: TK_BITCLR		= TK_BITSET+1	; BITCLR token
                        	   337: TK_IRQ		= TK_BITCLR+1	; IRQ token
                        	   338: TK_NMI		= TK_IRQ+1		; NMI token
                        	   339: 
                        	   340: ; secondary command tokens, can't start a statement
                        	   341: 
                        	   342: TK_TAB		= TK_NMI+1		; TAB token
                        	   343: TK_ELSE		= TK_TAB+1		; ELSE token
                        	   344: TK_TO			= TK_ELSE+1		; TO token
                        	   345: TK_FN			= TK_TO+1		; FN token
                        	   346: TK_SPC		= TK_FN+1		; SPC token
                        	   347: TK_THEN		= TK_SPC+1		; THEN token
                        	   348: TK_NOT		= TK_THEN+1		; NOT token
                        	   349: TK_STEP		= TK_NOT+1		; STEP token
                        	   350: TK_UNTIL		= TK_STEP+1		; UNTIL token
                        	   351: TK_WHILE		= TK_UNTIL+1	; WHILE token
                        	   352: TK_OFF		= TK_WHILE+1	; OFF token
                        	   353: 
                        	   354: ; opperator tokens
                        	   355: 
                        	   356: TK_PLUS		= TK_OFF+1		; + token
                        	   357: TK_MINUS		= TK_PLUS+1		; - token
                        	   358: TK_MUL		= TK_MINUS+1	; * token
                        	   359: TK_DIV		= TK_MUL+1		; / token
                        	   360: TK_POWER		= TK_DIV+1		; ^ token
                        	   361: TK_AND		= TK_POWER+1	; AND token
                        	   362: TK_EOR		= TK_AND+1		; EOR token
                        	   363: TK_OR			= TK_EOR+1		; OR token
                        	   364: TK_RSHIFT		= TK_OR+1		; RSHIFT token
                        	   365: TK_LSHIFT		= TK_RSHIFT+1	; LSHIFT token
                        	   366: TK_GT			= TK_LSHIFT+1	; > token
                        	   367: TK_EQUAL		= TK_GT+1		; = token
                        	   368: TK_LT			= TK_EQUAL+1	; < token
                        	   369: 
                        	   370: ; functions tokens
                        	   371: 
                        	   372: TK_SGN		= TK_LT+1		; SGN token
                        	   373: TK_INT		= TK_SGN+1		; INT token
                        	   374: TK_ABS		= TK_INT+1		; ABS token
                        	   375: TK_USR		= TK_ABS+1		; USR token
                        	   376: TK_FRE		= TK_USR+1		; FRE token
                        	   377: TK_POS		= TK_FRE+1		; POS token
                        	   378: TK_SQR		= TK_POS+1		; SQR token
                        	   379: TK_RND		= TK_SQR+1		; RND token
                        	   380: TK_LOG		= TK_RND+1		; LOG token
                        	   381: TK_EXP		= TK_LOG+1		; EXP token
                        	   382: TK_COS		= TK_EXP+1		; COS token
                        	   383: TK_SIN		= TK_COS+1		; SIN token
                        	   384: TK_TAN		= TK_SIN+1		; TAN token
                        	   385: TK_ATN		= TK_TAN+1		; ATN token
                        	   386: TK_PEEK		= TK_ATN+1		; PEEK token
                        	   387: TK_DEEK		= TK_PEEK+1		; DEEK token
                        	   388: TK_SADD		= TK_DEEK+1		; SADD token
                        	   389: TK_LEN		= TK_SADD+1		; LEN token
                        	   390: TK_STRS		= TK_LEN+1		; STR$ token
                        	   391: TK_VAL		= TK_STRS+1		; VAL token
                        	   392: TK_ASC		= TK_VAL+1		; ASC token
                        	   393: TK_UCASES		= TK_ASC+1		; UCASE$ token
                        	   394: TK_LCASES		= TK_UCASES+1	; LCASE$ token
                        	   395: TK_CHRS		= TK_LCASES+1	; CHR$ token
                        	   396: TK_HEXS		= TK_CHRS+1		; HEX$ token
                        	   397: TK_BINS		= TK_HEXS+1		; BIN$ token
                        	   398: TK_BITTST		= TK_BINS+1		; BITTST token
                        	   399: TK_MAX		= TK_BITTST+1	; MAX token
                        	   400: TK_MIN		= TK_MAX+1		; MIN token
                        	   401: TK_PI			= TK_MIN+1		; PI token
                        	   402: TK_TWOPI		= TK_PI+1		; TWOPI token
                        	   403: TK_VPTR		= TK_TWOPI+1	; VARPTR token
                        	   404: TK_LEFTS		= TK_VPTR+1		; LEFT$ token
                        	   405: TK_RIGHTS		= TK_LEFTS+1	; RIGHT$ token
                        	   406: TK_MIDS		= TK_RIGHTS+1	; MID$ token
                        	   407: 
                        	   408: ; offsets from a base of X or Y
                        	   409: 
                        	   410: PLUS_0		= $00		; X or Y plus 0
                        	   411: PLUS_1		= $01		; X or Y plus 1
                        	   412: PLUS_2		= $02		; X or Y plus 2
                        	   413: PLUS_3		= $03		; X or Y plus 3
                        	   414: 
                        	   415: LAB_STAK		= $0100	; stack bottom, no offset
                        	   416: 
                        	   417: LAB_SKFE		= LAB_STAK+$FE
                        	   418: 					; flushed stack address
                        	   419: LAB_SKFF		= LAB_STAK+$FF
                        	   420: 					; flushed stack address
                        	   421: 
                        	   422: ccflag		= $0200	; BASIC CTRL-C flag, 00 = enabled, 01 = dis
                        	   423: ccbyte		= ccflag+1	; BASIC CTRL-C byte
                        	   424: ccnull		= ccbyte+1	; BASIC CTRL-C byte timeout
                        	   425: 
                        	   426: VEC_CC		= ccnull+1	; ctrl c check vector
                        	   427: 
                        	   428: VEC_IN		= VEC_CC+2	; input vector
                        	   429: VEC_OUT		= VEC_IN+2	; output vector
                        	   430: VEC_LD		= VEC_OUT+2	; load vector
                        	   431: VEC_SV		= VEC_LD+2	; save vector
                        	   432: 
                        	   433: ; Ibuffs can now be anywhere in RAM, ensure that the max length is < $80
                        	   434: 
                        	   435: Ibuffs		= IRQ_vec+$14
                        	   436: 					; start of input buffer after IRQ/NMI code
                        	   437: Ibuffe		= Ibuffs+$47; end of input buffer
                        	   438: 
                        	   439: Ram_base		= $0300	; start of user RAM (set as needed, should be page aligned)
                        	   440: Ram_top		= $C000	; end of user RAM+1 (set as needed, should be page aligned)
                        	   441: 
                        	   442: ; This start can be changed to suit your system
                        	   443:     *=  $0000
                        	   444: 	*=	$C000
                        	   445: 
                        	   446: ; BASIC cold start entry point
                        	   447: 
                        	   448: ; new page 2 initialisation, copy block to ccflag on
                        	   449: 
                        	   450: LAB_COLD
01:C000 A004            	   451: 	LDY	#PG2_TABE-PG2_TABS-1
                        	   452: 					; byte count-1
                        	   453: LAB_2D13
01:C002 B9F6E0          	   454: 	LDA	PG2_TABS,Y		; get byte
01:C005 990002          	   455: 	STA	ccflag,Y		; store in page 2
01:C008 88              	   456: 	DEY				; decrement count
01:C009 10F7            	   457: 	BPL	LAB_2D13		; loop if not done
                        	   458: 
01:C00B A2FF            	   459: 	LDX	#$FF			; set byte
01:C00D 8688            	   460: 	STX	Clineh		; set current line high byte (set immediate mode)
01:C00F 9A              	   461: 	TXS				; reset stack pointer
                        	   462: 
01:C010 A94C            	   463: 	LDA	#$4C			; code for JMP
01:C012 85A1            	   464: 	STA	Fnxjmp		; save for jump vector for functions
                        	   465: 
                        	   466: ; copy block from LAB_2CEE to $00BC - $00D3
                        	   467: 
01:C014 A21C            	   468: 	LDX	#StrTab-LAB_2CEE	; set byte count
                        	   469: LAB_2D4E
01:C016 BDFAE0          	   470: 	LDA	LAB_2CEE-1,X	; get byte from table
01:C019 95BB            	   471: 	STA	LAB_IGBY-1,X	; save byte in page zero
01:C01B CA              	   472: 	DEX				; decrement count
01:C01C D0F8            	   473: 	BNE	LAB_2D4E		; loop if not all done
                        	   474: 
                        	   475: ; copy block from StrTab to $0000 - $0012
                        	   476: 
                        	   477: LAB_GMEM
01:C01E A212            	   478: 	LDX	#EndTab-StrTab-1	; set byte count-1
                        	   479: TabLoop
01:C020 BD17E1          	   480: 	LDA	StrTab,X		; get byte from table
01:C023 9500            	   481: 	STA	PLUS_0,X		; save byte in page zero
01:C025 CA              	   482: 	DEX				; decrement count
01:C026 10F8            	   483: 	BPL	TabLoop		; loop if not all done
                        	   484: 
                        	   485: ; set-up start values
                        	   486: 
01:C028 A900            	   487: 	LDA	#$00			; clear A
01:C02A 85DC            	   488: 	STA	NmiBase		; clear NMI handler enabled flag
01:C02C 85DF            	   489: 	STA	IrqBase		; clear IRQ handler enabled flag
01:C02E 85B2            	   490: 	STA	FAC1_o		; clear FAC1 overflow byte
01:C030 8567            	   491: 	STA	last_sh		; clear descriptor stack top item pointer high byte
                        	   492: 
01:C032 A90E            	   493: 	LDA	#$0E			; set default tab size
01:C034 8564            	   494: 	STA	TabSiz		; save it
01:C036 A903            	   495: 	LDA	#$03			; set garbage collect step size for descriptor stack
01:C038 85A0            	   496: 	STA	g_step		; save it
01:C03A A268            	   497: 	LDX	#des_sk		; descriptor stack start
01:C03C 8665            	   498: 	STX	next_s		; set descriptor stack pointer
01:C03E 2092C8          	   499: 	JSR	LAB_CRLF		; print CR/LF
01:C041 A92A            	   500: 	LDA	#<LAB_MSZM		; point to memory size message (low addr)
01:C043 A0E1            	   501: 	LDY	#>LAB_MSZM		; point to memory size message (high addr)
01:C045 20D3C8          	   502: 	JSR	LAB_18C3		; print null terminated string from memory
01:C048 2040C2          	   503: 	JSR	LAB_INLN		; print "? " and get BASIC input
01:C04B 86C3            	   504: 	STX	Bpntrl		; set BASIC execute pointer low byte
01:C04D 84C4            	   505: 	STY	Bpntrh		; set BASIC execute pointer high byte
01:C04F 20C200          	   506: 	JSR	LAB_GBYT		; get last byte back
                        	   507: 
01:C052 D01F            	   508: 	BNE	LAB_2DAA		; branch if not null (user typed something)
                        	   509: 
01:C054 A000            	   510: 	LDY	#$00			; else clear Y
                        	   511: 					; character was null so get memory size the hard way
                        	   512: 					; we get here with Y=0 and Itempl/h = Ram_base
                        	   513: LAB_2D93
01:C056 E611            	   514: 	INC	Itempl		; increment temporary integer low byte
01:C058 D008            	   515: 	BNE	LAB_2D99		; branch if no overflow
                        	   516: 
01:C05A E612            	   517: 	INC	Itemph		; increment temporary integer high byte
01:C05C A512            	   518: 	LDA	Itemph		; get high byte
01:C05E C9C0            	   519: 	CMP	#>Ram_top		; compare with top of RAM+1
01:C060 F01D            	   520: 	BEQ	LAB_2DB6		; branch if match (end of user RAM)
                        	   521: 
                        	   522: LAB_2D99
01:C062 A955            	   523: 	LDA	#$55			; set test byte
01:C064 9111            	   524: 	STA	(Itempl),Y		; save via temporary integer
01:C066 D111            	   525: 	CMP	(Itempl),Y		; compare via temporary integer
01:C068 D015            	   526: 	BNE	LAB_2DB6		; branch if fail
                        	   527: 
01:C06A 0A              	   528: 	ASL				; shift test byte left (now $AA)
01:C06B 9111            	   529: 	STA	(Itempl),Y		; save via temporary integer
01:C06D D111            	   530: 	CMP	(Itempl),Y		; compare via temporary integer
01:C06F F0E5            	   531: 	BEQ	LAB_2D93		; if ok go do next byte
                        	   532: 
01:C071 D00C            	   533: 	BNE	LAB_2DB6		; branch if fail
                        	   534: 
                        	   535: LAB_2DAA
01:C073 20A6D9          	   536: 	JSR	LAB_2887		; get FAC1 from string
01:C076 A5AC            	   537: 	LDA	FAC1_e		; get FAC1 exponent
01:C078 C998            	   538: 	CMP	#$98			; compare with exponent = 2^24
01:C07A B0A2            	   539: 	BCS	LAB_GMEM		; if too large go try again
                        	   540: 
01:C07C 20F7D4          	   541: 	JSR	LAB_F2FU		; save integer part of FAC1 in temporary integer
                        	   542: 					; (no range check)
                        	   543: 
                        	   544: LAB_2DB6
01:C07F A511            	   545: 	LDA	Itempl		; get temporary integer low byte
01:C081 A412            	   546: 	LDY	Itemph		; get temporary integer high byte
01:C083 C001            	   547: 	CPY	#<Ram_base+1	; compare with start of RAM+$100 high byte
01:C085 9097            	   548: 	BCC	LAB_GMEM		; if too small go try again
                        	   549: 
                        	   550: 
                        	   551: ; uncomment these lines if you want to check on the high limit of memory. Note if
                        	   552: ; Ram_top is set too low then this will fail. default is ignore it and assume the
                        	   553: ; users know what they're doing!
                        	   554: 
                        	   555: ;	CPY	#>Ram_top		; compare with top of RAM high byte
                        	   556: ;	BCC	MEM_OK		; branch if < RAM top
                        	   557: 
                        	   558: ;	BNE	LAB_GMEM		; if too large go try again
                        	   559: 					; else was = so compare low bytes
                        	   560: ;	CMP	#<Ram_top		; compare with top of RAM low byte
                        	   561: ;	BEQ	MEM_OK		; branch if = RAM top
                        	   562: 
                        	   563: ;	BCS	LAB_GMEM		; if too large go try again
                        	   564: 
                        	   565: ;MEM_OK
01:C087 8585            	   566: 	STA	Ememl			; set end of mem low byte
01:C089 8486            	   567: 	STY	Ememh			; set end of mem high byte
01:C08B 8581            	   568: 	STA	Sstorl		; set bottom of string space low byte
01:C08D 8482            	   569: 	STY	Sstorh		; set bottom of string space high byte
                        	   570: 
01:C08F A000            	   571: 	LDY	#<Ram_base		; set start addr low byte
01:C091 A203            	   572: 	LDX	#>Ram_base		; set start addr high byte
01:C093 8479            	   573: 	STY	Smeml			; save start of mem low byte
01:C095 867A            	   574: 	STX	Smemh			; save start of mem high byte
                        	   575: 
                        	   576: ; this line is only needed if Ram_base is not $xx00
                        	   577: 
                        	   578: ;	LDY	#$00			; clear Y
01:C097 98              	   579: 	TYA				; clear A
01:C098 9179            	   580: 	STA	(Smeml),Y		; clear first byte
01:C09A E679            	   581: 	INC	Smeml			; increment start of mem low byte
                        	   582: 
                        	   583: ; these two lines are only needed if Ram_base is $xxFF
                        	   584: 
                        	   585: ;	BNE	LAB_2E05		; branch if no rollover
                        	   586: 
                        	   587: ;	INC	Smemh			; increment start of mem high byte
                        	   588: LAB_2E05
01:C09C 2092C8          	   589: 	JSR	LAB_CRLF		; print CR/LF
01:C09F 2050C3          	   590: 	JSR	LAB_1463		; do "NEW" and "CLEAR"
01:C0A2 A585            	   591: 	LDA	Ememl			; get end of mem low byte
01:C0A4 38              	   592: 	SEC				; set carry for subtract
01:C0A5 E579            	   593: 	SBC	Smeml			; subtract start of mem low byte
01:C0A7 AA              	   594: 	TAX				; copy to X
01:C0A8 A586            	   595: 	LDA	Ememh			; get end of mem high byte
01:C0AA E57A            	   596: 	SBC	Smemh			; subtract start of mem high byte
01:C0AC 2082DA          	   597: 	JSR	LAB_295E		; print XA as unsigned integer (bytes free)
01:C0AF A939            	   598: 	LDA	#<LAB_SMSG		; point to sign-on message (low addr)
01:C0B1 A0E1            	   599: 	LDY	#>LAB_SMSG		; point to sign-on message (high addr)
01:C0B3 20D3C8          	   600: 	JSR	LAB_18C3		; print null terminated string from memory
01:C0B6 A95A            	   601: 	LDA	#<LAB_1274		; warm start vector low byte
01:C0B8 A0C1            	   602: 	LDY	#>LAB_1274		; warm start vector high byte
01:C0BA 8501            	   603: 	STA	Wrmjpl		; save warm start vector low byte
01:C0BC 8402            	   604: 	STY	Wrmjph		; save warm start vector high byte
01:C0BE 6C0100          	   605: 	JMP	(Wrmjpl)		; go do warm start
                        	   606: 
                        	   607: ; open up space in memory
                        	   608: ; move (Ostrtl)-(Obendl) to new block ending at (Nbendl)
                        	   609: 
                        	   610: ; Nbendl,Nbendh - new block end address (A/Y)
                        	   611: ; Obendl,Obendh - old block end address
                        	   612: ; Ostrtl,Ostrth - old block start address
                        	   613: 
                        	   614: ; returns with ..
                        	   615: 
                        	   616: ; Nbendl,Nbendh - new block start address (high byte - $100)
                        	   617: ; Obendl,Obendh - old block start address (high byte - $100)
                        	   618: ; Ostrtl,Ostrth - old block start address (unchanged)
                        	   619: 
                        	   620: LAB_11CF
01:C0C1 200BC1          	   621: 	JSR	LAB_121F		; check available memory, "Out of memory" error if no room
                        	   622: 					; addr to check is in AY (low/high)
01:C0C4 857F            	   623: 	STA	Earryl		; save new array mem end low byte
01:C0C6 8480            	   624: 	STY	Earryh		; save new array mem end high byte
                        	   625: 
                        	   626: ; open up space in memory
                        	   627: ; move (Ostrtl)-(Obendl) to new block ending at (Nbendl)
                        	   628: ; don't set array end
                        	   629: 
                        	   630: LAB_11D6
01:C0C8 38              	   631: 	SEC				; set carry for subtract
01:C0C9 A5A6            	   632: 	LDA	Obendl		; get block end low byte
01:C0CB E5AA            	   633: 	SBC	Ostrtl		; subtract block start low byte
01:C0CD A8              	   634: 	TAY				; copy MOD(block length/$100) byte to Y
01:C0CE A5A7            	   635: 	LDA	Obendh		; get block end high byte
01:C0D0 E5AB            	   636: 	SBC	Ostrth		; subtract block start high byte
01:C0D2 AA              	   637: 	TAX				; copy block length high byte to X
01:C0D3 E8              	   638: 	INX				; +1 to allow for count=0 exit
01:C0D4 98              	   639: 	TYA				; copy block length low byte to A
01:C0D5 F024            	   640: 	BEQ	LAB_120A		; branch if length low byte=0
                        	   641: 
                        	   642: 					; block is (X-1)*256+Y bytes, do the Y bytes first
                        	   643: 
01:C0D7 38              	   644: 	SEC				; set carry for add + 1, two's complement
01:C0D8 49FF            	   645: 	EOR	#$FF			; invert low byte for subtract
01:C0DA 65A6            	   646: 	ADC	Obendl		; add block end low byte
                        	   647: 
01:C0DC 85A6            	   648: 	STA	Obendl		; save corrected old block end low byte
01:C0DE B003            	   649: 	BCS	LAB_11F3		; branch if no underflow
                        	   650: 
01:C0E0 C6A7            	   651: 	DEC	Obendh		; else decrement block end high byte
01:C0E2 38              	   652: 	SEC				; set carry for add + 1, two's complement
                        	   653: LAB_11F3
01:C0E3 98              	   654: 	TYA				; get MOD(block length/$100) byte
01:C0E4 49FF            	   655: 	EOR	#$FF			; invert low byte for subtract
01:C0E6 65A4            	   656: 	ADC	Nbendl		; add destination end low byte
01:C0E8 85A4            	   657: 	STA	Nbendl		; save modified new block end low byte
01:C0EA B008            	   658: 	BCS	LAB_1203		; branch if no underflow
                        	   659: 
01:C0EC C6A5            	   660: 	DEC	Nbendh		; else decrement block end high byte
01:C0EE 9004            	   661: 	BCC	LAB_1203		; branch always
                        	   662: 
                        	   663: LAB_11FF
01:C0F0 B1A6            	   664: 	LDA	(Obendl),Y		; get byte from source
01:C0F2 91A4            	   665: 	STA	(Nbendl),Y		; copy byte to destination
                        	   666: LAB_1203
01:C0F4 88              	   667: 	DEY				; decrement index
01:C0F5 D0F9            	   668: 	BNE	LAB_11FF		; loop until Y=0
                        	   669: 
                        	   670: 					; now do Y=0 indexed byte
01:C0F7 B1A6            	   671: 	LDA	(Obendl),Y		; get byte from source
01:C0F9 91A4            	   672: 	STA	(Nbendl),Y		; save byte to destination
                        	   673: LAB_120A
01:C0FB C6A7            	   674: 	DEC	Obendh		; decrement source pointer high byte
01:C0FD C6A5            	   675: 	DEC	Nbendh		; decrement destination pointer high byte
01:C0FF CA              	   676: 	DEX				; decrement block count
01:C100 D0F2            	   677: 	BNE	LAB_1203		; loop until count = $0
                        	   678: 
01:C102 60              	   679: 	RTS
                        	   680: 
                        	   681: ; check room on stack for A bytes
                        	   682: ; stack too deep? do OM error
                        	   683: 
                        	   684: LAB_1212
01:C103 8578            	   685: 	STA	TempB			; save result in temp byte
01:C105 BA              	   686: 	TSX				; copy stack
01:C106 E478            	   687: 	CPX	TempB			; compare new "limit" with stack
01:C108 9030            	   688: 	BCC	LAB_OMER		; if stack < limit do "Out of memory" error then warm start
                        	   689: 
01:C10A 60              	   690: 	RTS
                        	   691: 
                        	   692: ; check available memory, "Out of memory" error if no room
                        	   693: ; addr to check is in AY (low/high)
                        	   694: 
                        	   695: LAB_121F
01:C10B C482            	   696: 	CPY	Sstorh		; compare bottom of string mem high byte
01:C10D 902A            	   697: 	BCC	LAB_124B		; if less then exit (is ok)
                        	   698: 
01:C10F D004            	   699: 	BNE	LAB_1229		; skip next test if greater (tested <)
                        	   700: 
                        	   701: 					; high byte was =, now do low byte
01:C111 C581            	   702: 	CMP	Sstorl		; compare with bottom of string mem low byte
01:C113 9024            	   703: 	BCC	LAB_124B		; if less then exit (is ok)
                        	   704: 
                        	   705: 					; addr is > string storage ptr (oops!)
                        	   706: LAB_1229
01:C115 48              	   707: 	PHA				; push addr low byte
01:C116 A208            	   708: 	LDX	#$08			; set index to save Adatal to expneg inclusive
01:C118 98              	   709: 	TYA				; copy addr high byte (to push on stack)
                        	   710: 
                        	   711: 					; save misc numeric work area
                        	   712: LAB_122D
01:C119 48              	   713: 	PHA				; push byte
01:C11A B5A3            	   714: 	LDA	Adatal-1,X		; get byte from Adatal to expneg ( ,$00 not pushed)
01:C11C CA              	   715: 	DEX				; decrement index
01:C11D 10FA            	   716: 	BPL	LAB_122D		; loop until all done
                        	   717: 
01:C11F 20DFD1          	   718: 	JSR	LAB_GARB		; garbage collection routine
                        	   719: 
                        	   720: 					; restore misc numeric work area
01:C122 A200            	   721: 	LDX	#$00			; clear the index to restore bytes
                        	   722: LAB_1238
01:C124 68              	   723: 	PLA				; pop byte
01:C125 95A4            	   724: 	STA	Adatal,X		; save byte to Adatal to expneg
01:C127 E8              	   725: 	INX				; increment index
01:C128 E008            	   726: 	CPX	#$08			; compare with end + 1
01:C12A 30F8            	   727: 	BMI	LAB_1238		; loop if more to do
                        	   728: 
01:C12C 68              	   729: 	PLA				; pop addr high byte
01:C12D A8              	   730: 	TAY				; copy back to Y
01:C12E 68              	   731: 	PLA				; pop addr low byte
01:C12F C482            	   732: 	CPY	Sstorh		; compare bottom of string mem high byte
01:C131 9006            	   733: 	BCC	LAB_124B		; if less then exit (is ok)
                        	   734: 
01:C133 D005            	   735: 	BNE	LAB_OMER		; if greater do "Out of memory" error then warm start
                        	   736: 
                        	   737: 					; high byte was =, now do low byte
01:C135 C581            	   738: 	CMP	Sstorl		; compare with bottom of string mem low byte
01:C137 B001            	   739: 	BCS	LAB_OMER		; if >= do "Out of memory" error then warm start
                        	   740: 
                        	   741: 					; ok exit, carry clear
                        	   742: LAB_124B
01:C139 60              	   743: 	RTS
                        	   744: 
                        	   745: ; do "Out of memory" error then warm start
                        	   746: 
                        	   747: LAB_OMER
01:C13A A20C            	   748: 	LDX	#$0C			; error code $0C ("Out of memory" error)
                        	   749: 
                        	   750: ; do error #X, then warm start
                        	   751: 
                        	   752: LAB_XERR
01:C13C 2092C8          	   753: 	JSR	LAB_CRLF		; print CR/LF
                        	   754: 
01:C13F BDA9E6          	   755: 	LDA	LAB_BAER,X		; get error message pointer low byte
01:C142 BCAAE6          	   756: 	LDY	LAB_BAER+1,X	; get error message pointer high byte
01:C145 20D3C8          	   757: 	JSR	LAB_18C3		; print null terminated string from memory
                        	   758: 
01:C148 2089C3          	   759: 	JSR	LAB_1491		; flush stack and clear continue flag
01:C14B A9E6            	   760: 	LDA	#<LAB_EMSG		; point to " Error" low addr
01:C14D A0E7            	   761: 	LDY	#>LAB_EMSG		; point to " Error" high addr
                        	   762: LAB_1269
01:C14F 20D3C8          	   763: 	JSR	LAB_18C3		; print null terminated string from memory
01:C152 A488            	   764: 	LDY	Clineh		; get current line high byte
01:C154 C8              	   765: 	INY				; increment it
01:C155 F003            	   766: 	BEQ	LAB_1274		; go do warm start (was immediate mode)
                        	   767: 
                        	   768: 					; else print line number
01:C157 2077DA          	   769: 	JSR	LAB_2953		; print " in line [LINE #]"
                        	   770: 
                        	   771: ; BASIC warm start entry point
                        	   772: ; wait for Basic command
                        	   773: 
                        	   774: LAB_1274
                        	   775: 					; clear ON IRQ/NMI bytes
01:C15A A900            	   776: 	LDA	#$00			; clear A
01:C15C 85DF            	   777: 	STA	IrqBase		; clear enabled byte
01:C15E 85DC            	   778: 	STA	NmiBase		; clear enabled byte
01:C160 A9F7            	   779: 	LDA	#<LAB_RMSG		; point to "Ready" message low byte
01:C162 A0E7            	   780: 	LDY	#>LAB_RMSG		; point to "Ready" message high byte
                        	   781: 
01:C164 20D3C8          	   782: 	JSR	LAB_18C3		; go do print string
                        	   783: 
                        	   784: ; wait for Basic command (no "Ready")
                        	   785: 
                        	   786: LAB_127D
01:C167 204DC2          	   787: 	JSR	LAB_1357		; call for BASIC input
                        	   788: LAB_1280
01:C16A 86C3            	   789: 	STX	Bpntrl		; set BASIC execute pointer low byte
01:C16C 84C4            	   790: 	STY	Bpntrh		; set BASIC execute pointer high byte
01:C16E 20C200          	   791: 	JSR	LAB_GBYT		; scan memory
01:C171 F0F4            	   792: 	BEQ	LAB_127D		; loop while null
                        	   793: 
                        	   794: ; got to interpret input line now ..
                        	   795: 
01:C173 A2FF            	   796: 	LDX	#$FF			; current line to null value
01:C175 8688            	   797: 	STX	Clineh		; set current line high byte
01:C177 9006            	   798: 	BCC	LAB_1295		; branch if numeric character (handle new BASIC line)
                        	   799: 
                        	   800: 					; no line number .. immediate mode
01:C179 207EC2          	   801: 	JSR	LAB_13A6		; crunch keywords into Basic tokens
01:C17C 4CF3C4          	   802: 	JMP	LAB_15F6		; go scan and interpret code
                        	   803: 
                        	   804: ; handle new BASIC line
                        	   805: 
                        	   806: LAB_1295
01:C17F 2055C7          	   807: 	JSR	LAB_GFPN		; get fixed-point number into temp integer
01:C182 207EC2          	   808: 	JSR	LAB_13A6		; crunch keywords into Basic tokens
01:C185 845D            	   809: 	STY	Ibptr			; save index pointer to end of crunched line
01:C187 2024C3          	   810: 	JSR	LAB_SSLN		; search BASIC for temp integer line number
01:C18A 9044            	   811: 	BCC	LAB_12E6		; branch if not found
                        	   812: 
                        	   813: 					; aroooogah! line # already exists! delete it
01:C18C A001            	   814: 	LDY	#$01			; set index to next line pointer high byte
01:C18E B1AA            	   815: 	LDA	(Baslnl),Y		; get next line pointer high byte
01:C190 8572            	   816: 	STA	ut1_ph		; save it
01:C192 A57B            	   817: 	LDA	Svarl			; get start of vars low byte
01:C194 8571            	   818: 	STA	ut1_pl		; save it
01:C196 A5AB            	   819: 	LDA	Baslnh		; get found line pointer high byte
01:C198 8574            	   820: 	STA	ut2_ph		; save it
01:C19A A5AA            	   821: 	LDA	Baslnl		; get found line pointer low byte
01:C19C 88              	   822: 	DEY				; decrement index
01:C19D F1AA            	   823: 	SBC	(Baslnl),Y		; subtract next line pointer low byte
01:C19F 18              	   824: 	CLC				; clear carry for add
01:C1A0 657B            	   825: 	ADC	Svarl			; add start of vars low byte
01:C1A2 857B            	   826: 	STA	Svarl			; save new start of vars low byte
01:C1A4 8573            	   827: 	STA	ut2_pl		; save destination pointer low byte
01:C1A6 A57C            	   828: 	LDA	Svarh			; get start of vars high byte
01:C1A8 69FF            	   829: 	ADC	#$FF			; -1 + carry
01:C1AA 857C            	   830: 	STA	Svarh			; save start of vars high byte
01:C1AC E5AB            	   831: 	SBC	Baslnh		; subtract found line pointer high byte
01:C1AE AA              	   832: 	TAX				; copy to block count
01:C1AF 38              	   833: 	SEC				; set carry for subtract
01:C1B0 A5AA            	   834: 	LDA	Baslnl		; get found line pointer low byte
01:C1B2 E57B            	   835: 	SBC	Svarl			; subtract start of vars low byte
01:C1B4 A8              	   836: 	TAY				; copy to bytes in first block count
01:C1B5 B003            	   837: 	BCS	LAB_12D0		; branch if overflow
                        	   838: 
01:C1B7 E8              	   839: 	INX				; increment block count (correct for =0 loop exit)
01:C1B8 C674            	   840: 	DEC	ut2_ph		; decrement destination high byte
                        	   841: LAB_12D0
01:C1BA 18              	   842: 	CLC				; clear carry for add
01:C1BB 6571            	   843: 	ADC	ut1_pl		; add source pointer low byte
01:C1BD 9003            	   844: 	BCC	LAB_12D8		; branch if no overflow
                        	   845: 
01:C1BF C672            	   846: 	DEC	ut1_ph		; else decrement source pointer high byte
01:C1C1 18              	   847: 	CLC				; clear carry
                        	   848: 
                        	   849: 					; close up memory to delete old line
                        	   850: LAB_12D8
01:C1C2 B171            	   851: 	LDA	(ut1_pl),Y		; get byte from source
01:C1C4 9173            	   852: 	STA	(ut2_pl),Y		; copy to destination
01:C1C6 C8              	   853: 	INY				; increment index
01:C1C7 D0F9            	   854: 	BNE	LAB_12D8		; while <> 0 do this block
                        	   855: 
01:C1C9 E672            	   856: 	INC	ut1_ph		; increment source pointer high byte
01:C1CB E674            	   857: 	INC	ut2_ph		; increment destination pointer high byte
01:C1CD CA              	   858: 	DEX				; decrement block count
01:C1CE D0F2            	   859: 	BNE	LAB_12D8		; loop until all done
                        	   860: 
                        	   861: 					; got new line in buffer and no existing same #
                        	   862: LAB_12E6
01:C1D0 AD2102          	   863: 	LDA	Ibuffs		; get byte from start of input buffer
01:C1D3 F03F            	   864: 	BEQ	LAB_1319		; if null line just go flush stack/vars and exit
                        	   865: 
                        	   866: 					; got new line and it isn't empty line
01:C1D5 A585            	   867: 	LDA	Ememl			; get end of mem low byte
01:C1D7 A486            	   868: 	LDY	Ememh			; get end of mem high byte
01:C1D9 8581            	   869: 	STA	Sstorl		; set bottom of string space low byte
01:C1DB 8482            	   870: 	STY	Sstorh		; set bottom of string space high byte
01:C1DD A57B            	   871: 	LDA	Svarl			; get start of vars low byte	(end of BASIC)
01:C1DF 85A6            	   872: 	STA	Obendl		; save old block end low byte
01:C1E1 A47C            	   873: 	LDY	Svarh			; get start of vars high byte	(end of BASIC)
01:C1E3 84A7            	   874: 	STY	Obendh		; save old block end high byte
01:C1E5 655D            	   875: 	ADC	Ibptr			; add input buffer pointer	(also buffer length)
01:C1E7 9001            	   876: 	BCC	LAB_1301		; branch if no overflow from add
                        	   877: 
01:C1E9 C8              	   878: 	INY				; else increment high byte
                        	   879: LAB_1301
01:C1EA 85A4            	   880: 	STA	Nbendl		; save new block end low byte	(move to, low byte)
01:C1EC 84A5            	   881: 	STY	Nbendh		; save new block end high byte
01:C1EE 20C1C0          	   882: 	JSR	LAB_11CF		; open up space in memory
                        	   883: 					; old start pointer Ostrtl,Ostrth set by the find line call
01:C1F1 A57F            	   884: 	LDA	Earryl		; get array mem end low byte
01:C1F3 A480            	   885: 	LDY	Earryh		; get array mem end high byte
01:C1F5 857B            	   886: 	STA	Svarl			; save start of vars low byte
01:C1F7 847C            	   887: 	STY	Svarh			; save start of vars high byte
01:C1F9 A45D            	   888: 	LDY	Ibptr			; get input buffer pointer	(also buffer length)
01:C1FB 88              	   889: 	DEY				; adjust for loop type
                        	   890: LAB_1311
01:C1FC B91D02          	   891: 	LDA	Ibuffs-4,Y		; get byte from crunched line
01:C1FF 91AA            	   892: 	STA	(Baslnl),Y		; save it to program memory
01:C201 88              	   893: 	DEY				; decrement count
01:C202 C003            	   894: 	CPY	#$03			; compare with first byte-1
01:C204 D0F6            	   895: 	BNE	LAB_1311		; continue while count <> 3
                        	   896: 
01:C206 A512            	   897: 	LDA	Itemph		; get line # high byte
01:C208 91AA            	   898: 	STA	(Baslnl),Y		; save it to program memory
01:C20A 88              	   899: 	DEY				; decrement count
01:C20B A511            	   900: 	LDA	Itempl		; get line # low byte
01:C20D 91AA            	   901: 	STA	(Baslnl),Y		; save it to program memory
01:C20F 88              	   902: 	DEY				; decrement count
01:C210 A9FF            	   903: 	LDA	#$FF			; set byte to allow chain rebuild. if you didn't set this
                        	   904: 					; byte then a zero already here would stop the chain rebuild
                        	   905: 					; as it would think it was the [EOT] marker.
01:C212 91AA            	   906: 	STA	(Baslnl),Y		; save it to program memory
                        	   907: 
                        	   908: LAB_1319
01:C214 2065C3          	   909: 	JSR	LAB_1477		; reset execution to start, clear vars and flush stack
01:C217 A679            	   910: 	LDX	Smeml			; get start of mem low byte
01:C219 A57A            	   911: 	LDA	Smemh			; get start of mem high byte
01:C21B A001            	   912: 	LDY	#$01			; index to high byte of next line pointer
                        	   913: LAB_1325
01:C21D 8671            	   914: 	STX	ut1_pl		; set line start pointer low byte
01:C21F 8572            	   915: 	STA	ut1_ph		; set line start pointer high byte
01:C221 B171            	   916: 	LDA	(ut1_pl),Y		; get it
01:C223 F018            	   917: 	BEQ	LAB_133E		; exit if end of program
                        	   918: 
                        	   919: ; rebuild chaining of Basic lines
                        	   920: 
01:C225 A004            	   921: 	LDY	#$04			; point to first code byte of line
                        	   922: 					; there is always 1 byte + [EOL] as null entries are deleted
                        	   923: LAB_1330
01:C227 C8              	   924: 	INY				; next code byte
01:C228 B171            	   925: 	LDA	(ut1_pl),Y		; get byte
01:C22A D0FB            	   926: 	BNE	LAB_1330		; loop if not [EOL]
                        	   927: 
01:C22C 38              	   928: 	SEC				; set carry for add + 1
01:C22D 98              	   929: 	TYA				; copy end index
01:C22E 6571            	   930: 	ADC	ut1_pl		; add to line start pointer low byte
01:C230 AA              	   931: 	TAX				; copy to X
01:C231 A000            	   932: 	LDY	#$00			; clear index, point to this line's next line pointer
01:C233 9171            	   933: 	STA	(ut1_pl),Y		; set next line pointer low byte
01:C235 98              	   934: 	TYA				; clear A
01:C236 6572            	   935: 	ADC	ut1_ph		; add line start pointer high byte + carry
01:C238 C8              	   936: 	INY				; increment index to high byte
01:C239 9171            	   937: 	STA	(ut1_pl),Y		; save next line pointer low byte
01:C23B 90E0            	   938: 	BCC	LAB_1325		; go do next line, branch always, carry clear
                        	   939: 
                        	   940: 
                        	   941: LAB_133E
01:C23D 4C67C1          	   942: 	JMP	LAB_127D		; else we just wait for Basic command, no "Ready"
                        	   943: 
                        	   944: ; print "? " and get BASIC input
                        	   945: 
                        	   946: LAB_INLN
01:C240 20EBC8          	   947: 	JSR	LAB_18E3		; print "?" character
01:C243 20E8C8          	   948: 	JSR	LAB_18E0		; print " "
01:C246 D005            	   949: 	BNE	LAB_1357		; call for BASIC input and return
                        	   950: 
                        	   951: ; receive line from keyboard
                        	   952: 
                        	   953: 					; $08 as delete key (BACKSPACE on standard keyboard)
                        	   954: LAB_134B
01:C248 20EDC8          	   955: 	JSR	LAB_PRNA		; go print the character
01:C24B CA              	   956: 	DEX				; decrement the buffer counter (delete)
01:C24C 2C              	   957: 	.byte	$2C			; make LDX into BIT abs
                        	   958: 
                        	   959: ; call for BASIC input (main entry point)
                        	   960: 
                        	   961: LAB_1357
01:C24D A200            	   962: 	LDX	#$00			; clear BASIC line buffer pointer
                        	   963: LAB_1359
01:C24F 20EAE0          	   964: 	JSR	V_INPT		; call scan input device
01:C252 90FB            	   965: 	BCC	LAB_1359		; loop if no byte
                        	   966: 
01:C254 F0F9            	   967: 	BEQ	LAB_1359		; loop until valid input (ignore NULLs)
                        	   968: 
01:C256 C907            	   969: 	CMP	#$07			; compare with [BELL]
01:C258 F010            	   970: 	BEQ	LAB_1378		; branch if [BELL]
                        	   971: 
01:C25A C90D            	   972: 	CMP	#$0D			; compare with [CR]
01:C25C F019            	   973: 	BEQ	LAB_1384		; do CR/LF exit if [CR]
                        	   974: 
01:C25E E000            	   975: 	CPX	#$00			; compare pointer with $00
01:C260 D004            	   976: 	BNE	LAB_1374		; branch if not empty
                        	   977: 
                        	   978: ; next two lines ignore any non print character and [SPACE] if input buffer empty
                        	   979: 
01:C262 C921            	   980: 	CMP	#$21			; compare with [SP]+1
01:C264 90E9            	   981: 	BCC	LAB_1359		; if < ignore character
                        	   982: 
                        	   983: LAB_1374
01:C266 C908            	   984: 	CMP	#$08			; compare with [BACKSPACE] (delete last character)
01:C268 F0DE            	   985: 	BEQ	LAB_134B		; go delete last character
                        	   986: 
                        	   987: LAB_1378
01:C26A E047            	   988: 	CPX	#Ibuffe-Ibuffs	; compare character count with max
01:C26C B00C            	   989: 	BCS	LAB_138E		; skip store and do [BELL] if buffer full
                        	   990: 
01:C26E 9D2102          	   991: 	STA	Ibuffs,X		; else store in buffer
01:C271 E8              	   992: 	INX				; increment pointer
                        	   993: LAB_137F
01:C272 20EDC8          	   994: 	JSR	LAB_PRNA		; go print the character
01:C275 D0D8            	   995: 	BNE	LAB_1359		; always loop for next character
                        	   996: 
                        	   997: LAB_1384
01:C277 4C89C8          	   998: 	JMP	LAB_1866		; do CR/LF exit to BASIC
                        	   999: 
                        	  1000: ; announce buffer full
                        	  1001: 
                        	  1002: LAB_138E
01:C27A A907            	  1003: 	LDA	#$07			; [BELL] character into A
01:C27C D0F4            	  1004: 	BNE	LAB_137F		; go print the [BELL] but ignore input character
                        	  1005: 					; branch always
                        	  1006: 
                        	  1007: ; crunch keywords into Basic tokens
                        	  1008: ; position independent buffer version ..
                        	  1009: ; faster, dictionary search version ....
                        	  1010: 
                        	  1011: LAB_13A6
01:C27E A0FF            	  1012: 	LDY	#$FF			; set save index (makes for easy math later)
                        	  1013: 
01:C280 38              	  1014: 	SEC				; set carry for subtract
01:C281 A5C3            	  1015: 	LDA	Bpntrl		; get basic execute pointer low byte
01:C283 E921            	  1016: 	SBC	#<Ibuffs		; subtract input buffer start pointer
01:C285 AA              	  1017: 	TAX				; copy result to X (index past line # if any)
                        	  1018: 
01:C286 8660            	  1019: 	STX	Oquote		; clear open quote/DATA flag
                        	  1020: LAB_13AC
01:C288 BD2102          	  1021: 	LDA	Ibuffs,X		; get byte from input buffer
01:C28B F051            	  1022: 	BEQ	LAB_13EC		; if null save byte then exit
                        	  1023: 
01:C28D C95F            	  1024: 	CMP	#'_'			; compare with "_"
01:C28F B04D            	  1025: 	BCS	LAB_13EC		; if >= go save byte then continue crunching
                        	  1026: 
01:C291 C93C            	  1027: 	CMP	#'<'			; compare with "<"
01:C293 B00E            	  1028: 	BCS	LAB_13CC		; if >= go crunch now
                        	  1029: 
01:C295 C930            	  1030: 	CMP	#'0'			; compare with "0"
01:C297 B045            	  1031: 	BCS	LAB_13EC		; if >= go save byte then continue crunching
                        	  1032: 
01:C299 855C            	  1033: 	STA	Scnquo		; save buffer byte as search character
01:C29B C922            	  1034: 	CMP	#$22			; is it quote character?
01:C29D F061            	  1035: 	BEQ	LAB_1410		; branch if so (copy quoted string)
                        	  1036: 
01:C29F C92A            	  1037: 	CMP	#'*'			; compare with "*"
01:C2A1 903B            	  1038: 	BCC	LAB_13EC		; if < go save byte then continue crunching
                        	  1039: 
                        	  1040: 					; else crunch now
                        	  1041: LAB_13CC
01:C2A3 2460            	  1042: 	BIT	Oquote		; get open quote/DATA token flag
01:C2A5 7037            	  1043: 	BVS	LAB_13EC		; branch if b6 of Oquote set (was DATA)
                        	  1044: 					; go save byte then continue crunching
                        	  1045: 
01:C2A7 8678            	  1046: 	STX	TempB			; save buffer read index
01:C2A9 84BA            	  1047: 	STY	csidx			; copy buffer save index
01:C2AB A010            	  1048: 	LDY	#<TAB_1STC		; get keyword first character table low address
01:C2AD 8473            	  1049: 	STY	ut2_pl		; save pointer low byte
01:C2AF A0E3            	  1050: 	LDY	#>TAB_1STC		; get keyword first character table high address
01:C2B1 8474            	  1051: 	STY	ut2_ph		; save pointer high byte
01:C2B3 A000            	  1052: 	LDY	#$00			; clear table pointer
                        	  1053: 
                        	  1054: LAB_13D0
01:C2B5 D173            	  1055: 	CMP	(ut2_pl),Y		; compare with keyword first character table byte
01:C2B7 F005            	  1056: 	BEQ	LAB_13D1		; go do word_table_chr if match
                        	  1057: 
01:C2B9 9021            	  1058: 	BCC	LAB_13EA		; if < keyword first character table byte go restore
                        	  1059: 					; Y and save to crunched
                        	  1060: 
01:C2BB C8              	  1061: 	INY				; else increment pointer
01:C2BC D0F7            	  1062: 	BNE	LAB_13D0		; and loop (branch always)
                        	  1063: 
                        	  1064: ; have matched first character of some keyword
                        	  1065: 
                        	  1066: LAB_13D1
01:C2BE 98              	  1067: 	TYA				; copy matching index
01:C2BF 0A              	  1068: 	ASL				; *2 (bytes per pointer)
01:C2C0 AA              	  1069: 	TAX				; copy to new index
01:C2C1 BD2EE3          	  1070: 	LDA	TAB_CHRT,X		; get keyword table pointer low byte
01:C2C4 8573            	  1071: 	STA	ut2_pl		; save pointer low byte
01:C2C6 BD2FE3          	  1072: 	LDA	TAB_CHRT+1,X	; get keyword table pointer high byte
01:C2C9 8574            	  1073: 	STA	ut2_ph		; save pointer high byte
                        	  1074: 
01:C2CB A0FF            	  1075: 	LDY	#$FF			; clear table pointer (make -1 for start)
                        	  1076: 
01:C2CD A678            	  1077: 	LDX	TempB			; restore buffer read index
                        	  1078: 
                        	  1079: LAB_13D6
01:C2CF C8              	  1080: 	INY				; next table byte
01:C2D0 B173            	  1081: 	LDA	(ut2_pl),Y		; get byte from table
                        	  1082: LAB_13D8
01:C2D2 3008            	  1083: 	BMI	LAB_13EA		; all bytes matched so go save token
                        	  1084: 
01:C2D4 E8              	  1085: 	INX				; next buffer byte
01:C2D5 DD2102          	  1086: 	CMP	Ibuffs,X		; compare with byte from input buffer
01:C2D8 F0F5            	  1087: 	BEQ	LAB_13D6		; go compare next if match
                        	  1088: 
01:C2DA D02B            	  1089: 	BNE	LAB_1417		; branch if >< (not found keyword)
                        	  1090: 
                        	  1091: LAB_13EA
01:C2DC A4BA            	  1092: 	LDY	csidx			; restore save index
                        	  1093: 
                        	  1094: 					; save crunched to output
                        	  1095: LAB_13EC
01:C2DE E8              	  1096: 	INX				; increment buffer index (to next input byte)
01:C2DF C8              	  1097: 	INY				; increment save index (to next output byte)
01:C2E0 992102          	  1098: 	STA	Ibuffs,Y		; save byte to output
01:C2E3 C900            	  1099: 	CMP	#$00			; set the flags, set carry
01:C2E5 F032            	  1100: 	BEQ	LAB_142A		; do exit if was null [EOL]
                        	  1101: 
                        	  1102: 					; A holds token or byte here
01:C2E7 E93A            	  1103: 	SBC	#':'			; subtract ":" (carry set by CMP #00)
01:C2E9 F004            	  1104: 	BEQ	LAB_13FF		; branch if it was ":" (is now $00)
                        	  1105: 
                        	  1106: 					; A now holds token-$3A
01:C2EB C949            	  1107: 	CMP	#TK_DATA-$3A	; compare with DATA token - $3A
01:C2ED D002            	  1108: 	BNE	LAB_1401		; branch if not DATA
                        	  1109: 
                        	  1110: 					; token was : or DATA
                        	  1111: LAB_13FF
01:C2EF 8560            	  1112: 	STA	Oquote		; save token-$3A (clear for ":", TK_DATA-$3A for DATA)
                        	  1113: LAB_1401
01:C2F1 4957            	  1114: 	EOR	#TK_REM-$3A		; effectively subtract REM token offset
01:C2F3 D093            	  1115: 	BNE	LAB_13AC		; If wasn't REM then go crunch rest of line
                        	  1116: 
01:C2F5 855C            	  1117: 	STA	Asrch			; else was REM so set search for [EOL]
                        	  1118: 
                        	  1119: 					; loop for REM, "..." etc.
                        	  1120: LAB_1408
01:C2F7 BD2102          	  1121: 	LDA	Ibuffs,X		; get byte from input buffer
01:C2FA F0E2            	  1122: 	BEQ	LAB_13EC		; branch if null [EOL]
                        	  1123: 
01:C2FC C55C            	  1124: 	CMP	Asrch			; compare with stored character
01:C2FE F0DE            	  1125: 	BEQ	LAB_13EC		; branch if match (end quote)
                        	  1126: 
                        	  1127: 					; entry for copy string in quotes, don't crunch
                        	  1128: LAB_1410
01:C300 C8              	  1129: 	INY				; increment buffer save index
01:C301 992102          	  1130: 	STA	Ibuffs,Y		; save byte to output
01:C304 E8              	  1131: 	INX				; increment buffer read index
01:C305 D0F0            	  1132: 	BNE	LAB_1408		; loop while <> 0 (should never be 0!)
                        	  1133: 
                        	  1134: 					; not found keyword this go
                        	  1135: LAB_1417
01:C307 A678            	  1136: 	LDX	TempB			; compare has failed, restore buffer index (start byte!)
                        	  1137: 
                        	  1138: 					; now find the end of this word in the table
                        	  1139: LAB_141B
01:C309 B173            	  1140: 	LDA	(ut2_pl),Y		; get table byte
01:C30B 08              	  1141: 	PHP				; save status
01:C30C C8              	  1142: 	INY				; increment table index
01:C30D 28              	  1143: 	PLP				; restore byte status
01:C30E 10F9            	  1144: 	BPL	LAB_141B		; if not end of keyword go do next
                        	  1145: 
01:C310 B173            	  1146: 	LDA	(ut2_pl),Y		; get byte from keyword table
01:C312 D0BE            	  1147: 	BNE	LAB_13D8		; go test next word if not zero byte (end of table)
                        	  1148: 
                        	  1149: 					; reached end of table with no match
01:C314 BD2102          	  1150: 	LDA	Ibuffs,X		; restore byte from input buffer
01:C317 10C3            	  1151: 	BPL	LAB_13EA		; branch always (all bytes in buffer are $00-$7F)
                        	  1152: 					; go save byte in output and continue crunching
                        	  1153: 
                        	  1154: 					; reached [EOL]
                        	  1155: LAB_142A
01:C319 C8              	  1156: 	INY				; increment pointer
01:C31A C8              	  1157: 	INY				; increment pointer (makes it next line pointer high byte)
01:C31B 992102          	  1158: 	STA	Ibuffs,Y		; save [EOL] (marks [EOT] in immediate mode)
01:C31E C8              	  1159: 	INY				; adjust for line copy
01:C31F C8              	  1160: 	INY				; adjust for line copy
01:C320 C8              	  1161: 	INY				; adjust for line copy
01:C321 C6C3            	  1162: 	DEC	Bpntrl		; allow for increment (change if buffer starts at $xxFF)
01:C323 60              	  1163: 	RTS
                        	  1164: 
                        	  1165: ; search Basic for temp integer line number from start of mem
                        	  1166: 
                        	  1167: LAB_SSLN
01:C324 A579            	  1168: 	LDA	Smeml			; get start of mem low byte
01:C326 A67A            	  1169: 	LDX	Smemh			; get start of mem high byte
                        	  1170: 
                        	  1171: ; search Basic for temp integer line number from AX
                        	  1172: ; returns carry set if found
                        	  1173: ; returns Baslnl/Baslnh pointer to found or next higher (not found) line
                        	  1174: 
                        	  1175: ; old 541 new 507
                        	  1176: 
                        	  1177: LAB_SHLN
01:C328 A001            	  1178: 	LDY	#$01			; set index
01:C32A 85AA            	  1179: 	STA	Baslnl		; save low byte as current
01:C32C 86AB            	  1180: 	STX	Baslnh		; save high byte as current
01:C32E B1AA            	  1181: 	LDA	(Baslnl),Y		; get pointer high byte from addr
01:C330 F01A            	  1182: 	BEQ	LAB_145F		; pointer was zero so we're done, do 'not found' exit
                        	  1183: 
01:C332 A003            	  1184: 	LDY	#$03			; set index to line # high byte
01:C334 B1AA            	  1185: 	LDA	(Baslnl),Y		; get line # high byte
01:C336 88              	  1186: 	DEY				; decrement index (point to low byte)
01:C337 C512            	  1187: 	CMP	Itemph		; compare with temporary integer high byte
01:C339 D004            	  1188: 	BNE	LAB_1455		; if <> skip low byte check
                        	  1189: 
01:C33B B1AA            	  1190: 	LDA	(Baslnl),Y		; get line # low byte
01:C33D C511            	  1191: 	CMP	Itempl		; compare with temporary integer low byte
                        	  1192: LAB_1455
01:C33F B009            	  1193: 	BCS	LAB_145E		; else if temp < this line, exit (passed line#)
                        	  1194: 
                        	  1195: LAB_1456
01:C341 88              	  1196: 	DEY				; decrement index to next line ptr high byte
01:C342 B1AA            	  1197: 	LDA	(Baslnl),Y		; get next line pointer high byte
01:C344 AA              	  1198: 	TAX				; copy to X
01:C345 88              	  1199: 	DEY				; decrement index to next line ptr low byte
01:C346 B1AA            	  1200: 	LDA	(Baslnl),Y		; get next line pointer low byte
01:C348 90DE            	  1201: 	BCC	LAB_SHLN		; go search for line # in temp (Itempl/Itemph) from AX
                        	  1202: 					; (carry always clear)
                        	  1203: 
                        	  1204: LAB_145E
01:C34A F001            	  1205: 	BEQ	LAB_1460		; exit if temp = found line #, carry is set
                        	  1206: 
                        	  1207: LAB_145F
01:C34C 18              	  1208: 	CLC				; clear found flag
                        	  1209: LAB_1460
01:C34D 60              	  1210: 	RTS
                        	  1211: 
                        	  1212: ; perform NEW
                        	  1213: 
                        	  1214: LAB_NEW
01:C34E D0FD            	  1215: 	BNE	LAB_1460		; exit if not end of statement (to do syntax error)
                        	  1216: 
                        	  1217: LAB_1463
01:C350 A900            	  1218: 	LDA	#$00			; clear A
01:C352 A8              	  1219: 	TAY				; clear Y
01:C353 9179            	  1220: 	STA	(Smeml),Y		; clear first line, next line pointer, low byte
01:C355 C8              	  1221: 	INY				; increment index
01:C356 9179            	  1222: 	STA	(Smeml),Y		; clear first line, next line pointer, high byte
01:C358 18              	  1223: 	CLC				; clear carry
01:C359 A579            	  1224: 	LDA	Smeml			; get start of mem low byte
01:C35B 6902            	  1225: 	ADC	#$02			; calculate end of BASIC low byte
01:C35D 857B            	  1226: 	STA	Svarl			; save start of vars low byte
01:C35F A57A            	  1227: 	LDA	Smemh			; get start of mem high byte
01:C361 6900            	  1228: 	ADC	#$00			; add any carry
01:C363 857C            	  1229: 	STA	Svarh			; save start of vars high byte
                        	  1230: 
                        	  1231: ; reset execution to start, clear vars and flush stack
                        	  1232: 
                        	  1233: LAB_1477
01:C365 18              	  1234: 	CLC				; clear carry
01:C366 A579            	  1235: 	LDA	Smeml			; get start of mem low byte
01:C368 69FF            	  1236: 	ADC	#$FF			; -1
01:C36A 85C3            	  1237: 	STA	Bpntrl		; save BASIC execute pointer low byte
01:C36C A57A            	  1238: 	LDA	Smemh			; get start of mem high byte
01:C36E 69FF            	  1239: 	ADC	#$FF			; -1+carry
01:C370 85C4            	  1240: 	STA	Bpntrh		; save BASIC execute pointer high byte
                        	  1241: 
                        	  1242: ; "CLEAR" command gets here
                        	  1243: 
                        	  1244: LAB_147A
01:C372 A585            	  1245: 	LDA	Ememl			; get end of mem low byte
01:C374 A486            	  1246: 	LDY	Ememh			; get end of mem high byte
01:C376 8581            	  1247: 	STA	Sstorl		; set bottom of string space low byte
01:C378 8482            	  1248: 	STY	Sstorh		; set bottom of string space high byte
01:C37A A57B            	  1249: 	LDA	Svarl			; get start of vars low byte
01:C37C A47C            	  1250: 	LDY	Svarh			; get start of vars high byte
01:C37E 857D            	  1251: 	STA	Sarryl		; save var mem end low byte
01:C380 847E            	  1252: 	STY	Sarryh		; save var mem end high byte
01:C382 857F            	  1253: 	STA	Earryl		; save array mem end low byte
01:C384 8480            	  1254: 	STY	Earryh		; save array mem end high byte
01:C386 2044C5          	  1255: 	JSR	LAB_161A		; perform RESTORE command
                        	  1256: 
                        	  1257: ; flush stack and clear continue flag
                        	  1258: 
                        	  1259: LAB_1491
01:C389 A268            	  1260: 	LDX	#des_sk		; set descriptor stack pointer
01:C38B 8665            	  1261: 	STX	next_s		; save descriptor stack pointer
01:C38D 68              	  1262: 	PLA				; pull return address low byte
01:C38E AA              	  1263: 	TAX				; copy return address low byte
01:C38F 68              	  1264: 	PLA				; pull return address high byte
01:C390 8EFE01          	  1265: 	STX	LAB_SKFE		; save to cleared stack
01:C393 8DFF01          	  1266: 	STA	LAB_SKFF		; save to cleared stack
01:C396 A2FD            	  1267: 	LDX	#$FD			; new stack pointer
01:C398 9A              	  1268: 	TXS				; reset stack
01:C399 A900            	  1269: 	LDA	#$00			; clear byte
01:C39B 858C            	  1270: 	STA	Cpntrh		; clear continue pointer high byte
01:C39D 8561            	  1271: 	STA	Sufnxf		; clear subscript/FNX flag
                        	  1272: LAB_14A6
01:C39F 60              	  1273: 	RTS
                        	  1274: 
                        	  1275: ; perform CLEAR
                        	  1276: 
                        	  1277: LAB_CLEAR
01:C3A0 F0D0            	  1278: 	BEQ	LAB_147A		; if no following token go do "CLEAR"
                        	  1279: 
                        	  1280: 					; else there was a following token (go do syntax error)
01:C3A2 60              	  1281: 	RTS
                        	  1282: 
                        	  1283: ; perform LIST [n][-m]
                        	  1284: ; bigger, faster version (a _lot_ faster)
                        	  1285: 
                        	  1286: LAB_LIST
01:C3A3 9006            	  1287: 	BCC	LAB_14BD		; branch if next character numeric (LIST n..)
                        	  1288: 
01:C3A5 F004            	  1289: 	BEQ	LAB_14BD		; branch if next character [NULL] (LIST)
                        	  1290: 
01:C3A7 C9B7            	  1291: 	CMP	#TK_MINUS		; compare with token for -
01:C3A9 D0F4            	  1292: 	BNE	LAB_14A6		; exit if not - (LIST -m)
                        	  1293: 
                        	  1294: 					; LIST [[n][-m]]
                        	  1295: 					; this bit sets the n , if present, as the start and end
                        	  1296: LAB_14BD
01:C3AB 2055C7          	  1297: 	JSR	LAB_GFPN		; get fixed-point number into temp integer
01:C3AE 2024C3          	  1298: 	JSR	LAB_SSLN		; search BASIC for temp integer line number
                        	  1299: 					; (pointer in Baslnl/Baslnh)
01:C3B1 20C200          	  1300: 	JSR	LAB_GBYT		; scan memory
01:C3B4 F00C            	  1301: 	BEQ	LAB_14D4		; branch if no more characters
                        	  1302: 
                        	  1303: 					; this bit checks the - is present
01:C3B6 C9B7            	  1304: 	CMP	#TK_MINUS		; compare with token for -
01:C3B8 D093            	  1305: 	BNE	LAB_1460		; return if not "-" (will be Syntax error)
                        	  1306: 
                        	  1307: 					; LIST [n]-m
                        	  1308: 					; the - was there so set m as the end value
01:C3BA 20BC00          	  1309: 	JSR	LAB_IGBY		; increment and scan memory
01:C3BD 2055C7          	  1310: 	JSR	LAB_GFPN		; get fixed-point number into temp integer
01:C3C0 D08B            	  1311: 	BNE	LAB_1460		; exit if not ok
                        	  1312: 
                        	  1313: LAB_14D4
01:C3C2 A511            	  1314: 	LDA	Itempl		; get temporary integer low byte
01:C3C4 0512            	  1315: 	ORA	Itemph		; OR temporary integer high byte
01:C3C6 D006            	  1316: 	BNE	LAB_14E2		; branch if start set
                        	  1317: 
01:C3C8 A9FF            	  1318: 	LDA	#$FF			; set for -1
01:C3CA 8511            	  1319: 	STA	Itempl		; set temporary integer low byte
01:C3CC 8512            	  1320: 	STA	Itemph		; set temporary integer high byte
                        	  1321: LAB_14E2
01:C3CE A001            	  1322: 	LDY	#$01			; set index for line
01:C3D0 8460            	  1323: 	STY	Oquote		; clear open quote flag
01:C3D2 2092C8          	  1324: 	JSR	LAB_CRLF		; print CR/LF
01:C3D5 B1AA            	  1325: 	LDA	(Baslnl),Y		; get next line pointer high byte
                        	  1326: 					; pointer initially set by search at LAB_14BD
01:C3D7 F03E            	  1327: 	BEQ	LAB_152B		; if null all done so exit
01:C3D9 2014C5          	  1328: 	JSR	LAB_1629		; do CRTL-C check vector
                        	  1329: 
01:C3DC C8              	  1330: 	INY				; increment index for line
01:C3DD B1AA            	  1331: 	LDA	(Baslnl),Y		; get line # low byte
01:C3DF AA              	  1332: 	TAX				; copy to X
01:C3E0 C8              	  1333: 	INY				; increment index
01:C3E1 B1AA            	  1334: 	LDA	(Baslnl),Y		; get line # high byte
01:C3E3 C512            	  1335: 	CMP	Itemph		; compare with temporary integer high byte
01:C3E5 D004            	  1336: 	BNE	LAB_14FF		; branch if no high byte match
                        	  1337: 
01:C3E7 E411            	  1338: 	CPX	Itempl		; compare with temporary integer low byte
01:C3E9 F002            	  1339: 	BEQ	LAB_1501		; branch if = last line to do (< will pass next branch)
                        	  1340: 
                        	  1341: LAB_14FF				; else ..
01:C3EB B02A            	  1342: 	BCS	LAB_152B		; if greater all done so exit
                        	  1343: 
                        	  1344: LAB_1501
01:C3ED 8497            	  1345: 	STY	Tidx1			; save index for line
01:C3EF 2082DA          	  1346: 	JSR	LAB_295E		; print XA as unsigned integer
01:C3F2 A920            	  1347: 	LDA	#$20			; space is the next character
                        	  1348: LAB_1508
01:C3F4 A497            	  1349: 	LDY	Tidx1			; get index for line
01:C3F6 297F            	  1350: 	AND	#$7F			; mask top out bit of character
                        	  1351: LAB_150C
01:C3F8 20EDC8          	  1352: 	JSR	LAB_PRNA		; go print the character
01:C3FB C922            	  1353: 	CMP	#$22			; was it " character
01:C3FD D006            	  1354: 	BNE	LAB_1519		; branch if not
                        	  1355: 
                        	  1356: 					; we are either entering or leaving a pair of quotes
01:C3FF A560            	  1357: 	LDA	Oquote		; get open quote flag
01:C401 49FF            	  1358: 	EOR	#$FF			; toggle it
01:C403 8560            	  1359: 	STA	Oquote		; save it back
                        	  1360: LAB_1519
01:C405 C8              	  1361: 	INY				; increment index
01:C406 B1AA            	  1362: 	LDA	(Baslnl),Y		; get next byte
01:C408 D00E            	  1363: 	BNE	LAB_152E		; branch if not [EOL] (go print character)
01:C40A A8              	  1364: 	TAY				; else clear index
01:C40B B1AA            	  1365: 	LDA	(Baslnl),Y		; get next line pointer low byte
01:C40D AA              	  1366: 	TAX				; copy to X
01:C40E C8              	  1367: 	INY				; increment index
01:C40F B1AA            	  1368: 	LDA	(Baslnl),Y		; get next line pointer high byte
01:C411 86AA            	  1369: 	STX	Baslnl		; set pointer to line low byte
01:C413 85AB            	  1370: 	STA	Baslnh		; set pointer to line high byte
01:C415 D0B7            	  1371: 	BNE	LAB_14E2		; go do next line if not [EOT]
                        	  1372: 					; else ..
                        	  1373: LAB_152B
01:C417 60              	  1374: 	RTS
                        	  1375: 
                        	  1376: LAB_152E
01:C418 10DE            	  1377: 	BPL	LAB_150C		; just go print it if not token byte
                        	  1378: 
                        	  1379: 					; else was token byte so uncrunch it (maybe)
01:C41A 2460            	  1380: 	BIT	Oquote		; test the open quote flag
01:C41C 30DA            	  1381: 	BMI	LAB_150C		; just go print character if open quote set
                        	  1382: 
01:C41E A2E5            	  1383: 	LDX	#>LAB_KEYT		; get table address high byte
01:C420 0A              	  1384: 	ASL				; *2
01:C421 0A              	  1385: 	ASL				; *4
01:C422 9002            	  1386: 	BCC	LAB_152F		; branch if no carry
                        	  1387: 
01:C424 E8              	  1388: 	INX				; else increment high byte
01:C425 18              	  1389: 	CLC				; clear carry for add
                        	  1390: LAB_152F
01:C426 6911            	  1391: 	ADC	#<LAB_KEYT		; add low byte
01:C428 9001            	  1392: 	BCC	LAB_1530		; branch if no carry
                        	  1393: 
01:C42A E8              	  1394: 	INX				; else increment high byte
                        	  1395: LAB_1530
01:C42B 8573            	  1396: 	STA	ut2_pl		; save table pointer low byte
01:C42D 8674            	  1397: 	STX	ut2_ph		; save table pointer high byte
01:C42F 8497            	  1398: 	STY	Tidx1			; save index for line
01:C431 A000            	  1399: 	LDY	#$00			; clear index
01:C433 B173            	  1400: 	LDA	(ut2_pl),Y		; get length
01:C435 AA              	  1401: 	TAX				; copy length
01:C436 C8              	  1402: 	INY				; increment index
01:C437 B173            	  1403: 	LDA	(ut2_pl),Y		; get 1st character
01:C439 CA              	  1404: 	DEX				; decrement length
01:C43A F0B8            	  1405: 	BEQ	LAB_1508		; if no more characters exit and print
                        	  1406: 
01:C43C 20EDC8          	  1407: 	JSR	LAB_PRNA		; go print the character
01:C43F C8              	  1408: 	INY				; increment index
01:C440 B173            	  1409: 	LDA	(ut2_pl),Y		; get keyword address low byte
01:C442 48              	  1410: 	PHA				; save it for now
01:C443 C8              	  1411: 	INY				; increment index
01:C444 B173            	  1412: 	LDA	(ut2_pl),Y		; get keyword address high byte
01:C446 A000            	  1413: 	LDY	#$00
01:C448 8574            	  1414: 	STA	ut2_ph		; save keyword pointer high byte
01:C44A 68              	  1415: 	PLA				; pull low byte
01:C44B 8573            	  1416: 	STA	ut2_pl		; save keyword pointer low byte
                        	  1417: LAB_1540
01:C44D B173            	  1418: 	LDA	(ut2_pl),Y		; get character
01:C44F CA              	  1419: 	DEX				; decrement character count
01:C450 F0A2            	  1420: 	BEQ	LAB_1508		; if last character exit and print
                        	  1421: 
01:C452 20EDC8          	  1422: 	JSR	LAB_PRNA		; go print the character
01:C455 C8              	  1423: 	INY				; increment index
01:C456 D0F5            	  1424: 	BNE	LAB_1540		; loop for next character
                        	  1425: 
                        	  1426: ; perform FOR
                        	  1427: 
                        	  1428: LAB_FOR
01:C458 A980            	  1429: 	LDA	#$80			; set FNX
01:C45A 8561            	  1430: 	STA	Sufnxf		; set subscript/FNX flag
01:C45C 20B4C7          	  1431: 	JSR	LAB_LET		; go do LET
01:C45F 68              	  1432: 	PLA				; pull return address
01:C460 68              	  1433: 	PLA				; pull return address
01:C461 A910            	  1434: 	LDA	#$10			; we need 16d bytes !
01:C463 2003C1          	  1435: 	JSR	LAB_1212		; check room on stack for A bytes
01:C466 209DC6          	  1436: 	JSR	LAB_SNBS		; scan for next BASIC statement ([:] or [EOL])
01:C469 18              	  1437: 	CLC				; clear carry for add
01:C46A 98              	  1438: 	TYA				; copy index to A
01:C46B 65C3            	  1439: 	ADC	Bpntrl		; add BASIC execute pointer low byte
01:C46D 48              	  1440: 	PHA				; push onto stack
01:C46E A5C4            	  1441: 	LDA	Bpntrh		; get BASIC execute pointer high byte
01:C470 6900            	  1442: 	ADC	#$00			; add carry
01:C472 48              	  1443: 	PHA				; push onto stack
01:C473 A588            	  1444: 	LDA	Clineh		; get current line high byte
01:C475 48              	  1445: 	PHA				; push onto stack
01:C476 A587            	  1446: 	LDA	Clinel		; get current line low byte
01:C478 48              	  1447: 	PHA				; push onto stack
01:C479 A9AD            	  1448: 	LDA	#TK_TO		; get "TO" token
01:C47B 20F1CB          	  1449: 	JSR	LAB_SCCA		; scan for CHR$(A) , else do syntax error then warm start
01:C47E 20D0CA          	  1450: 	JSR	LAB_CTNM		; check if source is numeric, else do type mismatch
01:C481 20CDCA          	  1451: 	JSR	LAB_EVNM		; evaluate expression and check is numeric,
                        	  1452: 					; else do type mismatch
01:C484 A5B0            	  1453: 	LDA	FAC1_s		; get FAC1 sign (b7)
01:C486 097F            	  1454: 	ORA	#$7F			; set all non sign bits
01:C488 25AD            	  1455: 	AND	FAC1_1		; and FAC1 mantissa1
01:C48A 85AD            	  1456: 	STA	FAC1_1		; save FAC1 mantissa1
01:C48C A997            	  1457: 	LDA	#<LAB_159F		; set return address low byte
01:C48E A0C4            	  1458: 	LDY	#>LAB_159F		; set return address high byte
01:C490 8571            	  1459: 	STA	ut1_pl		; save return address low byte
01:C492 8472            	  1460: 	STY	ut1_ph		; save return address high byte
01:C494 4C84CB          	  1461: 	JMP	LAB_1B66		; round FAC1 and put on stack (returns to next instruction)
                        	  1462: 
                        	  1463: LAB_159F
01:C497 A9E0            	  1464: 	LDA	#<LAB_259C		; set 1 pointer low addr (default step size)
01:C499 A0E1            	  1465: 	LDY	#>LAB_259C		; set 1 pointer high addr
01:C49B 207DD8          	  1466: 	JSR	LAB_UFAC		; unpack memory (AY) into FAC1
01:C49E 20C200          	  1467: 	JSR	LAB_GBYT		; scan memory
01:C4A1 C9B2            	  1468: 	CMP	#TK_STEP		; compare with STEP token
01:C4A3 D006            	  1469: 	BNE	LAB_15B3		; jump if not "STEP"
                        	  1470: 
                        	  1471: 					;.was step so ..
01:C4A5 20BC00          	  1472: 	JSR	LAB_IGBY		; increment and scan memory
01:C4A8 20CDCA          	  1473: 	JSR	LAB_EVNM		; evaluate expression and check is numeric,
                        	  1474: 					; else do type mismatch
                        	  1475: LAB_15B3
01:C4AB 20E9D8          	  1476: 	JSR	LAB_27CA		; return A=FF,C=1/-ve A=01,C=0/+ve
01:C4AE 85B0            	  1477: 	STA	FAC1_s		; set FAC1 sign (b7)
                        	  1478: 					; this is +1 for +ve step and -1 for -ve step, in NEXT we
                        	  1479: 					; compare the FOR value and the TO value and return +1 if
                        	  1480: 					; FOR > TO, 0 if FOR = TO and -1 if FOR < TO. the value
                        	  1481: 					; here (+/-1) is then compared to that result and if they
                        	  1482: 					; are the same (+ve and FOR > TO or -ve and FOR < TO) then
                        	  1483: 					; the loop is done
01:C4B0 2079CB          	  1484: 	JSR	LAB_1B5B		; push sign, round FAC1 and put on stack
01:C4B3 A598            	  1485: 	LDA	Frnxth		; get var pointer for FOR/NEXT high byte
01:C4B5 48              	  1486: 	PHA				; push on stack
01:C4B6 A597            	  1487: 	LDA	Frnxtl		; get var pointer for FOR/NEXT low byte
01:C4B8 48              	  1488: 	PHA				; push on stack
01:C4B9 A981            	  1489: 	LDA	#TK_FOR		; get FOR token
01:C4BB 48              	  1490: 	PHA				; push on stack
                        	  1491: 
                        	  1492: ; interpreter inner loop
                        	  1493: 
                        	  1494: LAB_15C2
01:C4BC 2014C5          	  1495: 	JSR	LAB_1629		; do CRTL-C check vector
01:C4BF A5C3            	  1496: 	LDA	Bpntrl		; get BASIC execute pointer low byte
01:C4C1 A4C4            	  1497: 	LDY	Bpntrh		; get BASIC execute pointer high byte
                        	  1498: 
01:C4C3 A688            	  1499: 	LDX	Clineh		; continue line is $FFxx for immediate mode
                        	  1500: 					; ($00xx for RUN from immediate mode)
01:C4C5 E8              	  1501: 	INX				; increment it (now $00 if immediate mode)
01:C4C6 F004            	  1502: 	BEQ	LAB_15D1		; branch if null (immediate mode)
                        	  1503: 
01:C4C8 858B            	  1504: 	STA	Cpntrl		; save continue pointer low byte
01:C4CA 848C            	  1505: 	STY	Cpntrh		; save continue pointer high byte
                        	  1506: LAB_15D1
01:C4CC A000            	  1507: 	LDY	#$00			; clear index
01:C4CE B1C3            	  1508: 	LDA	(Bpntrl),Y		; get next byte
01:C4D0 F007            	  1509: 	BEQ	LAB_15DC		; branch if null [EOL]
                        	  1510: 
01:C4D2 C93A            	  1511: 	CMP	#':'			; compare with ":"
01:C4D4 F01D            	  1512: 	BEQ	LAB_15F6		; branch if = (statement separator)
                        	  1513: 
                        	  1514: LAB_15D9
01:C4D6 4C02CC          	  1515: 	JMP	LAB_SNER		; else syntax error then warm start
                        	  1516: 
                        	  1517: 					; have reached [EOL]
                        	  1518: LAB_15DC
01:C4D9 A002            	  1519: 	LDY	#$02			; set index
01:C4DB B1C3            	  1520: 	LDA	(Bpntrl),Y		; get next line pointer high byte
01:C4DD 18              	  1521: 	CLC				; clear carry for no "BREAK" message
01:C4DE F056            	  1522: 	BEQ	LAB_1651		; if null go to immediate mode (was immediate or [EOT]
                        	  1523: 					; marker)
                        	  1524: 
01:C4E0 C8              	  1525: 	INY				; increment index
01:C4E1 B1C3            	  1526: 	LDA	(Bpntrl),Y		; get line # low byte
01:C4E3 8587            	  1527: 	STA	Clinel		; save current line low byte
01:C4E5 C8              	  1528: 	INY				; increment index
01:C4E6 B1C3            	  1529: 	LDA	(Bpntrl),Y		; get line # high byte
01:C4E8 8588            	  1530: 	STA	Clineh		; save current line high byte
01:C4EA 98              	  1531: 	TYA				; A now = 4
01:C4EB 65C3            	  1532: 	ADC	Bpntrl		; add BASIC execute pointer low byte
01:C4ED 85C3            	  1533: 	STA	Bpntrl		; save BASIC execute pointer low byte
01:C4EF 9002            	  1534: 	BCC	LAB_15F6		; branch if no overflow
                        	  1535: 
01:C4F1 E6C4            	  1536: 	INC	Bpntrh		; else increment BASIC execute pointer high byte
                        	  1537: LAB_15F6
01:C4F3 20BC00          	  1538: 	JSR	LAB_IGBY		; increment and scan memory
                        	  1539: 
                        	  1540: LAB_15F9
01:C4F6 20FCC4          	  1541: 	JSR	LAB_15FF		; go interpret BASIC code from (Bpntrl)
                        	  1542: 
                        	  1543: LAB_15FC
01:C4F9 4CBCC4          	  1544: 	JMP	LAB_15C2		; loop
                        	  1545: 
                        	  1546: ; interpret BASIC code from (Bpntrl)
                        	  1547: 
                        	  1548: LAB_15FF
01:C4FC F054            	  1549: 	BEQ	LAB_1628		; exit if zero [EOL]
                        	  1550: 
                        	  1551: LAB_1602
01:C4FE 0A              	  1552: 	ASL				; *2 bytes per vector and normalise token
01:C4FF B003            	  1553: 	BCS	LAB_1609		; branch if was token
                        	  1554: 
01:C501 4CB4C7          	  1555: 	JMP	LAB_LET		; else go do implied LET
                        	  1556: 
                        	  1557: LAB_1609
01:C504 C956            	  1558: 	CMP	#((TK_TAB-$80)*2)	; compare normalised token * 2 with TAB
01:C506 B0CE            	  1559: 	BCS	LAB_15D9		; branch if A>=TAB (do syntax error then warm start)
                        	  1560: 					; only tokens before TAB can start a line
01:C508 A8              	  1561: 	TAY				; copy to index
01:C509 B908E2          	  1562: 	LDA	LAB_CTBL+1,Y	; get vector high byte
01:C50C 48              	  1563: 	PHA				; onto stack
01:C50D B907E2          	  1564: 	LDA	LAB_CTBL,Y		; get vector low byte
01:C510 48              	  1565: 	PHA				; onto stack
01:C511 4CBC00          	  1566: 	JMP	LAB_IGBY		; jump to increment and scan memory
                        	  1567: 					; then "return" to vector
                        	  1568: 
                        	  1569: ; CTRL-C check jump. this is called as a subroutine but exits back via a jump if a
                        	  1570: ; key press is detected.
                        	  1571: 
                        	  1572: LAB_1629
01:C514 6C0302          	  1573: 	JMP	(VEC_CC)		; ctrl c check vector
                        	  1574: 
                        	  1575: ; if there was a key press it gets back here ..
                        	  1576: 
                        	  1577: LAB_1636
01:C517 C903            	  1578: 	CMP	#$03			; compare with CTRL-C
                        	  1579: 
                        	  1580: ; perform STOP
                        	  1581: 
                        	  1582: LAB_STOP
01:C519 B001            	  1583: 	BCS	LAB_163B		; branch if token follows STOP
                        	  1584: 					; else just END
                        	  1585: ; END
                        	  1586: 
                        	  1587: LAB_END
01:C51B 18              	  1588: 	CLC				; clear the carry, indicate a normal program end
                        	  1589: LAB_163B
01:C51C D067            	  1590: 	BNE	LAB_167A		; if wasn't CTRL-C or there is a following byte return
                        	  1591: 
01:C51E A5C4            	  1592: 	LDA	Bpntrh		; get the BASIC execute pointer high byte
01:C520 4902            	  1593: 	EOR	#>Ibuffs		; compare with buffer address high byte (Cb unchanged)
01:C522 F010            	  1594: 	BEQ	LAB_164F		; branch if the BASIC pointer is in the input buffer
                        	  1595: 					; (can't continue in immediate mode)
                        	  1596: 
                        	  1597: 					; else ..
01:C524 4902            	  1598: 	EOR	#>Ibuffs		; correct the bits
01:C526 A4C3            	  1599: 	LDY	Bpntrl		; get BASIC execute pointer low byte
01:C528 848B            	  1600: 	STY	Cpntrl		; save continue pointer low byte
01:C52A 858C            	  1601: 	STA	Cpntrh		; save continue pointer high byte
                        	  1602: LAB_1647
01:C52C A587            	  1603: 	LDA	Clinel		; get current line low byte
01:C52E A488            	  1604: 	LDY	Clineh		; get current line high byte
01:C530 8589            	  1605: 	STA	Blinel		; save break line low byte
01:C532 848A            	  1606: 	STY	Blineh		; save break line high byte
                        	  1607: LAB_164F
01:C534 68              	  1608: 	PLA				; pull return address low
01:C535 68              	  1609: 	PLA				; pull return address high
                        	  1610: LAB_1651
01:C536 9007            	  1611: 	BCC	LAB_165E		; if was program end just do warm start
                        	  1612: 
                        	  1613: 					; else ..
01:C538 A9DE            	  1614: 	LDA	#<LAB_BMSG		; point to "Break" low byte
01:C53A A0E7            	  1615: 	LDY	#>LAB_BMSG		; point to "Break" high byte
01:C53C 4C4FC1          	  1616: 	JMP	LAB_1269		; print "Break" and do warm start
                        	  1617: 
                        	  1618: LAB_165E
01:C53F 4C5AC1          	  1619: 	JMP	LAB_1274		; go do warm start
                        	  1620: 
                        	  1621: ; perform RESTORE
                        	  1622: 
                        	  1623: LAB_RESTORE
01:C542 D00F            	  1624: 	BNE	LAB_RESTOREn	; branch if next character not null (RESTORE n)
                        	  1625: 
                        	  1626: LAB_161A
01:C544 38              	  1627: 	SEC				; set carry for subtract
01:C545 A579            	  1628: 	LDA	Smeml			; get start of mem low byte
01:C547 E901            	  1629: 	SBC	#$01			; -1
01:C549 A47A            	  1630: 	LDY	Smemh			; get start of mem high byte
01:C54B B001            	  1631: 	BCS	LAB_1624		; branch if no underflow
                        	  1632: 
                        	  1633: LAB_uflow
01:C54D 88              	  1634: 	DEY				; else decrement high byte
                        	  1635: LAB_1624
01:C54E 858F            	  1636: 	STA	Dptrl			; save DATA pointer low byte
01:C550 8490            	  1637: 	STY	Dptrh			; save DATA pointer high byte
                        	  1638: LAB_1628
01:C552 60              	  1639: 	RTS
                        	  1640: 
                        	  1641: 					; is RESTORE n
                        	  1642: LAB_RESTOREn
01:C553 2055C7          	  1643: 	JSR	LAB_GFPN		; get fixed-point number into temp integer
01:C556 20A0C6          	  1644: 	JSR	LAB_SNBL		; scan for next BASIC line
01:C559 A588            	  1645: 	LDA	Clineh		; get current line high byte
01:C55B C512            	  1646: 	CMP	Itemph		; compare with temporary integer high byte
01:C55D B00B            	  1647: 	BCS	LAB_reset_search	; branch if >= (start search from beginning)
                        	  1648: 
01:C55F 98              	  1649: 	TYA				; else copy line index to A
01:C560 38              	  1650: 	SEC				; set carry (+1)
01:C561 65C3            	  1651: 	ADC	Bpntrl		; add BASIC execute pointer low byte
01:C563 A6C4            	  1652: 	LDX	Bpntrh		; get BASIC execute pointer high byte
01:C565 9007            	  1653: 	BCC	LAB_go_search	; branch if no overflow to high byte
                        	  1654: 
01:C567 E8              	  1655: 	INX				; increment high byte
01:C568 B004            	  1656: 	BCS	LAB_go_search	; branch always (can never be carry clear)
                        	  1657: 
                        	  1658: ; search for line # in temp (Itempl/Itemph) from start of mem pointer (Smeml)
                        	  1659: 
                        	  1660: LAB_reset_search
01:C56A A579            	  1661: 	LDA	Smeml			; get start of mem low byte
01:C56C A67A            	  1662: 	LDX	Smemh			; get start of mem high byte
                        	  1663: 
                        	  1664: ; search for line # in temp (Itempl/Itemph) from (AX)
                        	  1665: 
                        	  1666: LAB_go_search
                        	  1667: 
01:C56E 2028C3          	  1668: 	JSR	LAB_SHLN		; search Basic for temp integer line number from AX
01:C571 B003            	  1669: 	BCS	LAB_line_found	; if carry set go set pointer
                        	  1670: 
01:C573 4C72C6          	  1671: 	JMP	LAB_16F7		; else go do "Undefined statement" error
                        	  1672: 
                        	  1673: LAB_line_found
                        	  1674: 					; carry already set for subtract
01:C576 A5AA            	  1675: 	LDA	Baslnl		; get pointer low byte
01:C578 E901            	  1676: 	SBC	#$01			; -1
01:C57A A4AB            	  1677: 	LDY	Baslnh		; get pointer high byte
01:C57C B0D0            	  1678: 	BCS	LAB_1624		; branch if no underflow (save DATA pointer and return)
                        	  1679: 
01:C57E 90CD            	  1680: 	BCC	LAB_uflow		; else decrement high byte then save DATA pointer and
                        	  1681: 					; return (branch always)
                        	  1682: 
                        	  1683: ; perform NULL
                        	  1684: 
                        	  1685: LAB_NULL
01:C580 208CD4          	  1686: 	JSR	LAB_GTBY		; get byte parameter
01:C583 860D            	  1687: 	STX	Nullct		; save new NULL count
                        	  1688: LAB_167A
01:C585 60              	  1689: 	RTS
                        	  1690: 
                        	  1691: ; perform CONT
                        	  1692: 
                        	  1693: LAB_CONT
01:C586 D0FD            	  1694: 	BNE	LAB_167A		; if following byte exit to do syntax error
                        	  1695: 
01:C588 A48C            	  1696: 	LDY	Cpntrh		; get continue pointer high byte
01:C58A D005            	  1697: 	BNE	LAB_166C		; go do continue if we can
                        	  1698: 
01:C58C A21E            	  1699: 	LDX	#$1E			; error code $1E ("Can't continue" error)
01:C58E 4C3CC1          	  1700: 	JMP	LAB_XERR		; do error #X, then warm start
                        	  1701: 
                        	  1702: 					; we can continue so ..
                        	  1703: LAB_166C
01:C591 A993            	  1704: 	LDA	#TK_ON		; set token for ON
01:C593 2014DF          	  1705: 	JSR	LAB_IRQ		; set IRQ flags
01:C596 A993            	  1706: 	LDA	#TK_ON		; set token for ON
01:C598 2017DF          	  1707: 	JSR	LAB_NMI		; set NMI flags
                        	  1708: 
01:C59B 84C4            	  1709: 	STY	Bpntrh		; save BASIC execute pointer high byte
01:C59D A58B            	  1710: 	LDA	Cpntrl		; get continue pointer low byte
01:C59F 85C3            	  1711: 	STA	Bpntrl		; save BASIC execute pointer low byte
01:C5A1 A589            	  1712: 	LDA	Blinel		; get break line low byte
01:C5A3 A48A            	  1713: 	LDY	Blineh		; get break line high byte
01:C5A5 8587            	  1714: 	STA	Clinel		; set current line low byte
01:C5A7 8488            	  1715: 	STY	Clineh		; set current line high byte
01:C5A9 60              	  1716: 	RTS
                        	  1717: 
                        	  1718: ; perform RUN
                        	  1719: 
                        	  1720: LAB_RUN
01:C5AA D003            	  1721: 	BNE	LAB_1696		; branch if RUN n
01:C5AC 4C65C3          	  1722: 	JMP	LAB_1477		; reset execution to start, clear variables, flush stack and
                        	  1723: 					; return
                        	  1724: 
                        	  1725: ; does RUN n
                        	  1726: 
                        	  1727: LAB_1696
01:C5AF 2072C3          	  1728: 	JSR	LAB_147A		; go do "CLEAR"
01:C5B2 F02E            	  1729: 	BEQ	LAB_16B0		; get n and do GOTO n (branch always as CLEAR sets Z=1)
                        	  1730: 
                        	  1731: ; perform DO
                        	  1732: 
                        	  1733: LAB_DO
01:C5B4 A905            	  1734: 	LDA	#$05			; need 5 bytes for DO
01:C5B6 2003C1          	  1735: 	JSR	LAB_1212		; check room on stack for A bytes
01:C5B9 A5C4            	  1736: 	LDA	Bpntrh		; get BASIC execute pointer high byte
01:C5BB 48              	  1737: 	PHA				; push on stack
01:C5BC A5C3            	  1738: 	LDA	Bpntrl		; get BASIC execute pointer low byte
01:C5BE 48              	  1739: 	PHA				; push on stack
01:C5BF A588            	  1740: 	LDA	Clineh		; get current line high byte
01:C5C1 48              	  1741: 	PHA				; push on stack
01:C5C2 A587            	  1742: 	LDA	Clinel		; get current line low byte
01:C5C4 48              	  1743: 	PHA				; push on stack
01:C5C5 A99D            	  1744: 	LDA	#TK_DO		; token for DO
01:C5C7 48              	  1745: 	PHA				; push on stack
01:C5C8 20C200          	  1746: 	JSR	LAB_GBYT		; scan memory
01:C5CB 4CBCC4          	  1747: 	JMP	LAB_15C2		; go do interpreter inner loop
                        	  1748: 
                        	  1749: ; perform GOSUB
                        	  1750: 
                        	  1751: LAB_GOSUB
01:C5CE A905            	  1752: 	LDA	#$05			; need 5 bytes for GOSUB
01:C5D0 2003C1          	  1753: 	JSR	LAB_1212		; check room on stack for A bytes
01:C5D3 A5C4            	  1754: 	LDA	Bpntrh		; get BASIC execute pointer high byte
01:C5D5 48              	  1755: 	PHA				; push on stack
01:C5D6 A5C3            	  1756: 	LDA	Bpntrl		; get BASIC execute pointer low byte
01:C5D8 48              	  1757: 	PHA				; push on stack
01:C5D9 A588            	  1758: 	LDA	Clineh		; get current line high byte
01:C5DB 48              	  1759: 	PHA				; push on stack
01:C5DC A587            	  1760: 	LDA	Clinel		; get current line low byte
01:C5DE 48              	  1761: 	PHA				; push on stack
01:C5DF A98D            	  1762: 	LDA	#TK_GOSUB		; token for GOSUB
01:C5E1 48              	  1763: 	PHA				; push on stack
                        	  1764: LAB_16B0
01:C5E2 20C200          	  1765: 	JSR	LAB_GBYT		; scan memory
01:C5E5 20EBC5          	  1766: 	JSR	LAB_GOTO		; perform GOTO n
01:C5E8 4CBCC4          	  1767: 	JMP	LAB_15C2		; go do interpreter inner loop
                        	  1768: 					; (can't RTS, we used the stack!)
                        	  1769: 
                        	  1770: ; perform GOTO
                        	  1771: 
                        	  1772: LAB_GOTO
01:C5EB 2055C7          	  1773: 	JSR	LAB_GFPN		; get fixed-point number into temp integer
01:C5EE 20A0C6          	  1774: 	JSR	LAB_SNBL		; scan for next BASIC line
01:C5F1 A588            	  1775: 	LDA	Clineh		; get current line high byte
01:C5F3 C512            	  1776: 	CMP	Itemph		; compare with temporary integer high byte
01:C5F5 B00B            	  1777: 	BCS	LAB_16D0		; branch if >= (start search from beginning)
                        	  1778: 
01:C5F7 98              	  1779: 	TYA				; else copy line index to A
01:C5F8 38              	  1780: 	SEC				; set carry (+1)
01:C5F9 65C3            	  1781: 	ADC	Bpntrl		; add BASIC execute pointer low byte
01:C5FB A6C4            	  1782: 	LDX	Bpntrh		; get BASIC execute pointer high byte
01:C5FD 9007            	  1783: 	BCC	LAB_16D4		; branch if no overflow to high byte
                        	  1784: 
01:C5FF E8              	  1785: 	INX				; increment high byte
01:C600 B004            	  1786: 	BCS	LAB_16D4		; branch always (can never be carry)
                        	  1787: 
                        	  1788: ; search for line # in temp (Itempl/Itemph) from start of mem pointer (Smeml)
                        	  1789: 
                        	  1790: LAB_16D0
01:C602 A579            	  1791: 	LDA	Smeml			; get start of mem low byte
01:C604 A67A            	  1792: 	LDX	Smemh			; get start of mem high byte
                        	  1793: 
                        	  1794: ; search for line # in temp (Itempl/Itemph) from (AX)
                        	  1795: 
                        	  1796: LAB_16D4
01:C606 2028C3          	  1797: 	JSR	LAB_SHLN		; search Basic for temp integer line number from AX
01:C609 9067            	  1798: 	BCC	LAB_16F7		; if carry clear go do "Undefined statement" error
                        	  1799: 					; (unspecified statement)
                        	  1800: 
                        	  1801: 					; carry already set for subtract
01:C60B A5AA            	  1802: 	LDA	Baslnl		; get pointer low byte
01:C60D E901            	  1803: 	SBC	#$01			; -1
01:C60F 85C3            	  1804: 	STA	Bpntrl		; save BASIC execute pointer low byte
01:C611 A5AB            	  1805: 	LDA	Baslnh		; get pointer high byte
01:C613 E900            	  1806: 	SBC	#$00			; subtract carry
01:C615 85C4            	  1807: 	STA	Bpntrh		; save BASIC execute pointer high byte
                        	  1808: LAB_16E5
01:C617 60              	  1809: 	RTS
                        	  1810: 
                        	  1811: LAB_DONOK
01:C618 A222            	  1812: 	LDX	#$22			; error code $22 ("LOOP without DO" error)
01:C61A 4C3CC1          	  1813: 	JMP	LAB_XERR		; do error #X, then warm start
                        	  1814: 
                        	  1815: ; perform LOOP
                        	  1816: 
                        	  1817: LAB_LOOP
01:C61D A8              	  1818: 	TAY				; save following token
01:C61E BA              	  1819: 	TSX				; copy stack pointer
01:C61F BD0301          	  1820: 	LDA	LAB_STAK+3,X	; get token byte from stack
01:C622 C99D            	  1821: 	CMP	#TK_DO		; compare with DO token
01:C624 D0F2            	  1822: 	BNE	LAB_DONOK		; branch if no matching DO
                        	  1823: 
01:C626 E8              	  1824: 	INX				; dump calling routine return address
01:C627 E8              	  1825: 	INX				; dump calling routine return address
01:C628 9A              	  1826: 	TXS				; correct stack
01:C629 98              	  1827: 	TYA				; get saved following token back
01:C62A F020            	  1828: 	BEQ	LoopAlways		; if no following token loop forever
                        	  1829: 					; (stack pointer in X)
                        	  1830: 
01:C62C C93A            	  1831: 	CMP	#':'			; could be ':'
01:C62E F01C            	  1832: 	BEQ	LoopAlways		; if :... loop forever
                        	  1833: 
01:C630 E9B3            	  1834: 	SBC	#TK_UNTIL		; subtract token for UNTIL, we know carry is set here
01:C632 AA              	  1835: 	TAX				; copy to X (if it was UNTIL then Y will be correct)
01:C633 F004            	  1836: 	BEQ	DoRest		; branch if was UNTIL
                        	  1837: 
01:C635 CA              	  1838: 	DEX				; decrement result
01:C636 D062            	  1839: 	BNE	LAB_16FC		; if not WHILE go do syntax error and warm start
                        	  1840: 					; only if the token was WHILE will this fail
                        	  1841: 
01:C638 CA              	  1842: 	DEX				; set invert result byte
                        	  1843: DoRest
01:C639 8698            	  1844: 	STX	Frnxth		; save invert result byte
01:C63B 20BC00          	  1845: 	JSR	LAB_IGBY		; increment and scan memory
01:C63E 20E1CA          	  1846: 	JSR	LAB_EVEX		; evaluate expression
01:C641 A5AC            	  1847: 	LDA	FAC1_e		; get FAC1 exponent
01:C643 F002            	  1848: 	BEQ	DoCmp			; if =0 go do straight compare
                        	  1849: 
01:C645 A9FF            	  1850: 	LDA	#$FF			; else set all bits
                        	  1851: DoCmp
01:C647 BA              	  1852: 	TSX				; copy stack pointer
01:C648 4598            	  1853: 	EOR	Frnxth		; EOR with invert byte
01:C64A D01A            	  1854: 	BNE	LoopDone		; if <> 0 clear stack and back to interpreter loop
                        	  1855: 
                        	  1856: 					; loop condition wasn't met so do it again
                        	  1857: LoopAlways
01:C64C BD0201          	  1858: 	LDA	LAB_STAK+2,X	; get current line low byte
01:C64F 8587            	  1859: 	STA	Clinel		; save current line low byte
01:C651 BD0301          	  1860: 	LDA	LAB_STAK+3,X	; get current line high byte
01:C654 8588            	  1861: 	STA	Clineh		; save current line high byte
01:C656 BD0401          	  1862: 	LDA	LAB_STAK+4,X	; get BASIC execute pointer low byte
01:C659 85C3            	  1863: 	STA	Bpntrl		; save BASIC execute pointer low byte
01:C65B BD0501          	  1864: 	LDA	LAB_STAK+5,X	; get BASIC execute pointer high byte
01:C65E 85C4            	  1865: 	STA	Bpntrh		; save BASIC execute pointer high byte
01:C660 20C200          	  1866: 	JSR	LAB_GBYT		; scan memory
01:C663 4CBCC4          	  1867: 	JMP	LAB_15C2		; go do interpreter inner loop
                        	  1868: 
                        	  1869: 					; clear stack and back to interpreter loop
                        	  1870: LoopDone
01:C666 E8              	  1871: 	INX				; dump DO token
01:C667 E8              	  1872: 	INX				; dump current line low byte
01:C668 E8              	  1873: 	INX				; dump current line high byte
01:C669 E8              	  1874: 	INX				; dump BASIC execute pointer low byte
01:C66A E8              	  1875: 	INX				; dump BASIC execute pointer high byte
01:C66B 9A              	  1876: 	TXS				; correct stack
01:C66C 4C8CC6          	  1877: 	JMP	LAB_DATA		; go perform DATA (find : or [EOL])
                        	  1878: 
                        	  1879: ; do the return without gosub error
                        	  1880: 
                        	  1881: LAB_16F4
01:C66F A204            	  1882: 	LDX	#$04			; error code $04 ("RETURN without GOSUB" error)
01:C671 2C              	  1883: 	.byte	$2C			; makes next line BIT LAB_0EA2
                        	  1884: 
                        	  1885: LAB_16F7				; do undefined statement error
01:C672 A20E            	  1886: 	LDX	#$0E			; error code $0E ("Undefined statement" error)
01:C674 4C3CC1          	  1887: 	JMP	LAB_XERR		; do error #X, then warm start
                        	  1888: 
                        	  1889: ; perform RETURN
                        	  1890: 
                        	  1891: LAB_RETURN
01:C677 D09E            	  1892: 	BNE	LAB_16E5		; exit if following token (to allow syntax error)
                        	  1893: 
                        	  1894: LAB_16E8
01:C679 68              	  1895: 	PLA				; dump calling routine return address
01:C67A 68              	  1896: 	PLA				; dump calling routine return address
01:C67B 68              	  1897: 	PLA				; pull token
01:C67C C98D            	  1898: 	CMP	#TK_GOSUB		; compare with GOSUB token
01:C67E D0EF            	  1899: 	BNE	LAB_16F4		; branch if no matching GOSUB
                        	  1900: 
                        	  1901: LAB_16FF
01:C680 68              	  1902: 	PLA				; pull current line low byte
01:C681 8587            	  1903: 	STA	Clinel		; save current line low byte
01:C683 68              	  1904: 	PLA				; pull current line high byte
01:C684 8588            	  1905: 	STA	Clineh		; save current line high byte
01:C686 68              	  1906: 	PLA				; pull BASIC execute pointer low byte
01:C687 85C3            	  1907: 	STA	Bpntrl		; save BASIC execute pointer low byte
01:C689 68              	  1908: 	PLA				; pull BASIC execute pointer high byte
01:C68A 85C4            	  1909: 	STA	Bpntrh		; save BASIC execute pointer high byte
                        	  1910: 
                        	  1911: 					; now do the DATA statement as we could be returning into
                        	  1912: 					; the middle of an ON <var> GOSUB n,m,p,q line
                        	  1913: 					; (the return address used by the DATA statement is the one
                        	  1914: 					; pushed before the GOSUB was executed!)
                        	  1915: 
                        	  1916: ; perform DATA
                        	  1917: 
                        	  1918: LAB_DATA
01:C68C 209DC6          	  1919: 	JSR	LAB_SNBS		; scan for next BASIC statement ([:] or [EOL])
                        	  1920: 
                        	  1921: 					; set BASIC execute pointer
                        	  1922: LAB_170F
01:C68F 98              	  1923: 	TYA				; copy index to A
01:C690 18              	  1924: 	CLC				; clear carry for add
01:C691 65C3            	  1925: 	ADC	Bpntrl		; add BASIC execute pointer low byte
01:C693 85C3            	  1926: 	STA	Bpntrl		; save BASIC execute pointer low byte
01:C695 9002            	  1927: 	BCC	LAB_1719		; skip next if no carry
                        	  1928: 
01:C697 E6C4            	  1929: 	INC	Bpntrh		; else increment BASIC execute pointer high byte
                        	  1930: LAB_1719
01:C699 60              	  1931: 	RTS
                        	  1932: 
                        	  1933: LAB_16FC
01:C69A 4C02CC          	  1934: 	JMP	LAB_SNER		; do syntax error then warm start
                        	  1935: 
                        	  1936: ; scan for next BASIC statement ([:] or [EOL])
                        	  1937: ; returns Y as index to [:] or [EOL]
                        	  1938: 
                        	  1939: LAB_SNBS
01:C69D A23A            	  1940: 	LDX	#':'			; set look for character = ":"
01:C69F 2C              	  1941: 	.byte	$2C			; makes next line BIT $00A2
                        	  1942: 
                        	  1943: ; scan for next BASIC line
                        	  1944: ; returns Y as index to [EOL]
                        	  1945: 
                        	  1946: LAB_SNBL
01:C6A0 A200            	  1947: 	LDX	#$00			; set alt search character = [EOL]
01:C6A2 A000            	  1948: 	LDY	#$00			; set search character = [EOL]
01:C6A4 845C            	  1949: 	STY	Asrch			; store search character
                        	  1950: LAB_1725
01:C6A6 8A              	  1951: 	TXA				; get alt search character
01:C6A7 455C            	  1952: 	EOR	Asrch			; toggle search character, effectively swap with $00
01:C6A9 855C            	  1953: 	STA	Asrch			; save swapped search character
                        	  1954: LAB_172D
01:C6AB B1C3            	  1955: 	LDA	(Bpntrl),Y		; get next byte
01:C6AD F0EA            	  1956: 	BEQ	LAB_1719		; exit if null [EOL]
                        	  1957: 
01:C6AF C55C            	  1958: 	CMP	Asrch			; compare with search character
01:C6B1 F0E6            	  1959: 	BEQ	LAB_1719		; exit if found
                        	  1960: 
01:C6B3 C8              	  1961: 	INY				; increment index
01:C6B4 C922            	  1962: 	CMP	#$22			; compare current character with open quote
01:C6B6 D0F3            	  1963: 	BNE	LAB_172D		; if not open quote go get next character
                        	  1964: 
01:C6B8 F0EC            	  1965: 	BEQ	LAB_1725		; if found go swap search character for alt search character
                        	  1966: 
                        	  1967: ; perform IF
                        	  1968: 
                        	  1969: LAB_IF
01:C6BA 20E1CA          	  1970: 	JSR	LAB_EVEX		; evaluate the expression
01:C6BD 20C200          	  1971: 	JSR	LAB_GBYT		; scan memory
01:C6C0 C9B0            	  1972: 	CMP	#TK_THEN		; compare with THEN token
01:C6C2 F011            	  1973: 	BEQ	LAB_174B		; if it was THEN go do IF
                        	  1974: 
                        	  1975: 					; wasn't IF .. THEN so must be IF .. GOTO
01:C6C4 C989            	  1976: 	CMP	#TK_GOTO		; compare with GOTO token
01:C6C6 D0D2            	  1977: 	BNE	LAB_16FC		; if it wasn't GOTO go do syntax error
                        	  1978: 
01:C6C8 A6C3            	  1979: 	LDX	Bpntrl		; save the basic pointer low byte
01:C6CA A4C4            	  1980: 	LDY	Bpntrh		; save the basic pointer high byte
01:C6CC 20BC00          	  1981: 	JSR	LAB_IGBY		; increment and scan memory
01:C6CF B0C9            	  1982: 	BCS	LAB_16FC		; if not numeric go do syntax error
                        	  1983: 
01:C6D1 86C3            	  1984: 	STX	Bpntrl		; restore the basic pointer low byte
01:C6D3 84C4            	  1985: 	STY	Bpntrh		; restore the basic pointer high byte
                        	  1986: LAB_174B
01:C6D5 A5AC            	  1987: 	LDA	FAC1_e		; get FAC1 exponent
01:C6D7 F01B            	  1988: 	BEQ	LAB_174E		; if the result was zero go look for an ELSE
                        	  1989: 
01:C6D9 20BC00          	  1990: 	JSR	LAB_IGBY		; else increment and scan memory
01:C6DC B003            	  1991: 	BCS	LAB_174D		; if not numeric go do var or keyword
                        	  1992: 
                        	  1993: LAB_174C
01:C6DE 4CEBC5          	  1994: 	JMP	LAB_GOTO		; else was numeric so do GOTO n
                        	  1995: 
                        	  1996: 					; is var or keyword
                        	  1997: LAB_174D
01:C6E1 C990            	  1998: 	CMP	#TK_RETURN		; compare the byte with the token for RETURN
01:C6E3 D003            	  1999: 	BNE	LAB_174G		; if it wasn't RETURN go interpret BASIC code from (Bpntrl)
                        	  2000: 					; and return to this code to process any following code
                        	  2001: 
01:C6E5 4CFEC4          	  2002: 	JMP	LAB_1602		; else it was RETURN so interpret BASIC code from (Bpntrl)
                        	  2003: 					; but don't return here
                        	  2004: 
                        	  2005: LAB_174G
01:C6E8 20FCC4          	  2006: 	JSR	LAB_15FF		; interpret BASIC code from (Bpntrl)
                        	  2007: 
                        	  2008: ; the IF was executed and there may be a following ELSE so the code needs to return
                        	  2009: ; here to check and ignore the ELSE if present
                        	  2010: 
01:C6EB A000            	  2011: 	LDY	#$00			; clear the index
01:C6ED B1C3            	  2012: 	LDA	(Bpntrl),Y		; get the next BASIC byte
01:C6EF C9AC            	  2013: 	CMP	#TK_ELSE		; compare it with the token for ELSE
01:C6F1 F099            	  2014: 	BEQ	LAB_DATA		; if ELSE ignore the following statement
                        	  2015: 
                        	  2016: ; there was no ELSE so continue execution of IF <expr> THEN <stat> [: <stat>]. any
                        	  2017: ; following ELSE will, correctly, cause a syntax error
                        	  2018: 
01:C6F3 60              	  2019: 	RTS				; else return to the interpreter inner loop
                        	  2020: 
                        	  2021: ; perform ELSE after IF
                        	  2022: 
                        	  2023: LAB_174E
01:C6F4 A000            	  2024: 	LDY	#$00			; clear the BASIC byte index
01:C6F6 A201            	  2025: 	LDX	#$01			; clear the nesting depth
                        	  2026: LAB_1750
01:C6F8 C8              	  2027: 	INY				; increment the BASIC byte index
01:C6F9 B1C3            	  2028: 	LDA	(Bpntrl),Y		; get the next BASIC byte
01:C6FB F00F            	  2029: 	BEQ	LAB_1753		; if EOL go add the pointer and return
                        	  2030: 
01:C6FD C98B            	  2031: 	CMP	#TK_IF		; compare the byte with the token for IF
01:C6FF D003            	  2032: 	BNE	LAB_1752		; if not IF token skip the depth increment
                        	  2033: 
01:C701 E8              	  2034: 	INX				; else increment the nesting depth ..
01:C702 D0F4            	  2035: 	BNE	LAB_1750		; .. and continue looking
                        	  2036: 
                        	  2037: LAB_1752
01:C704 C9AC            	  2038: 	CMP	#TK_ELSE		; compare the byte with the token for ELSE
01:C706 D0F0            	  2039: 	BNE	LAB_1750		; if not ELSE token continue looking
                        	  2040: 
01:C708 CA              	  2041: 	DEX				; was ELSE so decrement the nesting depth
01:C709 D0ED            	  2042: 	BNE	LAB_1750		; loop if still nested
                        	  2043: 
01:C70B C8              	  2044: 	INY				; increment the BASIC byte index past the ELSE
                        	  2045: 
                        	  2046: ; found the matching ELSE, now do <{n|statement}>
                        	  2047: 
                        	  2048: LAB_1753
01:C70C 98              	  2049: 	TYA				; else copy line index to A
01:C70D 18              	  2050: 	CLC				; clear carry for add
01:C70E 65C3            	  2051: 	ADC	Bpntrl		; add the BASIC execute pointer low byte
01:C710 85C3            	  2052: 	STA	Bpntrl		; save the BASIC execute pointer low byte
01:C712 9002            	  2053: 	BCC	LAB_1754		; branch if no overflow to high byte
                        	  2054: 
01:C714 E6C4            	  2055: 	INC	Bpntrh		; else increment the BASIC execute pointer high byte
                        	  2056: LAB_1754
01:C716 20C200          	  2057: 	JSR	LAB_GBYT		; scan memory
01:C719 90C3            	  2058: 	BCC	LAB_174C		; if numeric do GOTO n
                        	  2059: 					; the code will return to the interpreter loop at the
                        	  2060: 					; tail end of the GOTO <n>
                        	  2061: 
01:C71B 4CFCC4          	  2062: 	JMP	LAB_15FF		; interpret BASIC code from (Bpntrl)
                        	  2063: 					; the code will return to the interpreter loop at the
                        	  2064: 					; tail end of the <statement>
                        	  2065: 
                        	  2066: ; perform REM, skip (rest of) line
                        	  2067: 
                        	  2068: LAB_REM
01:C71E 20A0C6          	  2069: 	JSR	LAB_SNBL		; scan for next BASIC line
01:C721 4C8FC6          	  2070: 	JMP	LAB_170F		; go set BASIC execute pointer and return, branch always
                        	  2071: 
                        	  2072: LAB_16FD
01:C724 4C02CC          	  2073: 	JMP	LAB_SNER		; do syntax error then warm start
                        	  2074: 
                        	  2075: ; perform ON
                        	  2076: 
                        	  2077: LAB_ON
01:C727 C9A9            	  2078: 	CMP	#TK_IRQ		; was it IRQ token ?
01:C729 D003            	  2079: 	BNE	LAB_NOIN		; if not go check NMI
                        	  2080: 
01:C72B 4C38DF          	  2081: 	JMP	LAB_SIRQ		; else go set-up IRQ
                        	  2082: 
                        	  2083: LAB_NOIN
01:C72E C9AA            	  2084: 	CMP	#TK_NMI		; was it NMI token ?
01:C730 D003            	  2085: 	BNE	LAB_NONM		; if not go do normal ON command
                        	  2086: 
01:C732 4C3CDF          	  2087: 	JMP	LAB_SNMI		; else go set-up NMI
                        	  2088: 
                        	  2089: LAB_NONM
01:C735 208CD4          	  2090: 	JSR	LAB_GTBY		; get byte parameter
01:C738 48              	  2091: 	PHA				; push GOTO/GOSUB token
01:C739 C98D            	  2092: 	CMP	#TK_GOSUB		; compare with GOSUB token
01:C73B F004            	  2093: 	BEQ	LAB_176B		; branch if GOSUB
                        	  2094: 
01:C73D C989            	  2095: 	CMP	#TK_GOTO		; compare with GOTO token
                        	  2096: LAB_1767
01:C73F D0E3            	  2097: 	BNE	LAB_16FD		; if not GOTO do syntax error then warm start
                        	  2098: 
                        	  2099: 
                        	  2100: ; next character was GOTO or GOSUB
                        	  2101: 
                        	  2102: LAB_176B
01:C741 C6AF            	  2103: 	DEC	FAC1_3		; decrement index (byte value)
01:C743 D004            	  2104: 	BNE	LAB_1773		; branch if not zero
                        	  2105: 
01:C745 68              	  2106: 	PLA				; pull GOTO/GOSUB token
01:C746 4CFEC4          	  2107: 	JMP	LAB_1602		; go execute it
                        	  2108: 
                        	  2109: LAB_1773
01:C749 20BC00          	  2110: 	JSR	LAB_IGBY		; increment and scan memory
01:C74C 2055C7          	  2111: 	JSR	LAB_GFPN		; get fixed-point number into temp integer (skip this n)
                        	  2112: 					; (we could LDX #',' and JSR LAB_SNBL+2, then we
                        	  2113: 					; just BNE LAB_176B for the loop. should be quicker ..
                        	  2114: 					; no we can't, what if we meet a colon or [EOL]?)
01:C74F C92C            	  2115: 	CMP	#$2C			; compare next character with ","
01:C751 F0EE            	  2116: 	BEQ	LAB_176B		; loop if ","
                        	  2117: 
                        	  2118: LAB_177E
01:C753 68              	  2119: 	PLA				; else pull keyword token (run out of options)
                        	  2120: 					; also dump +/-1 pointer low byte and exit
                        	  2121: LAB_177F
01:C754 60              	  2122: 	RTS
                        	  2123: 
                        	  2124: ; takes n * 106 + 11 cycles where n is the number of digits
                        	  2125: 
                        	  2126: ; get fixed-point number into temp integer
                        	  2127: 
                        	  2128: LAB_GFPN
01:C755 A200            	  2129: 	LDX	#$00			; clear reg
01:C757 8611            	  2130: 	STX	Itempl		; clear temporary integer low byte
                        	  2131: LAB_1785
01:C759 8612            	  2132: 	STX	Itemph		; save temporary integer high byte
01:C75B B0F7            	  2133: 	BCS	LAB_177F		; return if carry set, end of scan, character was
                        	  2134: 					; not 0-9
                        	  2135: 
01:C75D E019            	  2136: 	CPX	#$19			; compare high byte with $19
01:C75F A8              	  2137: 	TAY				; ensure Zb = 0 if the branch is taken
01:C760 B0DD            	  2138: 	BCS	LAB_1767		; branch if >=, makes max line # 63999 because next
                        	  2139: 					; bit does *$0A, = 64000, compare at target will fail
                        	  2140: 					; and do syntax error
                        	  2141: 
01:C762 E92F            	  2142: 	SBC	#'0'-1		; subtract "0", $2F + carry, from byte
01:C764 A8              	  2143: 	TAY				; copy binary digit
01:C765 A511            	  2144: 	LDA	Itempl		; get temporary integer low byte
01:C767 0A              	  2145: 	ASL				; *2 low byte
01:C768 2612            	  2146: 	ROL	Itemph		; *2 high byte
01:C76A 0A              	  2147: 	ASL				; *2 low byte
01:C76B 2612            	  2148: 	ROL	Itemph		; *2 high byte, *4
01:C76D 6511            	  2149: 	ADC	Itempl		; + low byte, *5
01:C76F 8511            	  2150: 	STA	Itempl		; save it
01:C771 8A              	  2151: 	TXA				; get high byte copy to A
01:C772 6512            	  2152: 	ADC	Itemph		; + high byte, *5
01:C774 0611            	  2153: 	ASL	Itempl		; *2 low byte, *10d
01:C776 2A              	  2154: 	ROL				; *2 high byte, *10d
01:C777 AA              	  2155: 	TAX				; copy high byte back to X
01:C778 98              	  2156: 	TYA				; get binary digit back
01:C779 6511            	  2157: 	ADC	Itempl		; add number low byte
01:C77B 8511            	  2158: 	STA	Itempl		; save number low byte
01:C77D 9001            	  2159: 	BCC	LAB_17B3		; if no overflow to high byte get next character
                        	  2160: 
01:C77F E8              	  2161: 	INX				; else increment high byte
                        	  2162: LAB_17B3
01:C780 20BC00          	  2163: 	JSR	LAB_IGBY		; increment and scan memory
01:C783 4C59C7          	  2164: 	JMP	LAB_1785		; loop for next character
                        	  2165: 
                        	  2166: ; perform DEC
                        	  2167: 
                        	  2168: LAB_DEC
01:C786 A9E4            	  2169: 	LDA	#<LAB_2AFD		; set -1 pointer low byte
01:C788 2C              	  2170: 	.byte	$2C			; BIT abs to skip the LDA below
                        	  2171: 
                        	  2172: ; perform INC
                        	  2173: 
                        	  2174: LAB_INC
01:C789 A9E0            	  2175: 	LDA	#<LAB_259C		; set 1 pointer low byte
                        	  2176: LAB_17B5
01:C78B 48              	  2177: 	PHA				; save +/-1 pointer low byte
                        	  2178: LAB_17B7
01:C78C 20AACD          	  2179: 	JSR	LAB_GVAR		; get var address
01:C78F A65F            	  2180: 	LDX	Dtypef		; get data type flag, $FF=string, $00=numeric
01:C791 301E            	  2181: 	BMI	IncrErr		; exit if string
                        	  2182: 
01:C793 8597            	  2183: 	STA	Lvarpl		; save var address low byte
01:C795 8498            	  2184: 	STY	Lvarph		; save var address high byte
01:C797 207DD8          	  2185: 	JSR	LAB_UFAC		; unpack memory (AY) into FAC1
01:C79A 68              	  2186: 	PLA				; get +/-1 pointer low byte
01:C79B 48              	  2187: 	PHA				; save +/-1 pointer low byte
01:C79C A0E1            	  2188: 	LDY	#>LAB_259C		; set +/-1 pointer high byte (both the same)
01:C79E 20BED5          	  2189: 	JSR	LAB_246C		; add (AY) to FAC1
01:C7A1 20A3D8          	  2190: 	JSR	LAB_PFAC		; pack FAC1 into variable (Lvarpl)
                        	  2191: 
01:C7A4 20C200          	  2192: 	JSR	LAB_GBYT		; scan memory
01:C7A7 C92C            	  2193: 	CMP	#','			; compare with ","
01:C7A9 D0A8            	  2194: 	BNE	LAB_177E		; exit if not "," (either end or error)
                        	  2195: 
                        	  2196: 					; was "," so another INCR variable to do
01:C7AB 20BC00          	  2197: 	JSR	LAB_IGBY		; increment and scan memory
01:C7AE 4C8CC7          	  2198: 	JMP	LAB_17B7		; go do next var
                        	  2199: 
                        	  2200: IncrErr
01:C7B1 4CDCCA          	  2201: 	JMP	LAB_1ABC		; do "Type mismatch" error then warm start
                        	  2202: 
                        	  2203: ; perform LET
                        	  2204: 
                        	  2205: LAB_LET
01:C7B4 20AACD          	  2206: 	JSR	LAB_GVAR		; get var address
01:C7B7 8597            	  2207: 	STA	Lvarpl		; save var address low byte
01:C7B9 8498            	  2208: 	STY	Lvarph		; save var address high byte
01:C7BB A9C1            	  2209: 	LDA	#TK_EQUAL		; get = token
01:C7BD 20F1CB          	  2210: 	JSR	LAB_SCCA		; scan for CHR$(A), else do syntax error then warm start
01:C7C0 A55F            	  2211: 	LDA	Dtypef		; get data type flag, $FF=string, $00=numeric
01:C7C2 48              	  2212: 	PHA				; push data type flag
01:C7C3 20E1CA          	  2213: 	JSR	LAB_EVEX		; evaluate expression
01:C7C6 68              	  2214: 	PLA				; pop data type flag
01:C7C7 2A              	  2215: 	ROL				; set carry if type = string
01:C7C8 20D3CA          	  2216: 	JSR	LAB_CKTM		; type match check, set C for string
01:C7CB D003            	  2217: 	BNE	LAB_17D5		; branch if string
                        	  2218: 
01:C7CD 4CA3D8          	  2219: 	JMP	LAB_PFAC		; pack FAC1 into variable (Lvarpl) and return
                        	  2220: 
                        	  2221: ; string LET
                        	  2222: 
                        	  2223: LAB_17D5
01:C7D0 A002            	  2224: 	LDY	#$02			; set index to pointer high byte
01:C7D2 B1AE            	  2225: 	LDA	(des_pl),Y		; get string pointer high byte
01:C7D4 C582            	  2226: 	CMP	Sstorh		; compare bottom of string space high byte
01:C7D6 9017            	  2227: 	BCC	LAB_17F4		; if less assign value and exit (was in program memory)
                        	  2228: 
01:C7D8 D007            	  2229: 	BNE	LAB_17E6		; branch if >
                        	  2230: 					; else was equal so compare low bytes
01:C7DA 88              	  2231: 	DEY				; decrement index
01:C7DB B1AE            	  2232: 	LDA	(des_pl),Y		; get pointer low byte
01:C7DD C581            	  2233: 	CMP	Sstorl		; compare bottom of string space low byte
01:C7DF 900E            	  2234: 	BCC	LAB_17F4		; if less assign value and exit (was in program memory)
                        	  2235: 
                        	  2236: 					; pointer was >= to bottom of string space pointer
                        	  2237: LAB_17E6
01:C7E1 A4AF            	  2238: 	LDY	des_ph		; get descriptor pointer high byte
01:C7E3 C47C            	  2239: 	CPY	Svarh			; compare start of vars high byte
01:C7E5 9008            	  2240: 	BCC	LAB_17F4		; branch if less (descriptor is on stack)
                        	  2241: 
01:C7E7 D00D            	  2242: 	BNE	LAB_17FB		; branch if greater (descriptor is not on stack)
                        	  2243: 
                        	  2244: 					; else high bytes were equal so ..
01:C7E9 A5AE            	  2245: 	LDA	des_pl		; get descriptor pointer low byte
01:C7EB C57B            	  2246: 	CMP	Svarl			; compare start of vars low byte
01:C7ED B007            	  2247: 	BCS	LAB_17FB		; branch if >= (descriptor is not on stack)
                        	  2248: 
                        	  2249: LAB_17F4
01:C7EF A5AE            	  2250: 	LDA	des_pl		; get descriptor pointer low byte
01:C7F1 A4AF            	  2251: 	LDY	des_ph		; get descriptor pointer high byte
01:C7F3 4C0CC8          	  2252: 	JMP	LAB_1811		; clean stack, copy descriptor to variable and return
                        	  2253: 
                        	  2254: 					; make space and copy string
                        	  2255: LAB_17FB
01:C7F6 A000            	  2256: 	LDY	#$00			; index to length
01:C7F8 B1AE            	  2257: 	LDA	(des_pl),Y		; get string length
01:C7FA 2032D1          	  2258: 	JSR	LAB_209C		; copy string
01:C7FD A59E            	  2259: 	LDA	des_2l		; get descriptor pointer low byte
01:C7FF A49F            	  2260: 	LDY	des_2h		; get descriptor pointer high byte
01:C801 85B8            	  2261: 	STA	ssptr_l		; save descriptor pointer low byte
01:C803 84B9            	  2262: 	STY	ssptr_h		; save descriptor pointer high byte
01:C805 2011D3          	  2263: 	JSR	LAB_228A		; copy string from descriptor (sdescr) to (Sutill)
01:C808 A9AC            	  2264: 	LDA	#<FAC1_e		; set descriptor pointer low byte
01:C80A A000            	  2265: 	LDY	#>FAC1_e		; get descriptor pointer high byte
                        	  2266: 
                        	  2267: 					; clean stack and assign value to string variable
                        	  2268: LAB_1811
01:C80C 859E            	  2269: 	STA	des_2l		; save descriptor_2 pointer low byte
01:C80E 849F            	  2270: 	STY	des_2h		; save descriptor_2 pointer high byte
01:C810 2073D3          	  2271: 	JSR	LAB_22EB		; clean descriptor stack, YA = pointer
01:C813 A000            	  2272: 	LDY	#$00			; index to length
01:C815 B19E            	  2273: 	LDA	(des_2l),Y		; get string length
01:C817 9197            	  2274: 	STA	(Lvarpl),Y		; copy to let string variable
01:C819 C8              	  2275: 	INY				; index to string pointer low byte
01:C81A B19E            	  2276: 	LDA	(des_2l),Y		; get string pointer low byte
01:C81C 9197            	  2277: 	STA	(Lvarpl),Y		; copy to let string variable
01:C81E C8              	  2278: 	INY				; index to string pointer high byte
01:C81F B19E            	  2279: 	LDA	(des_2l),Y		; get string pointer high byte
01:C821 9197            	  2280: 	STA	(Lvarpl),Y		; copy to let string variable
01:C823 60              	  2281: 	RTS
                        	  2282: 
                        	  2283: ; perform GET
                        	  2284: 
                        	  2285: LAB_GET
01:C824 20AACD          	  2286: 	JSR	LAB_GVAR		; get var address
01:C827 8597            	  2287: 	STA	Lvarpl		; save var address low byte
01:C829 8498            	  2288: 	STY	Lvarph		; save var address high byte
01:C82B 2000DF          	  2289: 	JSR	INGET			; get input byte
01:C82E A65F            	  2290: 	LDX	Dtypef		; get data type flag, $FF=string, $00=numeric
01:C830 3007            	  2291: 	BMI	LAB_GETS		; go get string character
                        	  2292: 
                        	  2293: 					; was numeric get
01:C832 A8              	  2294: 	TAY				; copy character to Y
01:C833 2066D0          	  2295: 	JSR	LAB_1FD0		; convert Y to byte in FAC1
01:C836 4CA3D8          	  2296: 	JMP	LAB_PFAC		; pack FAC1 into variable (Lvarpl) and return
                        	  2297: 
                        	  2298: LAB_GETS
01:C839 48              	  2299: 	PHA				; save character
01:C83A A901            	  2300: 	LDA	#$01			; string is single byte
01:C83C B001            	  2301: 	BCS	LAB_IsByte		; branch if byte received
                        	  2302: 
01:C83E 68              	  2303: 	PLA				; string is null
                        	  2304: LAB_IsByte
01:C83F 203AD1          	  2305: 	JSR	LAB_MSSP		; make string space A bytes long A=$AC=length,
                        	  2306: 					; X=$AD=Sutill=ptr low byte, Y=$AE=Sutilh=ptr high byte
01:C842 F005            	  2307: 	BEQ	LAB_NoSt		; skip store if null string
                        	  2308: 
01:C844 68              	  2309: 	PLA				; get character back
01:C845 A000            	  2310: 	LDY	#$00			; clear index
01:C847 91AD            	  2311: 	STA	(str_pl),Y		; save byte in string (byte IS string!)
                        	  2312: LAB_NoSt
01:C849 2085D1          	  2313: 	JSR	LAB_RTST		; check for space on descriptor stack then put address
                        	  2314: 					; and length on descriptor stack and update stack pointers
                        	  2315: 
01:C84C 4CD0C7          	  2316: 	JMP	LAB_17D5		; do string LET and return
                        	  2317: 
                        	  2318: ; perform PRINT
                        	  2319: 
                        	  2320: LAB_1829
01:C84F 20D6C8          	  2321: 	JSR	LAB_18C6		; print string from Sutill/Sutilh
                        	  2322: LAB_182C
01:C852 20C200          	  2323: 	JSR	LAB_GBYT		; scan memory
                        	  2324: 
                        	  2325: ; PRINT
                        	  2326: 
                        	  2327: LAB_PRINT
01:C855 F03B            	  2328: 	BEQ	LAB_CRLF		; if nothing following just print CR/LF
                        	  2329: 
                        	  2330: LAB_1831
01:C857 C9AB            	  2331: 	CMP	#TK_TAB		; compare with TAB( token
01:C859 F056            	  2332: 	BEQ	LAB_18A2		; go do TAB/SPC
                        	  2333: 
01:C85B C9AF            	  2334: 	CMP	#TK_SPC		; compare with SPC( token
01:C85D F052            	  2335: 	BEQ	LAB_18A2		; go do TAB/SPC
                        	  2336: 
01:C85F C92C            	  2337: 	CMP	#','			; compare with ","
01:C861 F038            	  2338: 	BEQ	LAB_188B		; go do move to next TAB mark
                        	  2339: 
01:C863 C93B            	  2340: 	CMP	#';'			; compare with ";"
01:C865 F066            	  2341: 	BEQ	LAB_18BD		; if ";" continue with PRINT processing
                        	  2342: 
01:C867 20E1CA          	  2343: 	JSR	LAB_EVEX		; evaluate expression
01:C86A 245F            	  2344: 	BIT	Dtypef		; test data type flag, $FF=string, $00=numeric
01:C86C 30E1            	  2345: 	BMI	LAB_1829		; branch if string
                        	  2346: 
01:C86E 2095DA          	  2347: 	JSR	LAB_296E		; convert FAC1 to string
01:C871 2044D1          	  2348: 	JSR	LAB_20AE		; print " terminated string to Sutill/Sutilh
01:C874 A000            	  2349: 	LDY	#$00			; clear index
                        	  2350: 
                        	  2351: ; don't check fit if terminal width byte is zero
                        	  2352: 
01:C876 A50F            	  2353: 	LDA	TWidth		; get terminal width byte
01:C878 F00A            	  2354: 	BEQ	LAB_185E		; skip check if zero
                        	  2355: 
01:C87A 38              	  2356: 	SEC				; set carry for subtract
01:C87B E50E            	  2357: 	SBC	TPos			; subtract terminal position
01:C87D F1AE            	  2358: 	SBC	(des_pl),Y		; subtract string length
01:C87F B003            	  2359: 	BCS	LAB_185E		; branch if less than terminal width
                        	  2360: 
01:C881 2092C8          	  2361: 	JSR	LAB_CRLF		; else print CR/LF
                        	  2362: LAB_185E
01:C884 20D6C8          	  2363: 	JSR	LAB_18C6		; print string from Sutill/Sutilh
01:C887 F0C9            	  2364: 	BEQ	LAB_182C		; always go continue processing line
                        	  2365: 
                        	  2366: ; CR/LF return to BASIC from BASIC input handler
                        	  2367: 
                        	  2368: LAB_1866
01:C889 A900            	  2369: 	LDA	#$00			; clear byte
01:C88B 9D2102          	  2370: 	STA	Ibuffs,X		; null terminate input
01:C88E A221            	  2371: 	LDX	#<Ibuffs		; set X to buffer start-1 low byte
01:C890 A002            	  2372: 	LDY	#>Ibuffs		; set Y to buffer start-1 high byte
                        	  2373: 
                        	  2374: ; print CR/LF
                        	  2375: 
                        	  2376: LAB_CRLF
01:C892 A90D            	  2377: 	LDA	#$0D			; load [CR]
01:C894 20EDC8          	  2378: 	JSR	LAB_PRNA		; go print the character
01:C897 A90A            	  2379: 	LDA	#$0A			; load [LF]
01:C899 D052            	  2380: 	BNE	LAB_PRNA		; go print the character and return, branch always
                        	  2381: 
                        	  2382: LAB_188B
01:C89B A50E            	  2383: 	LDA	TPos			; get terminal position
01:C89D C510            	  2384: 	CMP	Iclim			; compare with input column limit
01:C89F 9005            	  2385: 	BCC	LAB_1897		; branch if less
                        	  2386: 
01:C8A1 2092C8          	  2387: 	JSR	LAB_CRLF		; else print CR/LF (next line)
01:C8A4 D027            	  2388: 	BNE	LAB_18BD		; continue with PRINT processing (branch always)
                        	  2389: 
                        	  2390: LAB_1897
01:C8A6 38              	  2391: 	SEC				; set carry for subtract
                        	  2392: LAB_1898
01:C8A7 E564            	  2393: 	SBC	TabSiz		; subtract TAB size
01:C8A9 B0FC            	  2394: 	BCS	LAB_1898		; loop if result was +ve
                        	  2395: 
01:C8AB 49FF            	  2396: 	EOR	#$FF			; complement it
01:C8AD 6901            	  2397: 	ADC	#$01			; +1 (twos complement)
01:C8AF D012            	  2398: 	BNE	LAB_18B6		; always print A spaces (result is never $00)
                        	  2399: 
                        	  2400: 					; do TAB/SPC
                        	  2401: LAB_18A2
01:C8B1 48              	  2402: 	PHA				; save token
01:C8B2 2089D4          	  2403: 	JSR	LAB_SGBY		; scan and get byte parameter
01:C8B5 C929            	  2404: 	CMP	#$29			; is next character )
01:C8B7 D07B            	  2405: 	BNE	LAB_1910		; if not do syntax error then warm start
                        	  2406: 
01:C8B9 68              	  2407: 	PLA				; get token back
01:C8BA C9AB            	  2408: 	CMP	#TK_TAB		; was it TAB ?
01:C8BC D006            	  2409: 	BNE	LAB_18B7		; if not go do SPC
                        	  2410: 
                        	  2411: 					; calculate TAB offset
01:C8BE 8A              	  2412: 	TXA				; copy integer value to A
01:C8BF E50E            	  2413: 	SBC	TPos			; subtract terminal position
01:C8C1 900A            	  2414: 	BCC	LAB_18BD		; branch if result was < 0 (can't TAB backwards)
                        	  2415: 
                        	  2416: 					; print A spaces
                        	  2417: LAB_18B6
01:C8C3 AA              	  2418: 	TAX				; copy result to X
                        	  2419: LAB_18B7
01:C8C4 8A              	  2420: 	TXA				; set flags on size for SPC
01:C8C5 F006            	  2421: 	BEQ	LAB_18BD		; branch if result was = $0, already here
                        	  2422: 
                        	  2423: 					; print X spaces
                        	  2424: LAB_18BA
01:C8C7 20E8C8          	  2425: 	JSR	LAB_18E0		; print " "
01:C8CA CA              	  2426: 	DEX				; decrement count
01:C8CB D0FA            	  2427: 	BNE	LAB_18BA		; loop if not all done
                        	  2428: 
                        	  2429: 					; continue with PRINT processing
                        	  2430: LAB_18BD
01:C8CD 20BC00          	  2431: 	JSR	LAB_IGBY		; increment and scan memory
01:C8D0 D085            	  2432: 	BNE	LAB_1831		; if more to print go do it
                        	  2433: 
01:C8D2 60              	  2434: 	RTS
                        	  2435: 
                        	  2436: ; print null terminated string from memory
                        	  2437: 
                        	  2438: LAB_18C3
01:C8D3 2044D1          	  2439: 	JSR	LAB_20AE		; print " terminated string to Sutill/Sutilh
                        	  2440: 
                        	  2441: ; print string from Sutill/Sutilh
                        	  2442: 
                        	  2443: LAB_18C6
01:C8D6 203ED3          	  2444: 	JSR	LAB_22B6		; pop string off descriptor stack, or from top of string
                        	  2445: 					; space returns with A = length, X=$71=pointer low byte,
                        	  2446: 					; Y=$72=pointer high byte
01:C8D9 A000            	  2447: 	LDY	#$00			; reset index
01:C8DB AA              	  2448: 	TAX				; copy length to X
01:C8DC F049            	  2449: 	BEQ	LAB_188C		; exit (RTS) if null string
                        	  2450: 
                        	  2451: LAB_18CD
                        	  2452: 
01:C8DE B171            	  2453: 	LDA	(ut1_pl),Y		; get next byte
01:C8E0 20EDC8          	  2454: 	JSR	LAB_PRNA		; go print the character
01:C8E3 C8              	  2455: 	INY				; increment index
01:C8E4 CA              	  2456: 	DEX				; decrement count
01:C8E5 D0F7            	  2457: 	BNE	LAB_18CD		; loop if not done yet
                        	  2458: 
01:C8E7 60              	  2459: 	RTS
                        	  2460: 
                        	  2461: 					; Print single format character
                        	  2462: ; print " "
                        	  2463: 
                        	  2464: LAB_18E0
01:C8E8 A920            	  2465: 	LDA	#$20			; load " "
01:C8EA 2C              	  2466: 	.byte	$2C			; change next line to BIT LAB_3FA9
                        	  2467: 
                        	  2468: ; print "?" character
                        	  2469: 
                        	  2470: LAB_18E3
01:C8EB A93F            	  2471: 	LDA	#$3F			; load "?" character
                        	  2472: 
                        	  2473: ; print character in A
                        	  2474: ; now includes the null handler
                        	  2475: ; also includes infinite line length code
                        	  2476: ; note! some routines expect this one to exit with Zb=0
                        	  2477: 
                        	  2478: LAB_PRNA
01:C8ED C920            	  2479: 	CMP	#' '			; compare with " "
01:C8EF 9019            	  2480: 	BCC	LAB_18F9		; branch if less (non printing)
                        	  2481: 
                        	  2482: 					; else printable character
01:C8F1 48              	  2483: 	PHA				; save the character
                        	  2484: 
                        	  2485: ; don't check fit if terminal width byte is zero
                        	  2486: 
01:C8F2 A50F            	  2487: 	LDA	TWidth		; get terminal width
01:C8F4 D00A            	  2488: 	BNE	LAB_18F0		; branch if not zero (not infinite length)
                        	  2489: 
                        	  2490: ; is "infinite line" so check TAB position
                        	  2491: 
01:C8F6 A50E            	  2492: 	LDA	TPos			; get position
01:C8F8 E564            	  2493: 	SBC	TabSiz		; subtract TAB size, carry set by CMP #$20 above
01:C8FA D00B            	  2494: 	BNE	LAB_18F7		; skip reset if different
                        	  2495: 
01:C8FC 850E            	  2496: 	STA	TPos			; else reset position
01:C8FE F007            	  2497: 	BEQ	LAB_18F7		; go print character
                        	  2498: 
                        	  2499: LAB_18F0
01:C900 C50E            	  2500: 	CMP	TPos			; compare with terminal character position
01:C902 D003            	  2501: 	BNE	LAB_18F7		; branch if not at end of line
                        	  2502: 
01:C904 2092C8          	  2503: 	JSR	LAB_CRLF		; else print CR/LF
                        	  2504: LAB_18F7
01:C907 E60E            	  2505: 	INC	TPos			; increment terminal position
01:C909 68              	  2506: 	PLA				; get character back
                        	  2507: LAB_18F9
01:C90A 20EDE0          	  2508: 	JSR	V_OUTP		; output byte via output vector
01:C90D C90D            	  2509: 	CMP	#$0D			; compare with [CR]
01:C90F D014            	  2510: 	BNE	LAB_188A		; branch if not [CR]
                        	  2511: 
                        	  2512: 					; else print nullct nulls after the [CR]
01:C911 8678            	  2513: 	STX	TempB			; save buffer index
01:C913 A60D            	  2514: 	LDX	Nullct		; get null count
01:C915 F00A            	  2515: 	BEQ	LAB_1886		; branch if no nulls
                        	  2516: 
01:C917 A900            	  2517: 	LDA	#$00			; load [NULL]
                        	  2518: LAB_1880
01:C919 20EDC8          	  2519: 	JSR	LAB_PRNA		; go print the character
01:C91C CA              	  2520: 	DEX				; decrement count
01:C91D D0FA            	  2521: 	BNE	LAB_1880		; loop if not all done
                        	  2522: 
01:C91F A90D            	  2523: 	LDA	#$0D			; restore the character (and set the flags)
                        	  2524: LAB_1886
01:C921 860E            	  2525: 	STX	TPos			; clear terminal position (X always = zero when we get here)
01:C923 A678            	  2526: 	LDX	TempB			; restore buffer index
                        	  2527: LAB_188A
01:C925 29FF            	  2528: 	AND	#$FF			; set the flags
                        	  2529: LAB_188C
01:C927 60              	  2530: 	RTS
                        	  2531: 
                        	  2532: ; handle bad input data
                        	  2533: 
                        	  2534: LAB_1904
01:C928 A562            	  2535: 	LDA	Imode			; get input mode flag, $00=INPUT, $00=READ
01:C92A 100B            	  2536: 	BPL	LAB_1913		; branch if INPUT (go do redo)
                        	  2537: 
01:C92C A58D            	  2538: 	LDA	Dlinel		; get current DATA line low byte
01:C92E A48E            	  2539: 	LDY	Dlineh		; get current DATA line high byte
01:C930 8587            	  2540: 	STA	Clinel		; save current line low byte
01:C932 8488            	  2541: 	STY	Clineh		; save current line high byte
                        	  2542: LAB_1910
01:C934 4C02CC          	  2543: 	JMP	LAB_SNER		; do syntax error then warm start
                        	  2544: 
                        	  2545: 					; mode was INPUT
                        	  2546: LAB_1913
01:C937 A912            	  2547: 	LDA	#<LAB_REDO		; point to redo message (low addr)
01:C939 A0E8            	  2548: 	LDY	#>LAB_REDO		; point to redo message (high addr)
01:C93B 20D3C8          	  2549: 	JSR	LAB_18C3		; print null terminated string from memory
01:C93E A58B            	  2550: 	LDA	Cpntrl		; get continue pointer low byte
01:C940 A48C            	  2551: 	LDY	Cpntrh		; get continue pointer high byte
01:C942 85C3            	  2552: 	STA	Bpntrl		; save BASIC execute pointer low byte
01:C944 84C4            	  2553: 	STY	Bpntrh		; save BASIC execute pointer high byte
01:C946 60              	  2554: 	RTS
                        	  2555: 
                        	  2556: ; perform INPUT
                        	  2557: 
                        	  2558: LAB_INPUT
01:C947 C922            	  2559: 	CMP	#$22			; compare next byte with open quote
01:C949 D00B            	  2560: 	BNE	LAB_1934		; branch if no prompt string
                        	  2561: 
01:C94B 20BECB          	  2562: 	JSR	LAB_1BC1		; print "..." string
01:C94E A93B            	  2563: 	LDA	#$3B			; load A with ";"
01:C950 20F1CB          	  2564: 	JSR	LAB_SCCA		; scan for CHR$(A), else do syntax error then warm start
01:C953 20D6C8          	  2565: 	JSR	LAB_18C6		; print string from Sutill/Sutilh
                        	  2566: 
                        	  2567: 					; done with prompt, now get data
                        	  2568: LAB_1934
01:C956 206AD0          	  2569: 	JSR	LAB_CKRN		; check not Direct, back here if ok
01:C959 2040C2          	  2570: 	JSR	LAB_INLN		; print "? " and get BASIC input
01:C95C A900            	  2571: 	LDA	#$00			; set mode = INPUT
01:C95E CD2102          	  2572: 	CMP	Ibuffs		; test first byte in buffer
01:C961 D00A            	  2573: 	BNE	LAB_1953		; branch if not null input
                        	  2574: 
01:C963 18              	  2575: 	CLC				; was null input so clear carry to exit program
01:C964 4C2CC5          	  2576: 	JMP	LAB_1647		; go do BREAK exit
                        	  2577: 
                        	  2578: ; perform READ
                        	  2579: 
                        	  2580: LAB_READ
01:C967 A68F            	  2581: 	LDX	Dptrl			; get DATA pointer low byte
01:C969 A490            	  2582: 	LDY	Dptrh			; get DATA pointer high byte
01:C96B A980            	  2583: 	LDA	#$80			; set mode = READ
                        	  2584: 
                        	  2585: LAB_1953
01:C96D 8562            	  2586: 	STA	Imode			; set input mode flag, $00=INPUT, $80=READ
01:C96F 8691            	  2587: 	STX	Rdptrl		; save READ pointer low byte
01:C971 8492            	  2588: 	STY	Rdptrh		; save READ pointer high byte
                        	  2589: 
                        	  2590: 					; READ or INPUT next variable from list
                        	  2591: LAB_195B
01:C973 20AACD          	  2592: 	JSR	LAB_GVAR		; get (var) address
01:C976 8597            	  2593: 	STA	Lvarpl		; save address low byte
01:C978 8498            	  2594: 	STY	Lvarph		; save address high byte
01:C97A A5C3            	  2595: 	LDA	Bpntrl		; get BASIC execute pointer low byte
01:C97C A4C4            	  2596: 	LDY	Bpntrh		; get BASIC execute pointer high byte
01:C97E 8511            	  2597: 	STA	Itempl		; save as temporary integer low byte
01:C980 8412            	  2598: 	STY	Itemph		; save as temporary integer high byte
01:C982 A691            	  2599: 	LDX	Rdptrl		; get READ pointer low byte
01:C984 A492            	  2600: 	LDY	Rdptrh		; get READ pointer high byte
01:C986 86C3            	  2601: 	STX	Bpntrl		; set BASIC execute pointer low byte
01:C988 84C4            	  2602: 	STY	Bpntrh		; set BASIC execute pointer high byte
01:C98A 20C200          	  2603: 	JSR	LAB_GBYT		; scan memory
01:C98D D011            	  2604: 	BNE	LAB_1988		; branch if not null
                        	  2605: 
                        	  2606: 					; pointer was to null entry
01:C98F 2462            	  2607: 	BIT	Imode			; test input mode flag, $00=INPUT, $80=READ
01:C991 3065            	  2608: 	BMI	LAB_19DD		; branch if READ
                        	  2609: 
                        	  2610: 					; mode was INPUT
01:C993 20EBC8          	  2611: 	JSR	LAB_18E3		; print "?" character (double ? for extended input)
01:C996 2040C2          	  2612: 	JSR	LAB_INLN		; print "? " and get BASIC input
01:C999 86C3            	  2613: 	STX	Bpntrl		; set BASIC execute pointer low byte
01:C99B 84C4            	  2614: 	STY	Bpntrh		; set BASIC execute pointer high byte
                        	  2615: LAB_1985
01:C99D 20C200          	  2616: 	JSR	LAB_GBYT		; scan memory
                        	  2617: LAB_1988
01:C9A0 245F            	  2618: 	BIT	Dtypef		; test data type flag, $FF=string, $00=numeric
01:C9A2 1024            	  2619: 	BPL	LAB_19B0		; branch if numeric
                        	  2620: 
                        	  2621: 					; else get string
01:C9A4 855B            	  2622: 	STA	Srchc			; save search character
01:C9A6 C922            	  2623: 	CMP	#$22			; was it " ?
01:C9A8 F007            	  2624: 	BEQ	LAB_1999		; branch if so
                        	  2625: 
01:C9AA A93A            	  2626: 	LDA	#':'			; else search character is ":"
01:C9AC 855B            	  2627: 	STA	Srchc			; set new search character
01:C9AE A92C            	  2628: 	LDA	#','			; other search character is ","
01:C9B0 18              	  2629: 	CLC				; clear carry for add
                        	  2630: LAB_1999
01:C9B1 855C            	  2631: 	STA	Asrch			; set second search character
01:C9B3 A5C3            	  2632: 	LDA	Bpntrl		; get BASIC execute pointer low byte
01:C9B5 A4C4            	  2633: 	LDY	Bpntrh		; get BASIC execute pointer high byte
                        	  2634: 
01:C9B7 6900            	  2635: 	ADC	#$00			; c is =1 if we came via the BEQ LAB_1999, else =0
01:C9B9 9001            	  2636: 	BCC	LAB_19A4		; branch if no execute pointer low byte rollover
                        	  2637: 
01:C9BB C8              	  2638: 	INY				; else increment high byte
                        	  2639: LAB_19A4
01:C9BC 204AD1          	  2640: 	JSR	LAB_20B4		; print Srchc or Asrch terminated string to Sutill/Sutilh
01:C9BF 20CFD4          	  2641: 	JSR	LAB_23F3		; restore BASIC execute pointer from temp (Btmpl/Btmph)
01:C9C2 20D0C7          	  2642: 	JSR	LAB_17D5		; go do string LET
01:C9C5 4CCEC9          	  2643: 	JMP	LAB_19B6		; go check string terminator
                        	  2644: 
                        	  2645: 					; get numeric INPUT
                        	  2646: LAB_19B0
01:C9C8 20A6D9          	  2647: 	JSR	LAB_2887		; get FAC1 from string
01:C9CB 20A3D8          	  2648: 	JSR	LAB_PFAC		; pack FAC1 into (Lvarpl)
                        	  2649: LAB_19B6
01:C9CE 20C200          	  2650: 	JSR	LAB_GBYT		; scan memory
01:C9D1 F00A            	  2651: 	BEQ	LAB_19C5		; branch if null (last entry)
                        	  2652: 
01:C9D3 C92C            	  2653: 	CMP	#','			; else compare with ","
01:C9D5 F003            	  2654: 	BEQ	LAB_19C2		; branch if ","
                        	  2655: 
01:C9D7 4C28C9          	  2656: 	JMP	LAB_1904		; else go handle bad input data
                        	  2657: 
                        	  2658: 					; got good input data
                        	  2659: LAB_19C2
01:C9DA 20BC00          	  2660: 	JSR	LAB_IGBY		; increment and scan memory
                        	  2661: LAB_19C5
01:C9DD A5C3            	  2662: 	LDA	Bpntrl		; get BASIC execute pointer low byte (temp READ/INPUT ptr)
01:C9DF A4C4            	  2663: 	LDY	Bpntrh		; get BASIC execute pointer high byte (temp READ/INPUT ptr)
01:C9E1 8591            	  2664: 	STA	Rdptrl		; save for now
01:C9E3 8492            	  2665: 	STY	Rdptrh		; save for now
01:C9E5 A511            	  2666: 	LDA	Itempl		; get temporary integer low byte (temp BASIC execute ptr)
01:C9E7 A412            	  2667: 	LDY	Itemph		; get temporary integer high byte (temp BASIC execute ptr)
01:C9E9 85C3            	  2668: 	STA	Bpntrl		; set BASIC execute pointer low byte
01:C9EB 84C4            	  2669: 	STY	Bpntrh		; set BASIC execute pointer high byte
01:C9ED 20C200          	  2670: 	JSR	LAB_GBYT		; scan memory
01:C9F0 F02C            	  2671: 	BEQ	LAB_1A03		; if null go do extra ignored message
                        	  2672: 
01:C9F2 20FECB          	  2673: 	JSR	LAB_1C01		; else scan for "," , else do syntax error then warm start
01:C9F5 4C73C9          	  2674: 	JMP	LAB_195B		; go INPUT next variable from list
                        	  2675: 
                        	  2676: 					; find next DATA statement or do "Out of DATA" error
                        	  2677: LAB_19DD
01:C9F8 209DC6          	  2678: 	JSR	LAB_SNBS		; scan for next BASIC statement ([:] or [EOL])
01:C9FB C8              	  2679: 	INY				; increment index
01:C9FC AA              	  2680: 	TAX				; copy character ([:] or [EOL])
01:C9FD D012            	  2681: 	BNE	LAB_19F6		; branch if [:]
                        	  2682: 
01:C9FF A206            	  2683: 	LDX	#$06			; set for "Out of DATA" error
01:CA01 C8              	  2684: 	INY				; increment index, now points to next line pointer high byte
01:CA02 B1C3            	  2685: 	LDA	(Bpntrl),Y		; get next line pointer high byte
01:CA04 F073            	  2686: 	BEQ	LAB_1A54		; branch if end (eventually does error X)
                        	  2687: 
01:CA06 C8              	  2688: 	INY				; increment index
01:CA07 B1C3            	  2689: 	LDA	(Bpntrl),Y		; get next line # low byte
01:CA09 858D            	  2690: 	STA	Dlinel		; save current DATA line low byte
01:CA0B C8              	  2691: 	INY				; increment index
01:CA0C B1C3            	  2692: 	LDA	(Bpntrl),Y		; get next line # high byte
01:CA0E C8              	  2693: 	INY				; increment index
01:CA0F 858E            	  2694: 	STA	Dlineh		; save current DATA line high byte
                        	  2695: LAB_19F6
01:CA11 B1C3            	  2696: 	LDA	(Bpntrl),Y		; get byte
01:CA13 C8              	  2697: 	INY				; increment index
01:CA14 AA              	  2698: 	TAX				; copy to X
01:CA15 208FC6          	  2699: 	JSR	LAB_170F		; set BASIC execute pointer
01:CA18 E083            	  2700: 	CPX	#TK_DATA		; compare with "DATA" token
01:CA1A F081            	  2701: 	BEQ	LAB_1985		; was "DATA" so go do next READ
                        	  2702: 
01:CA1C D0DA            	  2703: 	BNE	LAB_19DD		; go find next statement if not "DATA"
                        	  2704: 
                        	  2705: ; end of INPUT/READ routine
                        	  2706: 
                        	  2707: LAB_1A03
01:CA1E A591            	  2708: 	LDA	Rdptrl		; get temp READ pointer low byte
01:CA20 A492            	  2709: 	LDY	Rdptrh		; get temp READ pointer high byte
01:CA22 A662            	  2710: 	LDX	Imode			; get input mode flag, $00=INPUT, $80=READ
01:CA24 1003            	  2711: 	BPL	LAB_1A0E		; branch if INPUT
                        	  2712: 
01:CA26 4C4EC5          	  2713: 	JMP	LAB_1624		; save AY as DATA pointer and return
                        	  2714: 
                        	  2715: 					; we were getting INPUT
                        	  2716: LAB_1A0E
01:CA29 A000            	  2717: 	LDY	#$00			; clear index
01:CA2B B191            	  2718: 	LDA	(Rdptrl),Y		; get next byte
01:CA2D D001            	  2719: 	BNE	LAB_1A1B		; error if not end of INPUT
                        	  2720: 
01:CA2F 60              	  2721: 	RTS
                        	  2722: 
                        	  2723: 					; user typed too much
                        	  2724: LAB_1A1B
01:CA30 A901            	  2725: 	LDA	#<LAB_IMSG		; point to extra ignored message (low addr)
01:CA32 A0E8            	  2726: 	LDY	#>LAB_IMSG		; point to extra ignored message (high addr)
01:CA34 4CD3C8          	  2727: 	JMP	LAB_18C3		; print null terminated string from memory and return
                        	  2728: 
                        	  2729: ; search the stack for FOR activity
                        	  2730: ; exit with z=1 if FOR else exit with z=0
                        	  2731: 
                        	  2732: LAB_11A1
01:CA37 BA              	  2733: 	TSX				; copy stack pointer
01:CA38 E8              	  2734: 	INX				; +1 pass return address
01:CA39 E8              	  2735: 	INX				; +2 pass return address
01:CA3A E8              	  2736: 	INX				; +3 pass calling routine return address
01:CA3B E8              	  2737: 	INX				; +4 pass calling routine return address
                        	  2738: LAB_11A6
01:CA3C BD0101          	  2739: 	LDA	LAB_STAK+1,X	; get token byte from stack
01:CA3F C981            	  2740: 	CMP	#TK_FOR		; is it FOR token
01:CA41 D021            	  2741: 	BNE	LAB_11CE		; exit if not FOR token
                        	  2742: 
                        	  2743: 					; was FOR token
01:CA43 A598            	  2744: 	LDA	Frnxth		; get var pointer for FOR/NEXT high byte
01:CA45 D00A            	  2745: 	BNE	LAB_11BB		; branch if not null
                        	  2746: 
01:CA47 BD0201          	  2747: 	LDA	LAB_STAK+2,X	; get FOR variable pointer low byte
01:CA4A 8597            	  2748: 	STA	Frnxtl		; save var pointer for FOR/NEXT low byte
01:CA4C BD0301          	  2749: 	LDA	LAB_STAK+3,X	; get FOR variable pointer high byte
01:CA4F 8598            	  2750: 	STA	Frnxth		; save var pointer for FOR/NEXT high byte
                        	  2751: LAB_11BB
01:CA51 DD0301          	  2752: 	CMP	LAB_STAK+3,X	; compare var pointer with stacked var pointer (high byte)
01:CA54 D007            	  2753: 	BNE	LAB_11C7		; branch if no match
                        	  2754: 
01:CA56 A597            	  2755: 	LDA	Frnxtl		; get var pointer for FOR/NEXT low byte
01:CA58 DD0201          	  2756: 	CMP	LAB_STAK+2,X	; compare var pointer with stacked var pointer (low byte)
01:CA5B F007            	  2757: 	BEQ	LAB_11CE		; exit if match found
                        	  2758: 
                        	  2759: LAB_11C7
01:CA5D 8A              	  2760: 	TXA				; copy index
01:CA5E 18              	  2761: 	CLC				; clear carry for add
01:CA5F 6910            	  2762: 	ADC	#$10			; add FOR stack use size
01:CA61 AA              	  2763: 	TAX				; copy back to index
01:CA62 D0D8            	  2764: 	BNE	LAB_11A6		; loop if not at start of stack
                        	  2765: 
                        	  2766: LAB_11CE
01:CA64 60              	  2767: 	RTS
                        	  2768: 
                        	  2769: ; perform NEXT
                        	  2770: 
                        	  2771: LAB_NEXT
01:CA65 D004            	  2772: 	BNE	LAB_1A46		; branch if NEXT var
                        	  2773: 
01:CA67 A000            	  2774: 	LDY	#$00			; else clear Y
01:CA69 F003            	  2775: 	BEQ	LAB_1A49		; branch always (no variable to search for)
                        	  2776: 
                        	  2777: ; NEXT var
                        	  2778: 
                        	  2779: LAB_1A46
01:CA6B 20AACD          	  2780: 	JSR	LAB_GVAR		; get variable address
                        	  2781: LAB_1A49
01:CA6E 8597            	  2782: 	STA	Frnxtl		; store variable pointer low byte
01:CA70 8498            	  2783: 	STY	Frnxth		; store variable pointer high byte
                        	  2784: 					; (both cleared if no variable defined)
01:CA72 2037CA          	  2785: 	JSR	LAB_11A1		; search the stack for FOR activity
01:CA75 F004            	  2786: 	BEQ	LAB_1A56		; branch if found
                        	  2787: 
01:CA77 A200            	  2788: 	LDX	#$00			; else set error $00 ("NEXT without FOR" error)
                        	  2789: LAB_1A54
01:CA79 F063            	  2790: 	BEQ	LAB_1ABE		; do error #X, then warm start
                        	  2791: 
                        	  2792: LAB_1A56
01:CA7B 9A              	  2793: 	TXS				; set stack pointer, X set by search, dumps return addresses
                        	  2794: 
01:CA7C 8A              	  2795: 	TXA				; copy stack pointer
01:CA7D 38              	  2796: 	SEC				; set carry for subtract
01:CA7E E9F7            	  2797: 	SBC	#$F7			; point to TO var
01:CA80 8573            	  2798: 	STA	ut2_pl		; save pointer to TO var for compare
01:CA82 69FB            	  2799: 	ADC	#$FB			; point to STEP var
                        	  2800: 
01:CA84 A001            	  2801: 	LDY	#>LAB_STAK		; point to stack page high byte
01:CA86 207DD8          	  2802: 	JSR	LAB_UFAC		; unpack memory (STEP value) into FAC1
01:CA89 BA              	  2803: 	TSX				; get stack pointer back
01:CA8A BD0801          	  2804: 	LDA	LAB_STAK+8,X	; get step sign
01:CA8D 85B0            	  2805: 	STA	FAC1_s		; save FAC1 sign (b7)
01:CA8F A597            	  2806: 	LDA	Frnxtl		; get FOR variable pointer low byte
01:CA91 A498            	  2807: 	LDY	Frnxth		; get FOR variable pointer high byte
01:CA93 20BED5          	  2808: 	JSR	LAB_246C		; add (FOR variable) to FAC1
01:CA96 20A3D8          	  2809: 	JSR	LAB_PFAC		; pack FAC1 into (FOR variable)
01:CA99 A001            	  2810: 	LDY	#>LAB_STAK		; point to stack page high byte
01:CA9B 2019D9          	  2811: 	JSR	LAB_27FA		; compare FAC1 with (Y,ut2_pl) (TO value)
01:CA9E BA              	  2812: 	TSX				; get stack pointer back
01:CA9F DD0801          	  2813: 	CMP	LAB_STAK+8,X	; compare step sign
01:CAA2 F017            	  2814: 	BEQ	LAB_1A9B		; branch if = (loop complete)
                        	  2815: 
                        	  2816: 					; loop back and do it all again
01:CAA4 BD0D01          	  2817: 	LDA	LAB_STAK+$0D,X	; get FOR line low byte
01:CAA7 8587            	  2818: 	STA	Clinel		; save current line low byte
01:CAA9 BD0E01          	  2819: 	LDA	LAB_STAK+$0E,X	; get FOR line high byte
01:CAAC 8588            	  2820: 	STA	Clineh		; save current line high byte
01:CAAE BD1001          	  2821: 	LDA	LAB_STAK+$10,X	; get BASIC execute pointer low byte
01:CAB1 85C3            	  2822: 	STA	Bpntrl		; save BASIC execute pointer low byte
01:CAB3 BD0F01          	  2823: 	LDA	LAB_STAK+$0F,X	; get BASIC execute pointer high byte
01:CAB6 85C4            	  2824: 	STA	Bpntrh		; save BASIC execute pointer high byte
                        	  2825: LAB_1A98
01:CAB8 4CBCC4          	  2826: 	JMP	LAB_15C2		; go do interpreter inner loop
                        	  2827: 
                        	  2828: 					; loop complete so carry on
                        	  2829: LAB_1A9B
01:CABB 8A              	  2830: 	TXA				; stack copy to A
01:CABC 690F            	  2831: 	ADC	#$0F			; add $10 ($0F+carry) to dump FOR structure
01:CABE AA              	  2832: 	TAX				; copy back to index
01:CABF 9A              	  2833: 	TXS				; copy to stack pointer
01:CAC0 20C200          	  2834: 	JSR	LAB_GBYT		; scan memory
01:CAC3 C92C            	  2835: 	CMP	#','			; compare with ","
01:CAC5 D0F1            	  2836: 	BNE	LAB_1A98		; branch if not "," (go do interpreter inner loop)
                        	  2837: 
                        	  2838: 					; was "," so another NEXT variable to do
01:CAC7 20BC00          	  2839: 	JSR	LAB_IGBY		; else increment and scan memory
01:CACA 206BCA          	  2840: 	JSR	LAB_1A46		; do NEXT (var)
                        	  2841: 
                        	  2842: ; evaluate expression and check is numeric, else do type mismatch
                        	  2843: 
                        	  2844: LAB_EVNM
01:CACD 20E1CA          	  2845: 	JSR	LAB_EVEX		; evaluate expression
                        	  2846: 
                        	  2847: ; check if source is numeric, else do type mismatch
                        	  2848: 
                        	  2849: LAB_CTNM
01:CAD0 18              	  2850: 	CLC				; destination is numeric
01:CAD1 24              	  2851: 	.byte	$24			; makes next line BIT $38
                        	  2852: 
                        	  2853: ; check if source is string, else do type mismatch
                        	  2854: 
                        	  2855: LAB_CTST
01:CAD2 38              	  2856: 	SEC				; required type is string
                        	  2857: 
                        	  2858: ; type match check, set C for string, clear C for numeric
                        	  2859: 
                        	  2860: LAB_CKTM
01:CAD3 245F            	  2861: 	BIT	Dtypef		; test data type flag, $FF=string, $00=numeric
01:CAD5 3003            	  2862: 	BMI	LAB_1ABA		; branch if data type is string
                        	  2863: 
                        	  2864: 					; else data type was numeric
01:CAD7 B003            	  2865: 	BCS	LAB_1ABC		; if required type is string do type mismatch error
                        	  2866: LAB_1AB9
01:CAD9 60              	  2867: 	RTS
                        	  2868: 
                        	  2869: 					; data type was string, now check required type
                        	  2870: LAB_1ABA
01:CADA B0FD            	  2871: 	BCS	LAB_1AB9		; exit if required type is string
                        	  2872: 
                        	  2873: 					; else do type mismatch error
                        	  2874: LAB_1ABC
01:CADC A218            	  2875: 	LDX	#$18			; error code $18 ("Type mismatch" error)
                        	  2876: LAB_1ABE
01:CADE 4C3CC1          	  2877: 	JMP	LAB_XERR		; do error #X, then warm start
                        	  2878: 
                        	  2879: ; evaluate expression
                        	  2880: 
                        	  2881: LAB_EVEX
01:CAE1 A6C3            	  2882: 	LDX	Bpntrl		; get BASIC execute pointer low byte
01:CAE3 D002            	  2883: 	BNE	LAB_1AC7		; skip next if not zero
                        	  2884: 
01:CAE5 C6C4            	  2885: 	DEC	Bpntrh		; else decrement BASIC execute pointer high byte
                        	  2886: LAB_1AC7
01:CAE7 C6C3            	  2887: 	DEC	Bpntrl		; decrement BASIC execute pointer low byte
                        	  2888: 
                        	  2889: LAB_EVEZ
01:CAE9 A900            	  2890: 	LDA	#$00			; set null precedence (flag done)
                        	  2891: LAB_1ACC
01:CAEB 48              	  2892: 	PHA				; push precedence byte
01:CAEC A902            	  2893: 	LDA	#$02			; 2 bytes
01:CAEE 2003C1          	  2894: 	JSR	LAB_1212		; check room on stack for A bytes
01:CAF1 20CDCB          	  2895: 	JSR	LAB_GVAL		; get value from line
01:CAF4 A900            	  2896: 	LDA	#$00			; clear A
01:CAF6 859B            	  2897: 	STA	comp_f		; clear compare function flag
                        	  2898: LAB_1ADB
01:CAF8 20C200          	  2899: 	JSR	LAB_GBYT		; scan memory
                        	  2900: LAB_1ADE
01:CAFB 38              	  2901: 	SEC				; set carry for subtract
01:CAFC E9C0            	  2902: 	SBC	#TK_GT		; subtract token for > (lowest comparison function)
01:CAFE 9017            	  2903: 	BCC	LAB_1AFA		; branch if < TK_GT
                        	  2904: 
01:CB00 C903            	  2905: 	CMP	#$03			; compare with ">" to "<" tokens
01:CB02 B013            	  2906: 	BCS	LAB_1AFA		; branch if >= TK_SGN (highest evaluation function +1)
                        	  2907: 
                        	  2908: 					; was token for > = or < (A = 0, 1 or 2)
01:CB04 C901            	  2909: 	CMP	#$01			; compare with token for =
01:CB06 2A              	  2910: 	ROL				; *2, b0 = carry (=1 if token was = or <)
                        	  2911: 					; (A = 0, 3 or 5)
01:CB07 4901            	  2912: 	EOR	#$01			; toggle b0
                        	  2913: 					; (A = 1, 2 or 4. 1 if >, 2 if =, 4 if <)
01:CB09 459B            	  2914: 	EOR	comp_f		; EOR with compare function flag bits
01:CB0B C59B            	  2915: 	CMP	comp_f		; compare with compare function flag
01:CB0D 9067            	  2916: 	BCC	LAB_1B53		; if <(comp_f) do syntax error then warm start
                        	  2917: 					; was more than one <, = or >)
                        	  2918: 
01:CB0F 859B            	  2919: 	STA	comp_f		; save new compare function flag
01:CB11 20BC00          	  2920: 	JSR	LAB_IGBY		; increment and scan memory
01:CB14 4CFBCA          	  2921: 	JMP	LAB_1ADE		; go do next character
                        	  2922: 
                        	  2923: 					; token is < ">" or > "<" tokens
                        	  2924: LAB_1AFA
01:CB17 A69B            	  2925: 	LDX	comp_f		; get compare function flag
01:CB19 D02C            	  2926: 	BNE	LAB_1B2A		; branch if compare function
                        	  2927: 
01:CB1B B079            	  2928: 	BCS	LAB_1B78		; go do functions
                        	  2929: 
                        	  2930: 					; else was <  TK_GT so is operator or lower
01:CB1D 690A            	  2931: 	ADC	#TK_GT-TK_PLUS	; add # of operators (+, -, *, /, ^, AND, OR or EOR)
01:CB1F 9075            	  2932: 	BCC	LAB_1B78		; branch if < + operator
                        	  2933: 
                        	  2934: 					; carry was set so token was +, -, *, /, ^, AND, OR or EOR
01:CB21 D007            	  2935: 	BNE	LAB_1B0B		; branch if not + token
                        	  2936: 
01:CB23 245F            	  2937: 	BIT	Dtypef		; test data type flag, $FF=string, $00=numeric
01:CB25 1003            	  2938: 	BPL	LAB_1B0B		; branch if not string
                        	  2939: 
                        	  2940: 					; will only be $00 if type is string and token was +
01:CB27 4CD4D2          	  2941: 	JMP	LAB_224D		; add strings, string 1 is in descriptor des_pl, string 2
                        	  2942: 					; is in line, and return
                        	  2943: 
                        	  2944: LAB_1B0B
01:CB2A 8571            	  2945: 	STA	ut1_pl		; save it
01:CB2C 0A              	  2946: 	ASL				; *2
01:CB2D 6571            	  2947: 	ADC	ut1_pl		; *3
01:CB2F A8              	  2948: 	TAY				; copy to index
                        	  2949: LAB_1B13
01:CB30 68              	  2950: 	PLA				; pull previous precedence
01:CB31 D9E9E2          	  2951: 	CMP	LAB_OPPT,Y		; compare with precedence byte
01:CB34 B065            	  2952: 	BCS	LAB_1B7D		; branch if A >=
                        	  2953: 
01:CB36 20D0CA          	  2954: 	JSR	LAB_CTNM		; check if source is numeric, else do type mismatch
                        	  2955: LAB_1B1C
01:CB39 48              	  2956: 	PHA				; save precedence
                        	  2957: LAB_1B1D
01:CB3A 2062CB          	  2958: 	JSR	LAB_1B43		; get vector, execute function then continue evaluation
01:CB3D 68              	  2959: 	PLA				; restore precedence
01:CB3E A499            	  2960: 	LDY	prstk			; get precedence stacked flag
01:CB40 1019            	  2961: 	BPL	LAB_1B3C		; branch if stacked values
                        	  2962: 
01:CB42 AA              	  2963: 	TAX				; copy precedence (set flags)
01:CB43 F076            	  2964: 	BEQ	LAB_1B9D		; exit if done
                        	  2965: 
01:CB45 D05D            	  2966: 	BNE	LAB_1B86		; else pop FAC2 and return, branch always
                        	  2967: 
                        	  2968: LAB_1B2A
01:CB47 265F            	  2969: 	ROL	Dtypef		; shift data type flag into Cb
01:CB49 8A              	  2970: 	TXA				; copy compare function flag
01:CB4A 855F            	  2971: 	STA	Dtypef		; clear data type flag, X is 0xxx xxxx
01:CB4C 2A              	  2972: 	ROL				; shift data type into compare function byte b0
01:CB4D A6C3            	  2973: 	LDX	Bpntrl		; get BASIC execute pointer low byte
01:CB4F D002            	  2974: 	BNE	LAB_1B34		; branch if no underflow
                        	  2975: 
01:CB51 C6C4            	  2976: 	DEC	Bpntrh		; else decrement BASIC execute pointer high byte
                        	  2977: LAB_1B34
01:CB53 C6C3            	  2978: 	DEC	Bpntrl		; decrement BASIC execute pointer low byte
                        	  2979: TK_LT_PLUS	= TK_LT-TK_PLUS
01:CB55 A024            	  2980: 	LDY	#TK_LT_PLUS*3	; set offset to last operator entry
01:CB57 859B            	  2981: 	STA	comp_f		; save new compare function flag
01:CB59 D0D5            	  2982: 	BNE	LAB_1B13		; branch always
                        	  2983: 
                        	  2984: LAB_1B3C
01:CB5B D9E9E2          	  2985: 	CMP	LAB_OPPT,Y		;.compare with stacked function precedence
01:CB5E B044            	  2986: 	BCS	LAB_1B86		; branch if A >=, pop FAC2 and return
                        	  2987: 
01:CB60 90D7            	  2988: 	BCC	LAB_1B1C		; branch always
                        	  2989: 
                        	  2990: ;.get vector, execute function then continue evaluation
                        	  2991: 
                        	  2992: LAB_1B43
01:CB62 B9EBE2          	  2993: 	LDA	LAB_OPPT+2,Y	; get function vector high byte
01:CB65 48              	  2994: 	PHA				; onto stack
01:CB66 B9EAE2          	  2995: 	LDA	LAB_OPPT+1,Y	; get function vector low byte
01:CB69 48              	  2996: 	PHA				; onto stack
                        	  2997: 					; now push sign, round FAC1 and put on stack
01:CB6A 2079CB          	  2998: 	JSR	LAB_1B5B		; function will return here, then the next RTS will call
                        	  2999: 					; the function
01:CB6D A59B            	  3000: 	LDA	comp_f		; get compare function flag
01:CB6F 48              	  3001: 	PHA				; push compare evaluation byte
01:CB70 B9E9E2          	  3002: 	LDA	LAB_OPPT,Y		; get precedence byte
01:CB73 4CEBCA          	  3003: 	JMP	LAB_1ACC		; continue evaluating expression
                        	  3004: 
                        	  3005: LAB_1B53
01:CB76 4C02CC          	  3006: 	JMP	LAB_SNER		; do syntax error then warm start
                        	  3007: 
                        	  3008: ; push sign, round FAC1 and put on stack
                        	  3009: 
                        	  3010: LAB_1B5B
01:CB79 68              	  3011: 	PLA				; get return addr low byte
01:CB7A 8571            	  3012: 	STA	ut1_pl		; save it
01:CB7C E671            	  3013: 	INC	ut1_pl		; increment it (was ret-1 pushed? yes!)
                        	  3014: 					; note! no check is made on the high byte! if the calling
                        	  3015: 					; routine assembles to a page edge then this all goes
                        	  3016: 					; horribly wrong !!!
01:CB7E 68              	  3017: 	PLA				; get return addr high byte
01:CB7F 8572            	  3018: 	STA	ut1_ph		; save it
01:CB81 A5B0            	  3019: 	LDA	FAC1_s		; get FAC1 sign (b7)
01:CB83 48              	  3020: 	PHA				; push sign
                        	  3021: 
                        	  3022: ; round FAC1 and put on stack
                        	  3023: 
                        	  3024: LAB_1B66
01:CB84 20D9D8          	  3025: 	JSR	LAB_27BA		; round FAC1
01:CB87 A5AF            	  3026: 	LDA	FAC1_3		; get FAC1 mantissa3
01:CB89 48              	  3027: 	PHA				; push on stack
01:CB8A A5AE            	  3028: 	LDA	FAC1_2		; get FAC1 mantissa2
01:CB8C 48              	  3029: 	PHA				; push on stack
01:CB8D A5AD            	  3030: 	LDA	FAC1_1		; get FAC1 mantissa1
01:CB8F 48              	  3031: 	PHA				; push on stack
01:CB90 A5AC            	  3032: 	LDA	FAC1_e		; get FAC1 exponent
01:CB92 48              	  3033: 	PHA				; push on stack
01:CB93 6C7100          	  3034: 	JMP	(ut1_pl)		; return, sort of
                        	  3035: 
                        	  3036: ; do functions
                        	  3037: 
                        	  3038: LAB_1B78
01:CB96 A0FF            	  3039: 	LDY	#$FF			; flag function
01:CB98 68              	  3040: 	PLA				; pull precedence byte
                        	  3041: LAB_1B7B
01:CB99 F020            	  3042: 	BEQ	LAB_1B9D		; exit if done
                        	  3043: 
                        	  3044: LAB_1B7D
01:CB9B C964            	  3045: 	CMP	#$64			; compare previous precedence with $64
01:CB9D F003            	  3046: 	BEQ	LAB_1B84		; branch if was $64 (< function)
                        	  3047: 
01:CB9F 20D0CA          	  3048: 	JSR	LAB_CTNM		; check if source is numeric, else do type mismatch
                        	  3049: LAB_1B84
01:CBA2 8499            	  3050: 	STY	prstk			; save precedence stacked flag
                        	  3051: 
                        	  3052: 					; pop FAC2 and return
                        	  3053: LAB_1B86
01:CBA4 68              	  3054: 	PLA				; pop byte
01:CBA5 4A              	  3055: 	LSR				; shift out comparison evaluation lowest bit
01:CBA6 8563            	  3056: 	STA	Cflag			; save comparison evaluation flag
01:CBA8 68              	  3057: 	PLA				; pop exponent
01:CBA9 85B3            	  3058: 	STA	FAC2_e		; save FAC2 exponent
01:CBAB 68              	  3059: 	PLA				; pop mantissa1
01:CBAC 85B4            	  3060: 	STA	FAC2_1		; save FAC2 mantissa1
01:CBAE 68              	  3061: 	PLA				; pop mantissa2
01:CBAF 85B5            	  3062: 	STA	FAC2_2		; save FAC2 mantissa2
01:CBB1 68              	  3063: 	PLA				; pop mantissa3
01:CBB2 85B6            	  3064: 	STA	FAC2_3		; save FAC2 mantissa3
01:CBB4 68              	  3065: 	PLA				; pop sign
01:CBB5 85B7            	  3066: 	STA	FAC2_s		; save FAC2 sign (b7)
01:CBB7 45B0            	  3067: 	EOR	FAC1_s		; EOR FAC1 sign (b7)
01:CBB9 85B8            	  3068: 	STA	FAC_sc		; save sign compare (FAC1 EOR FAC2)
                        	  3069: LAB_1B9D
01:CBBB A5AC            	  3070: 	LDA	FAC1_e		; get FAC1 exponent
01:CBBD 60              	  3071: 	RTS
                        	  3072: 
                        	  3073: ; print "..." string to string util area
                        	  3074: 
                        	  3075: LAB_1BC1
01:CBBE A5C3            	  3076: 	LDA	Bpntrl		; get BASIC execute pointer low byte
01:CBC0 A4C4            	  3077: 	LDY	Bpntrh		; get BASIC execute pointer high byte
01:CBC2 6900            	  3078: 	ADC	#$00			; add carry to low byte
01:CBC4 9001            	  3079: 	BCC	LAB_1BCA		; branch if no overflow
                        	  3080: 
01:CBC6 C8              	  3081: 	INY				; increment high byte
                        	  3082: LAB_1BCA
01:CBC7 2044D1          	  3083: 	JSR	LAB_20AE		; print " terminated string to Sutill/Sutilh
01:CBCA 4CCFD4          	  3084: 	JMP	LAB_23F3		; restore BASIC execute pointer from temp and return
                        	  3085: 
                        	  3086: ; get value from line
                        	  3087: 
                        	  3088: LAB_GVAL
01:CBCD 20BC00          	  3089: 	JSR	LAB_IGBY		; increment and scan memory
01:CBD0 B003            	  3090: 	BCS	LAB_1BAC		; branch if not numeric character
                        	  3091: 
                        	  3092: 					; else numeric string found (e.g. 123)
                        	  3093: LAB_1BA9
01:CBD2 4CA6D9          	  3094: 	JMP	LAB_2887		; get FAC1 from string and return
                        	  3095: 
                        	  3096: ; get value from line .. continued
                        	  3097: 
                        	  3098: 					; wasn't a number so ..
                        	  3099: LAB_1BAC
01:CBD5 AA              	  3100: 	TAX				; set the flags
01:CBD6 302F            	  3101: 	BMI	LAB_1BD0		; if -ve go test token values
                        	  3102: 
                        	  3103: 					; else it is either a string, number, variable or (<expr>)
01:CBD8 C924            	  3104: 	CMP	#'$'			; compare with "$"
01:CBDA F0F6            	  3105: 	BEQ	LAB_1BA9		; branch if "$", hex number
                        	  3106: 
01:CBDC C925            	  3107: 	CMP	#'%'			; else compare with "%"
01:CBDE F0F2            	  3108: 	BEQ	LAB_1BA9		; branch if "%", binary number
                        	  3109: 
01:CBE0 C92E            	  3110: 	CMP	#'.'			; compare with "."
01:CBE2 F0EE            	  3111: 	BEQ	LAB_1BA9		; if so get FAC1 from string and return (e.g. was .123)
                        	  3112: 
                        	  3113: 					; it wasn't any sort of number so ..
01:CBE4 C922            	  3114: 	CMP	#$22			; compare with "
01:CBE6 F0D6            	  3115: 	BEQ	LAB_1BC1		; branch if open quote
                        	  3116: 
                        	  3117: 					; wasn't any sort of number so ..
                        	  3118: 
                        	  3119: ; evaluate expression within parentheses
                        	  3120: 
01:CBE8 C928            	  3121: 	CMP	#'('			; compare with "("
01:CBEA D04F            	  3122: 	BNE	LAB_1C18		; if not "(" get (var), return value in FAC1 and $ flag
                        	  3123: 
                        	  3124: LAB_1BF7
01:CBEC 20E9CA          	  3125: 	JSR	LAB_EVEZ		; evaluate expression, no decrement
                        	  3126: 
                        	  3127: ; all the 'scan for' routines return the character after the sought character
                        	  3128: 
                        	  3129: ; scan for ")" , else do syntax error then warm start
                        	  3130: 
                        	  3131: LAB_1BFB
01:CBEF A929            	  3132: 	LDA	#$29			; load A with ")"
                        	  3133: 
                        	  3134: ; scan for CHR$(A) , else do syntax error then warm start
                        	  3135: 
                        	  3136: LAB_SCCA
01:CBF1 A000            	  3137: 	LDY	#$00			; clear index
01:CBF3 D1C3            	  3138: 	CMP	(Bpntrl),Y		; check next byte is = A
01:CBF5 D00B            	  3139: 	BNE	LAB_SNER		; if not do syntax error then warm start
                        	  3140: 
01:CBF7 4CBC00          	  3141: 	JMP	LAB_IGBY		; increment and scan memory then return
                        	  3142: 
                        	  3143: ; scan for "(" , else do syntax error then warm start
                        	  3144: 
                        	  3145: LAB_1BFE
01:CBFA A928            	  3146: 	LDA	#$28			; load A with "("
01:CBFC D0F3            	  3147: 	BNE	LAB_SCCA		; scan for CHR$(A), else do syntax error then warm start
                        	  3148: 					; (branch always)
                        	  3149: 
                        	  3150: ; scan for "," , else do syntax error then warm start
                        	  3151: 
                        	  3152: LAB_1C01
01:CBFE A92C            	  3153: 	LDA	#$2C			; load A with ","
01:CC00 D0EF            	  3154: 	BNE	LAB_SCCA		; scan for CHR$(A), else do syntax error then warm start
                        	  3155: 					; (branch always)
                        	  3156: 
                        	  3157: ; syntax error then warm start
                        	  3158: 
                        	  3159: LAB_SNER
01:CC02 A202            	  3160: 	LDX	#$02			; error code $02 ("Syntax" error)
01:CC04 4C3CC1          	  3161: 	JMP	LAB_XERR		; do error #X, then warm start
                        	  3162: 
                        	  3163: ; get value from line .. continued
                        	  3164: ; do tokens
                        	  3165: 
                        	  3166: LAB_1BD0
01:CC07 C9B7            	  3167: 	CMP	#TK_MINUS		; compare with token for -
01:CC09 F029            	  3168: 	BEQ	LAB_1C11		; branch if - token (do set-up for functions)
                        	  3169: 
                        	  3170: 					; wasn't -n so ..
01:CC0B C9B6            	  3171: 	CMP	#TK_PLUS		; compare with token for +
01:CC0D F0BE            	  3172: 	BEQ	LAB_GVAL		; branch if + token (+n = n so ignore leading +)
                        	  3173: 
01:CC0F C9B1            	  3174: 	CMP	#TK_NOT		; compare with token for NOT
01:CC11 D013            	  3175: 	BNE	LAB_1BE7		; branch if not token for NOT
                        	  3176: 
                        	  3177: 					; was NOT token
                        	  3178: TK_EQUAL_PLUS	= TK_EQUAL-TK_PLUS
01:CC13 A021            	  3179: 	LDY	#TK_EQUAL_PLUS*3	; offset to NOT function
01:CC15 D01F            	  3180: 	BNE	LAB_1C13		; do set-up for function then execute (branch always)
                        	  3181: 
                        	  3182: ; do = compare
                        	  3183: 
                        	  3184: LAB_EQUAL
01:CC17 20A6CE          	  3185: 	JSR	LAB_EVIR		; evaluate integer expression (no sign check)
01:CC1A A5AF            	  3186: 	LDA	FAC1_3		; get FAC1 mantissa3
01:CC1C 49FF            	  3187: 	EOR	#$FF			; invert it
01:CC1E A8              	  3188: 	TAY				; copy it
01:CC1F A5AE            	  3189: 	LDA	FAC1_2		; get FAC1 mantissa2
01:CC21 49FF            	  3190: 	EOR	#$FF			; invert it
01:CC23 4C59D0          	  3191: 	JMP	LAB_AYFC		; save and convert integer AY to FAC1 and return
                        	  3192: 
                        	  3193: ; get value from line .. continued
                        	  3194: 
                        	  3195: 					; wasn't +, -, or NOT so ..
                        	  3196: LAB_1BE7
01:CC26 C9AE            	  3197: 	CMP	#TK_FN		; compare with token for FN
01:CC28 D003            	  3198: 	BNE	LAB_1BEE		; branch if not token for FN
                        	  3199: 
01:CC2A 4CB4D0          	  3200: 	JMP	LAB_201E		; go evaluate FNx
                        	  3201: 
                        	  3202: ; get value from line .. continued
                        	  3203: 
                        	  3204: 					; wasn't +, -, NOT or FN so ..
                        	  3205: LAB_1BEE
01:CC2D E9C3            	  3206: 	SBC	#TK_SGN		; subtract with token for SGN
01:CC2F B019            	  3207: 	BCS	LAB_1C27		; if a function token go do it
                        	  3208: 
01:CC31 4C02CC          	  3209: 	JMP	LAB_SNER		; else do syntax error
                        	  3210: 
                        	  3211: ; set-up for functions
                        	  3212: 
                        	  3213: LAB_1C11
                        	  3214: TK_GT_PLUS	= TK_GT-TK_PLUS
01:CC34 A01E            	  3215: 	LDY	#TK_GT_PLUS*3	; set offset from base to > operator
                        	  3216: LAB_1C13
01:CC36 68              	  3217: 	PLA				; dump return address low byte
01:CC37 68              	  3218: 	PLA				; dump return address high byte
01:CC38 4C3ACB          	  3219: 	JMP	LAB_1B1D		; execute function then continue evaluation
                        	  3220: 
                        	  3221: ; variable name set-up
                        	  3222: ; get (var), return value in FAC_1 and $ flag
                        	  3223: 
                        	  3224: LAB_1C18
01:CC3B 20AACD          	  3225: 	JSR	LAB_GVAR		; get (var) address
01:CC3E 85AE            	  3226: 	STA	FAC1_2		; save address low byte in FAC1 mantissa2
01:CC40 84AF            	  3227: 	STY	FAC1_3		; save address high byte in FAC1 mantissa3
01:CC42 A65F            	  3228: 	LDX	Dtypef		; get data type flag, $FF=string, $00=numeric
01:CC44 3003            	  3229: 	BMI	LAB_1C25		; if string then return (does RTS)
                        	  3230: 
                        	  3231: LAB_1C24
01:CC46 4C7DD8          	  3232: 	JMP	LAB_UFAC		; unpack memory (AY) into FAC1
                        	  3233: 
                        	  3234: LAB_1C25
01:CC49 60              	  3235: 	RTS
                        	  3236: 
                        	  3237: ; get value from line .. continued
                        	  3238: ; only functions left so ..
                        	  3239: 
                        	  3240: ; set up function references
                        	  3241: 
                        	  3242: ; new for V2.0+ this replaces a lot of IF .. THEN .. ELSEIF .. THEN .. that was needed
                        	  3243: ; to process function calls. now the function vector is computed and pushed on the stack
                        	  3244: ; and the preprocess offset is read. if the preprocess offset is non zero then the vector
                        	  3245: ; is calculated and the routine called, if not this routine just does RTS. whichever
                        	  3246: ; happens the RTS at the end of this routine, or the end of the preprocess routine, calls
                        	  3247: ; the function code
                        	  3248: 
                        	  3249: ; this also removes some less than elegant code that was used to bypass type checking
                        	  3250: ; for functions that returned strings
                        	  3251: 
                        	  3252: LAB_1C27
01:CC4A 0A              	  3253: 	ASL				; *2 (2 bytes per function address)
01:CC4B A8              	  3254: 	TAY				; copy to index
                        	  3255: 
01:CC4C B9A4E2          	  3256: 	LDA	LAB_FTBM,Y		; get function jump vector high byte
01:CC4F 48              	  3257: 	PHA				; push functions jump vector high byte
01:CC50 B9A3E2          	  3258: 	LDA	LAB_FTBL,Y		; get function jump vector low byte
01:CC53 48              	  3259: 	PHA				; push functions jump vector low byte
                        	  3260: 
01:CC54 B95EE2          	  3261: 	LDA	LAB_FTPM,Y		; get function pre process vector high byte
01:CC57 F005            	  3262: 	BEQ	LAB_1C56		; skip pre process if null vector
                        	  3263: 
01:CC59 48              	  3264: 	PHA				; push functions pre process vector high byte
01:CC5A B95DE2          	  3265: 	LDA	LAB_FTPL,Y		; get function pre process vector low byte
01:CC5D 48              	  3266: 	PHA				; push functions pre process vector low byte
                        	  3267: 
                        	  3268: LAB_1C56
01:CC5E 60              	  3269: 	RTS				; do function, or pre process, call
                        	  3270: 
                        	  3271: ; process string expression in parenthesis
                        	  3272: 
                        	  3273: LAB_PPFS
01:CC5F 20ECCB          	  3274: 	JSR	LAB_1BF7		; process expression in parenthesis
01:CC62 4CD2CA          	  3275: 	JMP	LAB_CTST		; check if source is string then do function,
                        	  3276: 					; else do type mismatch
                        	  3277: 
                        	  3278: ; process numeric expression in parenthesis
                        	  3279: 
                        	  3280: LAB_PPFN
01:CC65 20ECCB          	  3281: 	JSR	LAB_1BF7		; process expression in parenthesis
01:CC68 4CD0CA          	  3282: 	JMP	LAB_CTNM		; check if source is numeric then do function,
                        	  3283: 					; else do type mismatch
                        	  3284: 
                        	  3285: ; set numeric data type and increment BASIC execute pointer
                        	  3286: 
                        	  3287: LAB_PPBI
01:CC6B 465F            	  3288: 	LSR	Dtypef		; clear data type flag, $FF=string, $00=numeric
01:CC6D 4CBC00          	  3289: 	JMP	LAB_IGBY		; increment and scan memory then do function
                        	  3290: 
                        	  3291: ; process string for LEFT$, RIGHT$ or MID$
                        	  3292: 
                        	  3293: LAB_LRMS
01:CC70 20E9CA          	  3294: 	JSR	LAB_EVEZ		; evaluate (should be string) expression
01:CC73 20FECB          	  3295: 	JSR	LAB_1C01		; scan for ",", else do syntax error then warm start
01:CC76 20D2CA          	  3296: 	JSR	LAB_CTST		; check if source is string, else do type mismatch
                        	  3297: 
01:CC79 68              	  3298: 	PLA				; get function jump vector low byte
01:CC7A AA              	  3299: 	TAX				; save functions jump vector low byte
01:CC7B 68              	  3300: 	PLA				; get function jump vector high byte
01:CC7C A8              	  3301: 	TAY				; save functions jump vector high byte
01:CC7D A5AF            	  3302: 	LDA	des_ph		; get descriptor pointer high byte
01:CC7F 48              	  3303: 	PHA				; push string pointer high byte
01:CC80 A5AE            	  3304: 	LDA	des_pl		; get descriptor pointer low byte
01:CC82 48              	  3305: 	PHA				; push string pointer low byte
01:CC83 98              	  3306: 	TYA				; get function jump vector high byte back
01:CC84 48              	  3307: 	PHA				; save functions jump vector high byte
01:CC85 8A              	  3308: 	TXA				; get function jump vector low byte back
01:CC86 48              	  3309: 	PHA				; save functions jump vector low byte
01:CC87 208CD4          	  3310: 	JSR	LAB_GTBY		; get byte parameter
01:CC8A 8A              	  3311: 	TXA				; copy byte parameter to A
01:CC8B 60              	  3312: 	RTS				; go do function
                        	  3313: 
                        	  3314: ; process numeric expression(s) for BIN$ or HEX$
                        	  3315: 
                        	  3316: LAB_BHSS
01:CC8C 20E9CA          	  3317: 	JSR	LAB_EVEZ		; process expression
01:CC8F 20D0CA          	  3318: 	JSR	LAB_CTNM		; check if source is numeric, else do type mismatch
01:CC92 A5AC            	  3319: 	LDA	FAC1_e		; get FAC1 exponent
01:CC94 C998            	  3320: 	CMP	#$98			; compare with exponent = 2^24
01:CC96 B020            	  3321: 	BCS	LAB_BHER		; branch if n>=2^24 (is too big)
                        	  3322: 
01:CC98 2050D9          	  3323: 	JSR	LAB_2831		; convert FAC1 floating-to-fixed
01:CC9B A202            	  3324: 	LDX	#$02			; 3 bytes to do
                        	  3325: LAB_CFAC
01:CC9D B5AD            	  3326: 	LDA	FAC1_1,X		; get byte from FAC1
01:CC9F 9511            	  3327: 	STA	nums_1,X		; save byte to temp
01:CCA1 CA              	  3328: 	DEX				; decrement index
01:CCA2 10F9            	  3329: 	BPL	LAB_CFAC		; copy FAC1 mantissa to temp
                        	  3330: 
01:CCA4 20C200          	  3331: 	JSR	LAB_GBYT		; get next BASIC byte
01:CCA7 A200            	  3332: 	LDX	#$00			; set default to no leading "0"s
01:CCA9 C929            	  3333: 	CMP	#')'			; compare with close bracket
01:CCAB F00A            	  3334: 	BEQ	LAB_1C54		; if ")" go do rest of function
                        	  3335: 
01:CCAD 20DED4          	  3336: 	JSR	LAB_SCGB		; scan for "," and get byte
01:CCB0 20C200          	  3337: 	JSR	LAB_GBYT		; get last byte back
01:CCB3 C929            	  3338: 	CMP	#')'			; is next character )
01:CCB5 D001            	  3339: 	BNE	LAB_BHER		; if not ")" go do error
                        	  3340: 
                        	  3341: LAB_1C54
01:CCB7 60              	  3342: 	RTS				; else do function
                        	  3343: 
                        	  3344: LAB_BHER
01:CCB8 4C29CF          	  3345: 	JMP	LAB_FCER		; do function call error then warm start
                        	  3346: 
                        	  3347: ; perform EOR
                        	  3348: 
                        	  3349: ; added operator format is the same as AND or OR, precedence is the same as OR
                        	  3350: 
                        	  3351: ; this bit worked first time but it took a while to sort out the operator table
                        	  3352: ; pointers and offsets afterwards!
                        	  3353: 
                        	  3354: LAB_EOR
01:CCBB 20E2CC          	  3355: 	JSR	GetFirst		; get first integer expression (no sign check)
01:CCBE 455B            	  3356: 	EOR	XOAw_l		; EOR with expression 1 low byte
01:CCC0 A8              	  3357: 	TAY				; save in Y
01:CCC1 A5AE            	  3358: 	LDA	FAC1_2		; get FAC1 mantissa2
01:CCC3 455C            	  3359: 	EOR	XOAw_h		; EOR with expression 1 high byte
01:CCC5 4C59D0          	  3360: 	JMP	LAB_AYFC		; save and convert integer AY to FAC1 and return
                        	  3361: 
                        	  3362: ; perform OR
                        	  3363: 
                        	  3364: LAB_OR
01:CCC8 20E2CC          	  3365: 	JSR	GetFirst		; get first integer expression (no sign check)
01:CCCB 055B            	  3366: 	ORA	XOAw_l		; OR with expression 1 low byte
01:CCCD A8              	  3367: 	TAY				; save in Y
01:CCCE A5AE            	  3368: 	LDA	FAC1_2		; get FAC1 mantissa2
01:CCD0 055C            	  3369: 	ORA	XOAw_h		; OR with expression 1 high byte
01:CCD2 4C59D0          	  3370: 	JMP	LAB_AYFC		; save and convert integer AY to FAC1 and return
                        	  3371: 
                        	  3372: ; perform AND
                        	  3373: 
                        	  3374: LAB_AND
01:CCD5 20E2CC          	  3375: 	JSR	GetFirst		; get first integer expression (no sign check)
01:CCD8 255B            	  3376: 	AND	XOAw_l		; AND with expression 1 low byte
01:CCDA A8              	  3377: 	TAY				; save in Y
01:CCDB A5AE            	  3378: 	LDA	FAC1_2		; get FAC1 mantissa2
01:CCDD 255C            	  3379: 	AND	XOAw_h		; AND with expression 1 high byte
01:CCDF 4C59D0          	  3380: 	JMP	LAB_AYFC		; save and convert integer AY to FAC1 and return
                        	  3381: 
                        	  3382: ; get first value for OR, AND or EOR
                        	  3383: 
                        	  3384: GetFirst
01:CCE2 20A6CE          	  3385: 	JSR	LAB_EVIR		; evaluate integer expression (no sign check)
01:CCE5 A5AE            	  3386: 	LDA	FAC1_2		; get FAC1 mantissa2
01:CCE7 855C            	  3387: 	STA	XOAw_h		; save it
01:CCE9 A5AF            	  3388: 	LDA	FAC1_3		; get FAC1 mantissa3
01:CCEB 855B            	  3389: 	STA	XOAw_l		; save it
01:CCED 20C3D5          	  3390: 	JSR	LAB_279B		; copy FAC2 to FAC1 (get 2nd value in expression)
01:CCF0 20A6CE          	  3391: 	JSR	LAB_EVIR		; evaluate integer expression (no sign check)
01:CCF3 A5AF            	  3392: 	LDA	FAC1_3		; get FAC1 mantissa3
                        	  3393: LAB_1C95
01:CCF5 60              	  3394: 	RTS
                        	  3395: 
                        	  3396: ; perform comparisons
                        	  3397: 
                        	  3398: ; do < compare
                        	  3399: 
                        	  3400: LAB_LTHAN
01:CCF6 20D3CA          	  3401: 	JSR	LAB_CKTM		; type match check, set C for string
01:CCF9 B013            	  3402: 	BCS	LAB_1CAE		; branch if string
                        	  3403: 
                        	  3404: 					; do numeric < compare
01:CCFB A5B7            	  3405: 	LDA	FAC2_s		; get FAC2 sign (b7)
01:CCFD 097F            	  3406: 	ORA	#$7F			; set all non sign bits
01:CCFF 25B4            	  3407: 	AND	FAC2_1		; and FAC2 mantissa1 (AND in sign bit)
01:CD01 85B4            	  3408: 	STA	FAC2_1		; save FAC2 mantissa1
01:CD03 A9B3            	  3409: 	LDA	#<FAC2_e		; set pointer low byte to FAC2
01:CD05 A000            	  3410: 	LDY	#>FAC2_e		; set pointer high byte to FAC2
01:CD07 2017D9          	  3411: 	JSR	LAB_27F8		; compare FAC1 with FAC2 (AY)
01:CD0A AA              	  3412: 	TAX				; copy result
01:CD0B 4C3FCD          	  3413: 	JMP	LAB_1CE1		; go evaluate result
                        	  3414: 
                        	  3415: 					; do string < compare
                        	  3416: LAB_1CAE
01:CD0E 465F            	  3417: 	LSR	Dtypef		; clear data type flag, $FF=string, $00=numeric
01:CD10 C69B            	  3418: 	DEC	comp_f		; clear < bit in compare function flag
01:CD12 203ED3          	  3419: 	JSR	LAB_22B6		; pop string off descriptor stack, or from top of string
                        	  3420: 					; space returns with A = length, X=pointer low byte,
                        	  3421: 					; Y=pointer high byte
01:CD15 85AC            	  3422: 	STA	str_ln		; save length
01:CD17 86AD            	  3423: 	STX	str_pl		; save string pointer low byte
01:CD19 84AE            	  3424: 	STY	str_ph		; save string pointer high byte
01:CD1B A5B5            	  3425: 	LDA	FAC2_2		; get descriptor pointer low byte
01:CD1D A4B6            	  3426: 	LDY	FAC2_3		; get descriptor pointer high byte
01:CD1F 2042D3          	  3427: 	JSR	LAB_22BA		; pop (YA) descriptor off stack or from top of string space
                        	  3428: 					; returns with A = length, X=pointer low byte,
                        	  3429: 					; Y=pointer high byte
01:CD22 86B5            	  3430: 	STX	FAC2_2		; save string pointer low byte
01:CD24 84B6            	  3431: 	STY	FAC2_3		; save string pointer high byte
01:CD26 AA              	  3432: 	TAX				; copy length
01:CD27 38              	  3433: 	SEC				; set carry for subtract
01:CD28 E5AC            	  3434: 	SBC	str_ln		; subtract string 1 length
01:CD2A F008            	  3435: 	BEQ	LAB_1CD6		; branch if str 1 length = string 2 length
                        	  3436: 
01:CD2C A901            	  3437: 	LDA	#$01			; set str 1 length > string 2 length
01:CD2E 9004            	  3438: 	BCC	LAB_1CD6		; branch if so
                        	  3439: 
01:CD30 A6AC            	  3440: 	LDX	str_ln		; get string 1 length
01:CD32 A9FF            	  3441: 	LDA	#$FF			; set str 1 length < string 2 length
                        	  3442: LAB_1CD6
01:CD34 85B0            	  3443: 	STA	FAC1_s		; save length compare
01:CD36 A0FF            	  3444: 	LDY	#$FF			; set index
01:CD38 E8              	  3445: 	INX				; adjust for loop
                        	  3446: LAB_1CDB
01:CD39 C8              	  3447: 	INY				; increment index
01:CD3A CA              	  3448: 	DEX				; decrement count
01:CD3B D007            	  3449: 	BNE	LAB_1CE6		; branch if still bytes to do
                        	  3450: 
01:CD3D A6B0            	  3451: 	LDX	FAC1_s		; get length compare back
                        	  3452: LAB_1CE1
01:CD3F 300F            	  3453: 	BMI	LAB_1CF2		; branch if str 1 < str 2
                        	  3454: 
01:CD41 18              	  3455: 	CLC				; flag str 1 <= str 2
01:CD42 900C            	  3456: 	BCC	LAB_1CF2		; go evaluate result
                        	  3457: 
                        	  3458: LAB_1CE6
01:CD44 B1B5            	  3459: 	LDA	(FAC2_2),Y		; get string 2 byte
01:CD46 D1AD            	  3460: 	CMP	(FAC1_1),Y		; compare with string 1 byte
01:CD48 F0EF            	  3461: 	BEQ	LAB_1CDB		; loop if bytes =
                        	  3462: 
01:CD4A A2FF            	  3463: 	LDX	#$FF			; set str 1 < string 2
01:CD4C B002            	  3464: 	BCS	LAB_1CF2		; branch if so
                        	  3465: 
01:CD4E A201            	  3466: 	LDX	#$01			;  set str 1 > string 2
                        	  3467: LAB_1CF2
01:CD50 E8              	  3468: 	INX				; x = 0, 1 or 2
01:CD51 8A              	  3469: 	TXA				; copy to A
01:CD52 2A              	  3470: 	ROL				; *2 (1, 2 or 4)
01:CD53 2563            	  3471: 	AND	Cflag			; AND with comparison evaluation flag
01:CD55 F002            	  3472: 	BEQ	LAB_1CFB		; branch if 0 (compare is false)
                        	  3473: 
01:CD57 A9FF            	  3474: 	LDA	#$FF			; else set result true
                        	  3475: LAB_1CFB
01:CD59 4CFAD8          	  3476: 	JMP	LAB_27DB		; save A as integer byte and return
                        	  3477: 
                        	  3478: LAB_1CFE
01:CD5C 20FECB          	  3479: 	JSR	LAB_1C01		; scan for ",", else do syntax error then warm start
                        	  3480: 
                        	  3481: ; perform DIM
                        	  3482: 
                        	  3483: LAB_DIM
01:CD5F AA              	  3484: 	TAX				; copy "DIM" flag to X
01:CD60 20AFCD          	  3485: 	JSR	LAB_1D10		; search for variable
01:CD63 20C200          	  3486: 	JSR	LAB_GBYT		; scan memory
01:CD66 D0F4            	  3487: 	BNE	LAB_1CFE		; scan for "," and loop if not null
                        	  3488: 
01:CD68 60              	  3489: 	RTS
                        	  3490: 
                        	  3491: ; perform << (left shift)
                        	  3492: 
                        	  3493: LAB_LSHIFT
01:CD69 209FCD          	  3494: 	JSR	GetPair		; get integer expression and byte (no sign check)
01:CD6C A5AE            	  3495: 	LDA	FAC1_2		; get expression high byte
01:CD6E A678            	  3496: 	LDX	TempB			; get shift count
01:CD70 F022            	  3497: 	BEQ	NoShift		; branch if zero
                        	  3498: 
01:CD72 E010            	  3499: 	CPX	#$10			; compare bit count with 16d
01:CD74 B023            	  3500: 	BCS	TooBig		; branch if >=
                        	  3501: 
                        	  3502: Ls_loop
01:CD76 06AF            	  3503: 	ASL	FAC1_3		; shift low byte
01:CD78 2A              	  3504: 	ROL				; shift high byte
01:CD79 CA              	  3505: 	DEX				; decrement bit count
01:CD7A D0FA            	  3506: 	BNE	Ls_loop		; loop if shift not complete
                        	  3507: 
01:CD7C A4AF            	  3508: 	LDY	FAC1_3		; get expression low byte
01:CD7E 4C59D0          	  3509: 	JMP	LAB_AYFC		; save and convert integer AY to FAC1 and return
                        	  3510: 
                        	  3511: ; perform >> (right shift)
                        	  3512: 
                        	  3513: LAB_RSHIFT
01:CD81 209FCD          	  3514: 	JSR	GetPair		; get integer expression and byte (no sign check)
01:CD84 A5AE            	  3515: 	LDA	FAC1_2		; get expression high byte
01:CD86 A678            	  3516: 	LDX	TempB			; get shift count
01:CD88 F00A            	  3517: 	BEQ	NoShift		; branch if zero
                        	  3518: 
01:CD8A E010            	  3519: 	CPX	#$10			; compare bit count with 16d
01:CD8C B00B            	  3520: 	BCS	TooBig		; branch if >=
                        	  3521: 
                        	  3522: Rs_loop
01:CD8E 4A              	  3523: 	LSR				; shift high byte
01:CD8F 66AF            	  3524: 	ROR	FAC1_3		; shift low byte
01:CD91 CA              	  3525: 	DEX				; decrement bit count
01:CD92 D0FA            	  3526: 	BNE	Rs_loop		; loop if shift not complete
                        	  3527: 
                        	  3528: NoShift
01:CD94 A4AF            	  3529: 	LDY	FAC1_3		; get expression low byte
01:CD96 4C59D0          	  3530: 	JMP	LAB_AYFC		; save and convert integer AY to FAC1 and return
                        	  3531: 
                        	  3532: TooBig
01:CD99 A900            	  3533: 	LDA	#$00			; clear high byte
01:CD9B A8              	  3534: 	TAY				; copy to low byte
01:CD9C 4C59D0          	  3535: 	JMP	LAB_AYFC		; save and convert integer AY to FAC1 and return
                        	  3536: 
                        	  3537: GetPair
01:CD9F 208FD4          	  3538: 	JSR	LAB_EVBY		; evaluate byte expression, result in X
01:CDA2 8678            	  3539: 	STX	TempB			; save it
01:CDA4 20C3D5          	  3540: 	JSR	LAB_279B		; copy FAC2 to FAC1 (get 2nd value in expression)
01:CDA7 4CA6CE          	  3541: 	JMP	LAB_EVIR		; evaluate integer expression (no sign check)
                        	  3542: 
                        	  3543: ; search for variable
                        	  3544: 
                        	  3545: ; return pointer to variable in Cvaral/Cvarah
                        	  3546: 
                        	  3547: LAB_GVAR
01:CDAA A200            	  3548: 	LDX	#$00			; set DIM flag = $00
01:CDAC 20C200          	  3549: 	JSR	LAB_GBYT		; scan memory (1st character)
                        	  3550: LAB_1D10
01:CDAF 865E            	  3551: 	STX	Defdim		; save DIM flag
                        	  3552: LAB_1D12
01:CDB1 8593            	  3553: 	STA	Varnm1		; save 1st character
01:CDB3 297F            	  3554: 	AND	#$7F			; clear FN flag bit
01:CDB5 201ECE          	  3555: 	JSR	LAB_CASC		; check byte, return C=0 if<"A" or >"Z"
01:CDB8 B003            	  3556: 	BCS	LAB_1D1F		; branch if ok
                        	  3557: 
01:CDBA 4C02CC          	  3558: 	JMP	LAB_SNER		; else syntax error then warm start
                        	  3559: 
                        	  3560: 					; was variable name so ..
                        	  3561: LAB_1D1F
01:CDBD A200            	  3562: 	LDX	#$00			; clear 2nd character temp
01:CDBF 865F            	  3563: 	STX	Dtypef		; clear data type flag, $FF=string, $00=numeric
01:CDC1 20BC00          	  3564: 	JSR	LAB_IGBY		; increment and scan memory (2nd character)
01:CDC4 9005            	  3565: 	BCC	LAB_1D2D		; branch if character = "0"-"9" (ok)
                        	  3566: 
                        	  3567: 					; 2nd character wasn't "0" to "9" so ..
01:CDC6 201ECE          	  3568: 	JSR	LAB_CASC		; check byte, return C=0 if<"A" or >"Z"
01:CDC9 900B            	  3569: 	BCC	LAB_1D38		; branch if <"A" or >"Z" (go check if string)
                        	  3570: 
                        	  3571: LAB_1D2D
01:CDCB AA              	  3572: 	TAX				; copy 2nd character
                        	  3573: 
                        	  3574: 					; ignore further (valid) characters in the variable name
                        	  3575: LAB_1D2E
01:CDCC 20BC00          	  3576: 	JSR	LAB_IGBY		; increment and scan memory (3rd character)
01:CDCF 90FB            	  3577: 	BCC	LAB_1D2E		; loop if character = "0"-"9" (ignore)
                        	  3578: 
01:CDD1 201ECE          	  3579: 	JSR	LAB_CASC		; check byte, return C=0 if<"A" or >"Z"
01:CDD4 B0F6            	  3580: 	BCS	LAB_1D2E		; loop if character = "A"-"Z" (ignore)
                        	  3581: 
                        	  3582: 					; check if string variable
                        	  3583: LAB_1D38
01:CDD6 C924            	  3584: 	CMP	#'$'			; compare with "$"
01:CDD8 D00B            	  3585: 	BNE	LAB_1D47		; branch if not string
                        	  3586: 
                        	  3587: ; to introduce a new variable type (% suffix for integers say) then this branch
                        	  3588: ; will need to go to that check and then that branch, if it fails, go to LAB_1D47
                        	  3589: 
                        	  3590: 					; type is string
01:CDDA A9FF            	  3591: 	LDA	#$FF			; set data type = string
01:CDDC 855F            	  3592: 	STA	Dtypef		; set data type flag, $FF=string, $00=numeric
01:CDDE 8A              	  3593: 	TXA				; get 2nd character back
01:CDDF 0980            	  3594: 	ORA	#$80			; set top bit (indicate string var)
01:CDE1 AA              	  3595: 	TAX				; copy back to 2nd character temp
01:CDE2 20BC00          	  3596: 	JSR	LAB_IGBY		; increment and scan memory
                        	  3597: 
                        	  3598: ; after we have determined the variable type we need to come back here to determine
                        	  3599: ; if it's an array of type. this would plug in a%(b[,c[,d]])) integer arrays nicely
                        	  3600: 
                        	  3601: 
                        	  3602: LAB_1D47				; gets here with character after var name in A
01:CDE5 8694            	  3603: 	STX	Varnm2		; save 2nd character
01:CDE7 0561            	  3604: 	ORA	Sufnxf		; or with subscript/FNX flag (or FN name)
01:CDE9 C928            	  3605: 	CMP	#'('			; compare with "("
01:CDEB D003            	  3606: 	BNE	LAB_1D53		; branch if not "("
                        	  3607: 
01:CDED 4CB8CE          	  3608: 	JMP	LAB_1E17		; go find, or make, array
                        	  3609: 
                        	  3610: ; either find or create var
                        	  3611: ; var name (1st two characters only!) is in Varnm1,Varnm2
                        	  3612: 
                        	  3613: 					; variable name wasn't var(... so look for plain var
                        	  3614: LAB_1D53
01:CDF0 A900            	  3615: 	LDA	#$00			; clear A
01:CDF2 8561            	  3616: 	STA	Sufnxf		; clear subscript/FNX flag
01:CDF4 A57B            	  3617: 	LDA	Svarl			; get start of vars low byte
01:CDF6 A67C            	  3618: 	LDX	Svarh			; get start of vars high byte
01:CDF8 A000            	  3619: 	LDY	#$00			; clear index
                        	  3620: LAB_1D5D
01:CDFA 86AB            	  3621: 	STX	Vrschh		; save search address high byte
                        	  3622: LAB_1D5F
01:CDFC 85AA            	  3623: 	STA	Vrschl		; save search address low byte
01:CDFE E47E            	  3624: 	CPX	Sarryh		; compare high address with var space end
01:CE00 D004            	  3625: 	BNE	LAB_1D69		; skip next compare if <>
                        	  3626: 
                        	  3627: 					; high addresses were = so compare low addresses
01:CE02 C57D            	  3628: 	CMP	Sarryl		; compare low address with var space end
01:CE04 F02C            	  3629: 	BEQ	LAB_1D8B		; if not found go make new var
                        	  3630: 
                        	  3631: LAB_1D69
01:CE06 A593            	  3632: 	LDA	Varnm1		; get 1st character of var to find
01:CE08 D1AA            	  3633: 	CMP	(Vrschl),Y		; compare with variable name 1st character
01:CE0A D008            	  3634: 	BNE	LAB_1D77		; branch if no match
                        	  3635: 
                        	  3636: 					; 1st characters match so compare 2nd characters
01:CE0C A594            	  3637: 	LDA	Varnm2		; get 2nd character of var to find
01:CE0E C8              	  3638: 	INY				; index to point to variable name 2nd character
01:CE0F D1AA            	  3639: 	CMP	(Vrschl),Y		; compare with variable name 2nd character
01:CE11 F069            	  3640: 	BEQ	LAB_1DD7		; branch if match (found var)
                        	  3641: 
01:CE13 88              	  3642: 	DEY				; else decrement index (now = $00)
                        	  3643: LAB_1D77
01:CE14 18              	  3644: 	CLC				; clear carry for add
01:CE15 A5AA            	  3645: 	LDA	Vrschl		; get search address low byte
01:CE17 6906            	  3646: 	ADC	#$06			; +6 (offset to next var name)
01:CE19 90E1            	  3647: 	BCC	LAB_1D5F		; loop if no overflow to high byte
                        	  3648: 
01:CE1B E8              	  3649: 	INX				; else increment high byte
01:CE1C D0DC            	  3650: 	BNE	LAB_1D5D		; loop always (RAM doesn't extend to $FFFF !)
                        	  3651: 
                        	  3652: ; check byte, return C=0 if<"A" or >"Z" or "a" to "z"
                        	  3653: 
                        	  3654: LAB_CASC
01:CE1E C961            	  3655: 	CMP	#'a'			; compare with "a"
01:CE20 B00A            	  3656: 	BCS	LAB_1D83		; go check <"z"+1
                        	  3657: 
                        	  3658: ; check byte, return C=0 if<"A" or >"Z"
                        	  3659: 
                        	  3660: LAB_1D82
01:CE22 C941            	  3661: 	CMP	#'A'			; compare with "A"
01:CE24 9005            	  3662: 	BCC	LAB_1D8A		; exit if less
                        	  3663: 
                        	  3664: 					; carry is set
01:CE26 E95B            	  3665: 	SBC	#$5B			; subtract "Z"+1
01:CE28 38              	  3666: 	SEC				; set carry
01:CE29 E9A5            	  3667: 	SBC	#$A5			; subtract $A5 (restore byte)
                        	  3668: 					; carry clear if byte>$5A
                        	  3669: LAB_1D8A
01:CE2B 60              	  3670: 	RTS
                        	  3671: 
                        	  3672: LAB_1D83
01:CE2C E97B            	  3673: 	SBC	#$7B			; subtract "z"+1
01:CE2E 38              	  3674: 	SEC				; set carry
01:CE2F E985            	  3675: 	SBC	#$85			; subtract $85 (restore byte)
                        	  3676: 					; carry clear if byte>$7A
01:CE31 60              	  3677: 	RTS
                        	  3678: 
                        	  3679: 					; reached end of variable mem without match
                        	  3680: 					; .. so create new variable
                        	  3681: LAB_1D8B
01:CE32 68              	  3682: 	PLA				; pop return address low byte
01:CE33 48              	  3683: 	PHA				; push return address low byte
                        	  3684: LAB_1C18p2	= LAB_1C18+2
01:CE34 C93D            	  3685: 	CMP	#<LAB_1C18p2	; compare with expected calling routine return low byte
01:CE36 D005            	  3686: 	BNE	LAB_1D98		; if not get (var) go create new var
                        	  3687: 
                        	  3688: ; This will only drop through if the call was from LAB_1C18 and is only called
                        	  3689: ; from there if it is searching for a variable from the RHS of a LET a=b statement
                        	  3690: ; it prevents the creation of variables not assigned a value.
                        	  3691: 
                        	  3692: ; value returned by this is either numeric zero (exponent byte is $00) or null string
                        	  3693: ; (descriptor length byte is $00). in fact a pointer to any $00 byte would have done.
                        	  3694: 
                        	  3695: ; doing this saves 6 bytes of variable memory and 168 machine cycles of time
                        	  3696: 
                        	  3697: ; this is where you would put the undefined variable error call e.g.
                        	  3698: 
                        	  3699: ;					; variable doesn't exist so flag error
                        	  3700: ;	LDX	#$24			; error code $24 ("undefined variable" error)
                        	  3701: ;	JMP	LAB_XERR		; do error #X then warm start
                        	  3702: 
                        	  3703: ; the above code has been tested and works a treat! (it replaces the three code lines
                        	  3704: ; below)
                        	  3705: 
                        	  3706: 					; else return dummy null value
01:CE38 A9E1            	  3707: 	LDA	#<LAB_1D96		; low byte point to $00,$00
                        	  3708: 					; (uses part of misc constants table)
01:CE3A A0E1            	  3709: 	LDY	#>LAB_1D96		; high byte point to $00,$00
01:CE3C 60              	  3710: 	RTS
                        	  3711: 
                        	  3712: 					; create new numeric variable
                        	  3713: LAB_1D98
01:CE3D A57D            	  3714: 	LDA	Sarryl		; get var mem end low byte
01:CE3F A47E            	  3715: 	LDY	Sarryh		; get var mem end high byte
01:CE41 85AA            	  3716: 	STA	Ostrtl		; save old block start low byte
01:CE43 84AB            	  3717: 	STY	Ostrth		; save old block start high byte
01:CE45 A57F            	  3718: 	LDA	Earryl		; get array mem end low byte
01:CE47 A480            	  3719: 	LDY	Earryh		; get array mem end high byte
01:CE49 85A6            	  3720: 	STA	Obendl		; save old block end low byte
01:CE4B 84A7            	  3721: 	STY	Obendh		; save old block end high byte
01:CE4D 18              	  3722: 	CLC				; clear carry for add
01:CE4E 6906            	  3723: 	ADC	#$06			; +6 (space for one var)
01:CE50 9001            	  3724: 	BCC	LAB_1DAE		; branch if no overflow to high byte
                        	  3725: 
01:CE52 C8              	  3726: 	INY				; else increment high byte
                        	  3727: LAB_1DAE
01:CE53 85A4            	  3728: 	STA	Nbendl		; set new block end low byte
01:CE55 84A5            	  3729: 	STY	Nbendh		; set new block end high byte
01:CE57 20C1C0          	  3730: 	JSR	LAB_11CF		; open up space in memory
01:CE5A A5A4            	  3731: 	LDA	Nbendl		; get new start low byte
01:CE5C A4A5            	  3732: 	LDY	Nbendh		; get new start high byte (-$100)
01:CE5E C8              	  3733: 	INY				; correct high byte
01:CE5F 857D            	  3734: 	STA	Sarryl		; save new var mem end low byte
01:CE61 847E            	  3735: 	STY	Sarryh		; save new var mem end high byte
01:CE63 A000            	  3736: 	LDY	#$00			; clear index
01:CE65 A593            	  3737: 	LDA	Varnm1		; get var name 1st character
01:CE67 91AA            	  3738: 	STA	(Vrschl),Y		; save var name 1st character
01:CE69 C8              	  3739: 	INY				; increment index
01:CE6A A594            	  3740: 	LDA	Varnm2		; get var name 2nd character
01:CE6C 91AA            	  3741: 	STA	(Vrschl),Y		; save var name 2nd character
01:CE6E A900            	  3742: 	LDA	#$00			; clear A
01:CE70 C8              	  3743: 	INY				; increment index
01:CE71 91AA            	  3744: 	STA	(Vrschl),Y		; initialise var byte
01:CE73 C8              	  3745: 	INY				; increment index
01:CE74 91AA            	  3746: 	STA	(Vrschl),Y		; initialise var byte
01:CE76 C8              	  3747: 	INY				; increment index
01:CE77 91AA            	  3748: 	STA	(Vrschl),Y		; initialise var byte
01:CE79 C8              	  3749: 	INY				; increment index
01:CE7A 91AA            	  3750: 	STA	(Vrschl),Y		; initialise var byte
                        	  3751: 
                        	  3752: 					; found a match for var ((Vrschl) = ptr)
                        	  3753: LAB_1DD7
01:CE7C A5AA            	  3754: 	LDA	Vrschl		; get var address low byte
01:CE7E 18              	  3755: 	CLC				; clear carry for add
01:CE7F 6902            	  3756: 	ADC	#$02			; +2 (offset past var name bytes)
01:CE81 A4AB            	  3757: 	LDY	Vrschh		; get var address high byte
01:CE83 9001            	  3758: 	BCC	LAB_1DE1		; branch if no overflow from add
                        	  3759: 
01:CE85 C8              	  3760: 	INY				; else increment high byte
                        	  3761: LAB_1DE1
01:CE86 8595            	  3762: 	STA	Cvaral		; save current var address low byte
01:CE88 8496            	  3763: 	STY	Cvarah		; save current var address high byte
01:CE8A 60              	  3764: 	RTS
                        	  3765: 
                        	  3766: ; set-up array pointer (Adatal/h) to first element in array
                        	  3767: ; set Adatal,Adatah to Astrtl,Astrth+2*Dimcnt+#$05
                        	  3768: 
                        	  3769: LAB_1DE6
01:CE8B A55D            	  3770: 	LDA	Dimcnt		; get # of dimensions (1, 2 or 3)
01:CE8D 0A              	  3771: 	ASL				; *2 (also clears the carry !)
01:CE8E 6905            	  3772: 	ADC	#$05			; +5 (result is 7, 9 or 11 here)
01:CE90 65AA            	  3773: 	ADC	Astrtl		; add array start pointer low byte
01:CE92 A4AB            	  3774: 	LDY	Astrth		; get array pointer high byte
01:CE94 9001            	  3775: 	BCC	LAB_1DF2		; branch if no overflow
                        	  3776: 
01:CE96 C8              	  3777: 	INY				; else increment high byte
                        	  3778: LAB_1DF2
01:CE97 85A4            	  3779: 	STA	Adatal		; save array data pointer low byte
01:CE99 84A5            	  3780: 	STY	Adatah		; save array data pointer high byte
01:CE9B 60              	  3781: 	RTS
                        	  3782: 
                        	  3783: ; evaluate integer expression
                        	  3784: 
                        	  3785: LAB_EVIN
01:CE9C 20BC00          	  3786: 	JSR	LAB_IGBY		; increment and scan memory
01:CE9F 20CDCA          	  3787: 	JSR	LAB_EVNM		; evaluate expression and check is numeric,
                        	  3788: 					; else do type mismatch
                        	  3789: 
                        	  3790: ; evaluate integer expression (no check)
                        	  3791: 
                        	  3792: LAB_EVPI
01:CEA2 A5B0            	  3793: 	LDA	FAC1_s		; get FAC1 sign (b7)
01:CEA4 300D            	  3794: 	BMI	LAB_1E12		; do function call error if -ve
                        	  3795: 
                        	  3796: ; evaluate integer expression (no sign check)
                        	  3797: 
                        	  3798: LAB_EVIR
01:CEA6 A5AC            	  3799: 	LDA	FAC1_e		; get FAC1 exponent
01:CEA8 C990            	  3800: 	CMP	#$90			; compare with exponent = 2^16 (n>2^15)
01:CEAA 9009            	  3801: 	BCC	LAB_1E14		; branch if n<2^16 (is ok)
                        	  3802: 
01:CEAC A9E8            	  3803: 	LDA	#<LAB_1DF7		; set pointer low byte to -32768
01:CEAE A0E1            	  3804: 	LDY	#>LAB_1DF7		; set pointer high byte to -32768
01:CEB0 2017D9          	  3805: 	JSR	LAB_27F8		; compare FAC1 with (AY)
                        	  3806: LAB_1E12
01:CEB3 D074            	  3807: 	BNE	LAB_FCER		; if <> do function call error then warm start
                        	  3808: 
                        	  3809: LAB_1E14
01:CEB5 4C50D9          	  3810: 	JMP	LAB_2831		; convert FAC1 floating-to-fixed and return
                        	  3811: 
                        	  3812: ; find or make array
                        	  3813: 
                        	  3814: LAB_1E17
01:CEB8 A55E            	  3815: 	LDA	Defdim		; get DIM flag
01:CEBA 48              	  3816: 	PHA				; push it
01:CEBB A55F            	  3817: 	LDA	Dtypef		; get data type flag, $FF=string, $00=numeric
01:CEBD 48              	  3818: 	PHA				; push it
01:CEBE A000            	  3819: 	LDY	#$00			; clear dimensions count
                        	  3820: 
                        	  3821: ; now get the array dimension(s) and stack it (them) before the data type and DIM flag
                        	  3822: 
                        	  3823: LAB_1E1F
01:CEC0 98              	  3824: 	TYA				; copy dimensions count
01:CEC1 48              	  3825: 	PHA				; save it
01:CEC2 A594            	  3826: 	LDA	Varnm2		; get array name 2nd byte
01:CEC4 48              	  3827: 	PHA				; save it
01:CEC5 A593            	  3828: 	LDA	Varnm1		; get array name 1st byte
01:CEC7 48              	  3829: 	PHA				; save it
01:CEC8 209CCE          	  3830: 	JSR	LAB_EVIN		; evaluate integer expression
01:CECB 68              	  3831: 	PLA				; pull array name 1st byte
01:CECC 8593            	  3832: 	STA	Varnm1		; restore array name 1st byte
01:CECE 68              	  3833: 	PLA				; pull array name 2nd byte
01:CECF 8594            	  3834: 	STA	Varnm2		; restore array name 2nd byte
01:CED1 68              	  3835: 	PLA				; pull dimensions count
01:CED2 A8              	  3836: 	TAY				; restore it
01:CED3 BA              	  3837: 	TSX				; copy stack pointer
01:CED4 BD0201          	  3838: 	LDA	LAB_STAK+2,X	; get DIM flag
01:CED7 48              	  3839: 	PHA				; push it
01:CED8 BD0101          	  3840: 	LDA	LAB_STAK+1,X	; get data type flag
01:CEDB 48              	  3841: 	PHA				; push it
01:CEDC A5AE            	  3842: 	LDA	FAC1_2		; get this dimension size high byte
01:CEDE 9D0201          	  3843: 	STA	LAB_STAK+2,X	; stack before flag bytes
01:CEE1 A5AF            	  3844: 	LDA	FAC1_3		; get this dimension size low byte
01:CEE3 9D0101          	  3845: 	STA	LAB_STAK+1,X	; stack before flag bytes
01:CEE6 C8              	  3846: 	INY				; increment dimensions count
01:CEE7 20C200          	  3847: 	JSR	LAB_GBYT		; scan memory
01:CEEA C92C            	  3848: 	CMP	#','			; compare with ","
01:CEEC F0D2            	  3849: 	BEQ	LAB_1E1F		; if found go do next dimension
                        	  3850: 
01:CEEE 845D            	  3851: 	STY	Dimcnt		; store dimensions count
01:CEF0 20EFCB          	  3852: 	JSR	LAB_1BFB		; scan for ")" , else do syntax error then warm start
01:CEF3 68              	  3853: 	PLA				; pull data type flag
01:CEF4 855F            	  3854: 	STA	Dtypef		; restore data type flag, $FF=string, $00=numeric
01:CEF6 68              	  3855: 	PLA				; pull DIM flag
01:CEF7 855E            	  3856: 	STA	Defdim		; restore DIM flag
01:CEF9 A67D            	  3857: 	LDX	Sarryl		; get array mem start low byte
01:CEFB A57E            	  3858: 	LDA	Sarryh		; get array mem start high byte
                        	  3859: 
                        	  3860: ; now check to see if we are at the end of array memory (we would be if there were
                        	  3861: ; no arrays).
                        	  3862: 
                        	  3863: LAB_1E5C
01:CEFD 86AA            	  3864: 	STX	Astrtl		; save as array start pointer low byte
01:CEFF 85AB            	  3865: 	STA	Astrth		; save as array start pointer high byte
01:CF01 C580            	  3866: 	CMP	Earryh		; compare with array mem end high byte
01:CF03 D004            	  3867: 	BNE	LAB_1E68		; branch if not reached array mem end
                        	  3868: 
01:CF05 E47F            	  3869: 	CPX	Earryl		; else compare with array mem end low byte
01:CF07 F039            	  3870: 	BEQ	LAB_1EA1		; go build array if not found
                        	  3871: 
                        	  3872: 					; search for array
                        	  3873: LAB_1E68
01:CF09 A000            	  3874: 	LDY	#$00			; clear index
01:CF0B B1AA            	  3875: 	LDA	(Astrtl),Y		; get array name first byte
01:CF0D C8              	  3876: 	INY				; increment index to second name byte
01:CF0E C593            	  3877: 	CMP	Varnm1		; compare with this array name first byte
01:CF10 D006            	  3878: 	BNE	LAB_1E77		; branch if no match
                        	  3879: 
01:CF12 A594            	  3880: 	LDA	Varnm2		; else get this array name second byte
01:CF14 D1AA            	  3881: 	CMP	(Astrtl),Y		; compare with array name second byte
01:CF16 F016            	  3882: 	BEQ	LAB_1E8D		; array found so branch
                        	  3883: 
                        	  3884: 					; no match
                        	  3885: LAB_1E77
01:CF18 C8              	  3886: 	INY				; increment index
01:CF19 B1AA            	  3887: 	LDA	(Astrtl),Y		; get array size low byte
01:CF1B 18              	  3888: 	CLC				; clear carry for add
01:CF1C 65AA            	  3889: 	ADC	Astrtl		; add array start pointer low byte
01:CF1E AA              	  3890: 	TAX				; copy low byte to X
01:CF1F C8              	  3891: 	INY				; increment index
01:CF20 B1AA            	  3892: 	LDA	(Astrtl),Y		; get array size high byte
01:CF22 65AB            	  3893: 	ADC	Astrth		; add array mem pointer high byte
01:CF24 90D7            	  3894: 	BCC	LAB_1E5C		; if no overflow go check next array
                        	  3895: 
                        	  3896: ; do array bounds error
                        	  3897: 
                        	  3898: LAB_1E85
01:CF26 A210            	  3899: 	LDX	#$10			; error code $10 ("Array bounds" error)
01:CF28 2C              	  3900: 	.byte	$2C			; makes next bit BIT LAB_08A2
                        	  3901: 
                        	  3902: ; do function call error
                        	  3903: 
                        	  3904: LAB_FCER
01:CF29 A208            	  3905: 	LDX	#$08			; error code $08 ("Function call" error)
                        	  3906: LAB_1E8A
01:CF2B 4C3CC1          	  3907: 	JMP	LAB_XERR		; do error #X, then warm start
                        	  3908: 
                        	  3909: 					; found array, are we trying to dimension it?
                        	  3910: LAB_1E8D
01:CF2E A212            	  3911: 	LDX	#$12			; set error $12 ("Double dimension" error)
01:CF30 A55E            	  3912: 	LDA	Defdim		; get DIM flag
01:CF32 D0F7            	  3913: 	BNE	LAB_1E8A		; if we are trying to dimension it do error #X, then warm
                        	  3914: 					; start
                        	  3915: 
                        	  3916: ; found the array and we're not dimensioning it so we must find an element in it
                        	  3917: 
01:CF34 208BCE          	  3918: 	JSR	LAB_1DE6		; set-up array pointer (Adatal/h) to first element in array
                        	  3919: 					; (Astrtl,Astrth points to start of array)
01:CF37 A55D            	  3920: 	LDA	Dimcnt		; get dimensions count
01:CF39 A004            	  3921: 	LDY	#$04			; set index to array's # of dimensions
01:CF3B D1AA            	  3922: 	CMP	(Astrtl),Y		; compare with no of dimensions
01:CF3D D0E7            	  3923: 	BNE	LAB_1E85		; if wrong do array bounds error, could do "Wrong
                        	  3924: 					; dimensions" error here .. if we want a different
                        	  3925: 					; error message
                        	  3926: 
01:CF3F 4CC5CF          	  3927: 	JMP	LAB_1F28		; found array so go get element
                        	  3928: 					; (could jump to LAB_1F28 as all LAB_1F24 does is take
                        	  3929: 					; Dimcnt and save it at (Astrtl),Y which is already the
                        	  3930: 					; same or we would have taken the BNE)
                        	  3931: 
                        	  3932: 					; array not found, so build it
                        	  3933: LAB_1EA1
01:CF42 208BCE          	  3934: 	JSR	LAB_1DE6		; set-up array pointer (Adatal/h) to first element in array
                        	  3935: 					; (Astrtl,Astrth points to start of array)
01:CF45 200BC1          	  3936: 	JSR	LAB_121F		; check available memory, "Out of memory" error if no room
                        	  3937: 					; addr to check is in AY (low/high)
01:CF48 A000            	  3938: 	LDY	#$00			; clear Y (don't need to clear A)
01:CF4A 84BB            	  3939: 	STY	Aspth			; clear array data size high byte
01:CF4C A593            	  3940: 	LDA	Varnm1		; get variable name 1st byte
01:CF4E 91AA            	  3941: 	STA	(Astrtl),Y		; save array name 1st byte
01:CF50 C8              	  3942: 	INY				; increment index
01:CF51 A594            	  3943: 	LDA	Varnm2		; get variable name 2nd byte
01:CF53 91AA            	  3944: 	STA	(Astrtl),Y		; save array name 2nd byte
01:CF55 A55D            	  3945: 	LDA	Dimcnt		; get dimensions count
01:CF57 A004            	  3946: 	LDY	#$04			; index to dimension count
01:CF59 84BA            	  3947: 	STY	Asptl			; set array data size low byte (four bytes per element)
01:CF5B 91AA            	  3948: 	STA	(Astrtl),Y		; set array's dimensions count
                        	  3949: 
                        	  3950: 					; now calculate the size of the data space for the array
01:CF5D 18              	  3951: 	CLC				; clear carry for add (clear on subsequent loops)
                        	  3952: LAB_1EC0
01:CF5E A20B            	  3953: 	LDX	#$0B			; set default dimension value low byte
01:CF60 A900            	  3954: 	LDA	#$00			; set default dimension value high byte
01:CF62 245E            	  3955: 	BIT	Defdim		; test default DIM flag
01:CF64 5007            	  3956: 	BVC	LAB_1ED0		; branch if b6 of Defdim is clear
                        	  3957: 
01:CF66 68              	  3958: 	PLA				; else pull dimension value low byte
01:CF67 6901            	  3959: 	ADC	#$01			; +1 (allow for zeroeth element)
01:CF69 AA              	  3960: 	TAX				; copy low byte to X
01:CF6A 68              	  3961: 	PLA				; pull dimension value high byte
01:CF6B 6900            	  3962: 	ADC	#$00			; add carry from low byte
                        	  3963: 
                        	  3964: LAB_1ED0
01:CF6D C8              	  3965: 	INY				; index to dimension value high byte
01:CF6E 91AA            	  3966: 	STA	(Astrtl),Y		; save dimension value high byte
01:CF70 C8              	  3967: 	INY				; index to dimension value high byte
01:CF71 8A              	  3968: 	TXA				; get dimension value low byte
01:CF72 91AA            	  3969: 	STA	(Astrtl),Y		; save dimension value low byte
01:CF74 2014D0          	  3970: 	JSR	LAB_1F7C		; does XY = (Astrtl),Y * (Asptl)
01:CF77 86BA            	  3971: 	STX	Asptl			; save array data size low byte
01:CF79 85BB            	  3972: 	STA	Aspth			; save array data size high byte
01:CF7B A471            	  3973: 	LDY	ut1_pl		; restore index (saved by subroutine)
01:CF7D C65D            	  3974: 	DEC	Dimcnt		; decrement dimensions count
01:CF7F D0DD            	  3975: 	BNE	LAB_1EC0		; loop while not = 0
                        	  3976: 
01:CF81 65A5            	  3977: 	ADC	Adatah		; add size high byte to first element high byte
                        	  3978: 					; (carry is always clear here)
01:CF83 B05D            	  3979: 	BCS	LAB_1F45		; if overflow go do "Out of memory" error
                        	  3980: 
01:CF85 85A5            	  3981: 	STA	Adatah		; save end of array high byte
01:CF87 A8              	  3982: 	TAY				; copy end high byte to Y
01:CF88 8A              	  3983: 	TXA				; get array size low byte
01:CF89 65A4            	  3984: 	ADC	Adatal		; add array start low byte
01:CF8B 9003            	  3985: 	BCC	LAB_1EF3		; branch if no carry
                        	  3986: 
01:CF8D C8              	  3987: 	INY				; else increment end of array high byte
01:CF8E F052            	  3988: 	BEQ	LAB_1F45		; if overflow go do "Out of memory" error
                        	  3989: 
                        	  3990: 					; set-up mostly complete, now zero the array
                        	  3991: LAB_1EF3
01:CF90 200BC1          	  3992: 	JSR	LAB_121F		; check available memory, "Out of memory" error if no room
                        	  3993: 					; addr to check is in AY (low/high)
01:CF93 857F            	  3994: 	STA	Earryl		; save array mem end low byte
01:CF95 8480            	  3995: 	STY	Earryh		; save array mem end high byte
01:CF97 A900            	  3996: 	LDA	#$00			; clear byte for array clear
01:CF99 E6BB            	  3997: 	INC	Aspth			; increment array size high byte (now block count)
01:CF9B A4BA            	  3998: 	LDY	Asptl			; get array size low byte (now index to block)
01:CF9D F005            	  3999: 	BEQ	LAB_1F07		; branch if low byte = $00
                        	  4000: 
                        	  4001: LAB_1F02
01:CF9F 88              	  4002: 	DEY				; decrement index (do 0 to n-1)
01:CFA0 91A4            	  4003: 	STA	(Adatal),Y		; zero byte
01:CFA2 D0FB            	  4004: 	BNE	LAB_1F02		; loop until this block done
                        	  4005: 
                        	  4006: LAB_1F07
01:CFA4 C6A5            	  4007: 	DEC	Adatah		; decrement array pointer high byte
01:CFA6 C6BB            	  4008: 	DEC	Aspth			; decrement block count high byte
01:CFA8 D0F5            	  4009: 	BNE	LAB_1F02		; loop until all blocks done
                        	  4010: 
01:CFAA E6A5            	  4011: 	INC	Adatah		; correct for last loop
01:CFAC 38              	  4012: 	SEC				; set carry for subtract
01:CFAD A002            	  4013: 	LDY	#$02			; index to array size low byte
01:CFAF A57F            	  4014: 	LDA	Earryl		; get array mem end low byte
01:CFB1 E5AA            	  4015: 	SBC	Astrtl		; subtract array start low byte
01:CFB3 91AA            	  4016: 	STA	(Astrtl),Y		; save array size low byte
01:CFB5 C8              	  4017: 	INY				; index to array size high byte
01:CFB6 A580            	  4018: 	LDA	Earryh		; get array mem end high byte
01:CFB8 E5AB            	  4019: 	SBC	Astrth		; subtract array start high byte
01:CFBA 91AA            	  4020: 	STA	(Astrtl),Y		; save array size high byte
01:CFBC A55E            	  4021: 	LDA	Defdim		; get default DIM flag
01:CFBE D053            	  4022: 	BNE	LAB_1F7B		; exit (RET) if this was a DIM command
                        	  4023: 
                        	  4024: 					; else, find element
01:CFC0 C8              	  4025: 	INY				; index to # of dimensions
                        	  4026: 
                        	  4027: LAB_1F24
01:CFC1 B1AA            	  4028: 	LDA	(Astrtl),Y		; get array's dimension count
01:CFC3 855D            	  4029: 	STA	Dimcnt		; save it
                        	  4030: 
                        	  4031: ; we have found, or built, the array. now we need to find the element
                        	  4032: 
                        	  4033: LAB_1F28
01:CFC5 A900            	  4034: 	LDA	#$00			; clear byte
01:CFC7 85BA            	  4035: 	STA	Asptl			; clear array data pointer low byte
                        	  4036: LAB_1F2C
01:CFC9 85BB            	  4037: 	STA	Aspth			; save array data pointer high byte
01:CFCB C8              	  4038: 	INY				; increment index (point to array bound high byte)
01:CFCC 68              	  4039: 	PLA				; pull array index low byte
01:CFCD AA              	  4040: 	TAX				; copy to X
01:CFCE 85AE            	  4041: 	STA	FAC1_2		; save index low byte to FAC1 mantissa2
01:CFD0 68              	  4042: 	PLA				; pull array index high byte
01:CFD1 85AF            	  4043: 	STA	FAC1_3		; save index high byte to FAC1 mantissa3
01:CFD3 D1AA            	  4044: 	CMP	(Astrtl),Y		; compare with array bound high byte
01:CFD5 900E            	  4045: 	BCC	LAB_1F48		; branch if within bounds
                        	  4046: 
01:CFD7 D006            	  4047: 	BNE	LAB_1F42		; if outside bounds do array bounds error
                        	  4048: 
                        	  4049: 					; else high byte was = so test low bytes
01:CFD9 C8              	  4050: 	INY				; index to array bound low byte
01:CFDA 8A              	  4051: 	TXA				; get array index low byte
01:CFDB D1AA            	  4052: 	CMP	(Astrtl),Y		; compare with array bound low byte
01:CFDD 9007            	  4053: 	BCC	LAB_1F49		; branch if within bounds
                        	  4054: 
                        	  4055: LAB_1F42
01:CFDF 4C26CF          	  4056: 	JMP	LAB_1E85		; else do array bounds error
                        	  4057: 
                        	  4058: LAB_1F45
01:CFE2 4C3AC1          	  4059: 	JMP	LAB_OMER		; do "Out of memory" error then warm start
                        	  4060: 
                        	  4061: LAB_1F48
01:CFE5 C8              	  4062: 	INY				; index to array bound low byte
                        	  4063: LAB_1F49
01:CFE6 A5BB            	  4064: 	LDA	Aspth			; get array data pointer high byte
01:CFE8 05BA            	  4065: 	ORA	Asptl			; OR with array data pointer low byte
01:CFEA F00A            	  4066: 	BEQ	LAB_1F5A		; branch if array data pointer = null (skip multiply)
                        	  4067: 
01:CFEC 2014D0          	  4068: 	JSR	LAB_1F7C		; does XY = (Astrtl),Y * (Asptl)
01:CFEF 8A              	  4069: 	TXA				; get result low byte
01:CFF0 65AE            	  4070: 	ADC	FAC1_2		; add index low byte from FAC1 mantissa2
01:CFF2 AA              	  4071: 	TAX				; save result low byte
01:CFF3 98              	  4072: 	TYA				; get result high byte
01:CFF4 A471            	  4073: 	LDY	ut1_pl		; restore index
                        	  4074: LAB_1F5A
01:CFF6 65AF            	  4075: 	ADC	FAC1_3		; add index high byte from FAC1 mantissa3
01:CFF8 86BA            	  4076: 	STX	Asptl			; save array data pointer low byte
01:CFFA C65D            	  4077: 	DEC	Dimcnt		; decrement dimensions count
01:CFFC D0CB            	  4078: 	BNE	LAB_1F2C		; loop if dimensions still to do
                        	  4079: 
01:CFFE 06BA            	  4080: 	ASL	Asptl			; array data pointer low byte * 2
01:D000 2A              	  4081: 	ROL				; array data pointer high byte * 2
01:D001 06BA            	  4082: 	ASL	Asptl			; array data pointer low byte * 4
01:D003 2A              	  4083: 	ROL				; array data pointer high byte * 4
01:D004 A8              	  4084: 	TAY				; copy high byte
01:D005 A5BA            	  4085: 	LDA	Asptl			; get low byte
01:D007 65A4            	  4086: 	ADC	Adatal		; add array data start pointer low byte
01:D009 8595            	  4087: 	STA	Cvaral		; save as current var address low byte
01:D00B 98              	  4088: 	TYA				; get high byte back
01:D00C 65A5            	  4089: 	ADC	Adatah		; add array data start pointer high byte
01:D00E 8596            	  4090: 	STA	Cvarah		; save as current var address high byte
01:D010 A8              	  4091: 	TAY				; copy high byte to Y
01:D011 A595            	  4092: 	LDA	Cvaral		; get current var address low byte
                        	  4093: LAB_1F7B
01:D013 60              	  4094: 	RTS
                        	  4095: 
                        	  4096: ; does XY = (Astrtl),Y * (Asptl)
                        	  4097: 
                        	  4098: LAB_1F7C
01:D014 8471            	  4099: 	STY	ut1_pl		; save index
01:D016 B1AA            	  4100: 	LDA	(Astrtl),Y		; get dimension size low byte
01:D018 8576            	  4101: 	STA	dims_l		; save dimension size low byte
01:D01A 88              	  4102: 	DEY				; decrement index
01:D01B B1AA            	  4103: 	LDA	(Astrtl),Y		; get dimension size high byte
01:D01D 8577            	  4104: 	STA	dims_h		; save dimension size high byte
                        	  4105: 
01:D01F A910            	  4106: 	LDA	#$10			; count = $10 (16 bit multiply)
01:D021 85A8            	  4107: 	STA	numbit		; save bit count
01:D023 A200            	  4108: 	LDX	#$00			; clear result low byte
01:D025 A000            	  4109: 	LDY	#$00			; clear result high byte
                        	  4110: LAB_1F8F
01:D027 8A              	  4111: 	TXA				; get result low byte
01:D028 0A              	  4112: 	ASL				; *2
01:D029 AA              	  4113: 	TAX				; save result low byte
01:D02A 98              	  4114: 	TYA				; get result high byte
01:D02B 2A              	  4115: 	ROL				; *2
01:D02C A8              	  4116: 	TAY				; save result high byte
01:D02D B0B3            	  4117: 	BCS	LAB_1F45		; if overflow go do "Out of memory" error
                        	  4118: 
01:D02F 06BA            	  4119: 	ASL	Asptl			; shift multiplier low byte
01:D031 26BB            	  4120: 	ROL	Aspth			; shift multiplier high byte
01:D033 900B            	  4121: 	BCC	LAB_1FA8		; skip add if no carry
                        	  4122: 
01:D035 18              	  4123: 	CLC				; else clear carry for add
01:D036 8A              	  4124: 	TXA				; get result low byte
01:D037 6576            	  4125: 	ADC	dims_l		; add dimension size low byte
01:D039 AA              	  4126: 	TAX				; save result low byte
01:D03A 98              	  4127: 	TYA				; get result high byte
01:D03B 6577            	  4128: 	ADC	dims_h		; add dimension size high byte
01:D03D A8              	  4129: 	TAY				; save result high byte
01:D03E B0A2            	  4130: 	BCS	LAB_1F45		; if overflow go do "Out of memory" error
                        	  4131: 
                        	  4132: LAB_1FA8
01:D040 C6A8            	  4133: 	DEC	numbit		; decrement bit count
01:D042 D0E3            	  4134: 	BNE	LAB_1F8F		; loop until all done
                        	  4135: 
01:D044 60              	  4136: 	RTS
                        	  4137: 
                        	  4138: ; perform FRE()
                        	  4139: 
                        	  4140: LAB_FRE
01:D045 A55F            	  4141: 	LDA	Dtypef		; get data type flag, $FF=string, $00=numeric
01:D047 1003            	  4142: 	BPL	LAB_1FB4		; branch if numeric
                        	  4143: 
01:D049 203ED3          	  4144: 	JSR	LAB_22B6		; pop string off descriptor stack, or from top of string
                        	  4145: 					; space returns with A = length, X=$71=pointer low byte,
                        	  4146: 					; Y=$72=pointer high byte
                        	  4147: 
                        	  4148: 					; FRE(n) was numeric so do this
                        	  4149: LAB_1FB4
01:D04C 20DFD1          	  4150: 	JSR	LAB_GARB		; go do garbage collection
01:D04F 38              	  4151: 	SEC				; set carry for subtract
01:D050 A581            	  4152: 	LDA	Sstorl		; get bottom of string space low byte
01:D052 E57F            	  4153: 	SBC	Earryl		; subtract array mem end low byte
01:D054 A8              	  4154: 	TAY				; copy result to Y
01:D055 A582            	  4155: 	LDA	Sstorh		; get bottom of string space high byte
01:D057 E580            	  4156: 	SBC	Earryh		; subtract array mem end high byte
                        	  4157: 
                        	  4158: ; save and convert integer AY to FAC1
                        	  4159: 
                        	  4160: LAB_AYFC
01:D059 465F            	  4161: 	LSR	Dtypef		; clear data type flag, $FF=string, $00=numeric
01:D05B 85AD            	  4162: 	STA	FAC1_1		; save FAC1 mantissa1
01:D05D 84AE            	  4163: 	STY	FAC1_2		; save FAC1 mantissa2
01:D05F A290            	  4164: 	LDX	#$90			; set exponent=2^16 (integer)
01:D061 4C02D9          	  4165: 	JMP	LAB_27E3		; set exp=X, clear FAC1_3, normalise and return
                        	  4166: 
                        	  4167: ; perform POS()
                        	  4168: 
                        	  4169: LAB_POS
01:D064 A40E            	  4170: 	LDY	TPos			; get terminal position
                        	  4171: 
                        	  4172: ; convert Y to byte in FAC1
                        	  4173: 
                        	  4174: LAB_1FD0
01:D066 A900            	  4175: 	LDA	#$00			; clear high byte
01:D068 F0EF            	  4176: 	BEQ	LAB_AYFC		; always save and convert integer AY to FAC1 and return
                        	  4177: 
                        	  4178: ; check not Direct (used by DEF and INPUT)
                        	  4179: 
                        	  4180: LAB_CKRN
01:D06A A688            	  4181: 	LDX	Clineh		; get current line high byte
01:D06C E8              	  4182: 	INX				; increment it
01:D06D D0A4            	  4183: 	BNE	LAB_1F7B		; return if can continue not direct mode
                        	  4184: 
                        	  4185: 					; else do illegal direct error
                        	  4186: LAB_1FD9
01:D06F A216            	  4187: 	LDX	#$16			; error code $16 ("Illegal direct" error)
                        	  4188: LAB_1FDB
01:D071 4C3CC1          	  4189: 	JMP	LAB_XERR		; go do error #X, then warm start
                        	  4190: 
                        	  4191: ; perform DEF
                        	  4192: 
                        	  4193: LAB_DEF
01:D074 20A5D0          	  4194: 	JSR	LAB_200B		; check FNx syntax
01:D077 859C            	  4195: 	STA	func_l		; save function pointer low byte
01:D079 849D            	  4196: 	STY	func_h		; save function pointer high byte
01:D07B 206AD0          	  4197: 	JSR	LAB_CKRN		; check not Direct (back here if ok)
01:D07E 20FACB          	  4198: 	JSR	LAB_1BFE		; scan for "(" , else do syntax error then warm start
01:D081 A980            	  4199: 	LDA	#$80			; set flag for FNx
01:D083 8561            	  4200: 	STA	Sufnxf		; save subscript/FNx flag
01:D085 20AACD          	  4201: 	JSR	LAB_GVAR		; get (var) address
01:D088 20D0CA          	  4202: 	JSR	LAB_CTNM		; check if source is numeric, else do type mismatch
01:D08B 20EFCB          	  4203: 	JSR	LAB_1BFB		; scan for ")" , else do syntax error then warm start
01:D08E A9C1            	  4204: 	LDA	#TK_EQUAL		; get = token
01:D090 20F1CB          	  4205: 	JSR	LAB_SCCA		; scan for CHR$(A), else do syntax error then warm start
01:D093 A596            	  4206: 	LDA	Cvarah		; get current var address high byte
01:D095 48              	  4207: 	PHA				; push it
01:D096 A595            	  4208: 	LDA	Cvaral		; get current var address low byte
01:D098 48              	  4209: 	PHA				; push it
01:D099 A5C4            	  4210: 	LDA	Bpntrh		; get BASIC execute pointer high byte
01:D09B 48              	  4211: 	PHA				; push it
01:D09C A5C3            	  4212: 	LDA	Bpntrl		; get BASIC execute pointer low byte
01:D09E 48              	  4213: 	PHA				; push it
01:D09F 208CC6          	  4214: 	JSR	LAB_DATA		; go perform DATA
01:D0A2 4C14D1          	  4215: 	JMP	LAB_207A		; put execute pointer and variable pointer into function
                        	  4216: 					; and return
                        	  4217: 
                        	  4218: ; check FNx syntax
                        	  4219: 
                        	  4220: LAB_200B
01:D0A5 A9AE            	  4221: 	LDA	#TK_FN		; get FN" token
01:D0A7 20F1CB          	  4222: 	JSR	LAB_SCCA		; scan for CHR$(A) , else do syntax error then warm start
                        	  4223: 					; return character after A
01:D0AA 0980            	  4224: 	ORA	#$80			; set FN flag bit
01:D0AC 8561            	  4225: 	STA	Sufnxf		; save FN flag so array variable test fails
01:D0AE 20B1CD          	  4226: 	JSR	LAB_1D12		; search for FN variable
01:D0B1 4CD0CA          	  4227: 	JMP	LAB_CTNM		; check if source is numeric and return, else do type
                        	  4228: 					; mismatch
                        	  4229: 
                        	  4230: 					; Evaluate FNx
                        	  4231: LAB_201E
01:D0B4 20A5D0          	  4232: 	JSR	LAB_200B		; check FNx syntax
01:D0B7 48              	  4233: 	PHA				; push function pointer low byte
01:D0B8 98              	  4234: 	TYA				; copy function pointer high byte
01:D0B9 48              	  4235: 	PHA				; push function pointer high byte
01:D0BA 20FACB          	  4236: 	JSR	LAB_1BFE		; scan for "(", else do syntax error then warm start
01:D0BD 20E1CA          	  4237: 	JSR	LAB_EVEX		; evaluate expression
01:D0C0 20EFCB          	  4238: 	JSR	LAB_1BFB		; scan for ")", else do syntax error then warm start
01:D0C3 20D0CA          	  4239: 	JSR	LAB_CTNM		; check if source is numeric, else do type mismatch
01:D0C6 68              	  4240: 	PLA				; pop function pointer high byte
01:D0C7 859D            	  4241: 	STA	func_h		; restore it
01:D0C9 68              	  4242: 	PLA				; pop function pointer low byte
01:D0CA 859C            	  4243: 	STA	func_l		; restore it
01:D0CC A220            	  4244: 	LDX	#$20			; error code $20 ("Undefined function" error)
01:D0CE A003            	  4245: 	LDY	#$03			; index to variable pointer high byte
01:D0D0 B19C            	  4246: 	LDA	(func_l),Y		; get variable pointer high byte
01:D0D2 F09D            	  4247: 	BEQ	LAB_1FDB		; if zero go do undefined function error
                        	  4248: 
01:D0D4 8596            	  4249: 	STA	Cvarah		; save variable address high byte
01:D0D6 88              	  4250: 	DEY				; index to variable address low byte
01:D0D7 B19C            	  4251: 	LDA	(func_l),Y		; get variable address low byte
01:D0D9 8595            	  4252: 	STA	Cvaral		; save variable address low byte
01:D0DB AA              	  4253: 	TAX				; copy address low byte
                        	  4254: 
                        	  4255: 					; now stack the function variable value before use
01:D0DC C8              	  4256: 	INY				; index to mantissa_3
                        	  4257: LAB_2043
01:D0DD B195            	  4258: 	LDA	(Cvaral),Y		; get byte from variable
01:D0DF 48              	  4259: 	PHA				; stack it
01:D0E0 88              	  4260: 	DEY				; decrement index
01:D0E1 10FA            	  4261: 	BPL	LAB_2043		; loop until variable stacked
                        	  4262: 
01:D0E3 A496            	  4263: 	LDY	Cvarah		; get variable address high byte
01:D0E5 20A7D8          	  4264: 	JSR	LAB_2778		; pack FAC1 (function expression value) into (XY)
                        	  4265: 					; (function variable), return Y=0, always
01:D0E8 A5C4            	  4266: 	LDA	Bpntrh		; get BASIC execute pointer high byte
01:D0EA 48              	  4267: 	PHA				; push it
01:D0EB A5C3            	  4268: 	LDA	Bpntrl		; get BASIC execute pointer low byte
01:D0ED 48              	  4269: 	PHA				; push it
01:D0EE B19C            	  4270: 	LDA	(func_l),Y		; get function execute pointer low byte
01:D0F0 85C3            	  4271: 	STA	Bpntrl		; save as BASIC execute pointer low byte
01:D0F2 C8              	  4272: 	INY				; index to high byte
01:D0F3 B19C            	  4273: 	LDA	(func_l),Y		; get function execute pointer high byte
01:D0F5 85C4            	  4274: 	STA	Bpntrh		; save as BASIC execute pointer high byte
01:D0F7 A596            	  4275: 	LDA	Cvarah		; get variable address high byte
01:D0F9 48              	  4276: 	PHA				; push it
01:D0FA A595            	  4277: 	LDA	Cvaral		; get variable address low byte
01:D0FC 48              	  4278: 	PHA				; push it
01:D0FD 20CDCA          	  4279: 	JSR	LAB_EVNM		; evaluate expression and check is numeric,
                        	  4280: 					; else do type mismatch
01:D100 68              	  4281: 	PLA				; pull variable address low byte
01:D101 859C            	  4282: 	STA	func_l		; save variable address low byte
01:D103 68              	  4283: 	PLA				; pull variable address high byte
01:D104 859D            	  4284: 	STA	func_h		; save variable address high byte
01:D106 20C200          	  4285: 	JSR	LAB_GBYT		; scan memory
01:D109 F003            	  4286: 	BEQ	LAB_2074		; branch if null (should be [EOL] marker)
                        	  4287: 
01:D10B 4C02CC          	  4288: 	JMP	LAB_SNER		; else syntax error then warm start
                        	  4289: 
                        	  4290: ; restore Bpntrl,Bpntrh and function variable from stack
                        	  4291: 
                        	  4292: LAB_2074
01:D10E 68              	  4293: 	PLA				; pull BASIC execute pointer low byte
01:D10F 85C3            	  4294: 	STA	Bpntrl		; restore BASIC execute pointer low byte
01:D111 68              	  4295: 	PLA				; pull BASIC execute pointer high byte
01:D112 85C4            	  4296: 	STA	Bpntrh		; restore BASIC execute pointer high byte
                        	  4297: 
                        	  4298: ; put execute pointer and variable pointer into function
                        	  4299: 
                        	  4300: LAB_207A
01:D114 A000            	  4301: 	LDY	#$00			; clear index
01:D116 68              	  4302: 	PLA				; pull BASIC execute pointer low byte
01:D117 919C            	  4303: 	STA	(func_l),Y		; save to function
01:D119 C8              	  4304: 	INY				; increment index
01:D11A 68              	  4305: 	PLA				; pull BASIC execute pointer high byte
01:D11B 919C            	  4306: 	STA	(func_l),Y		; save to function
01:D11D C8              	  4307: 	INY				; increment index
01:D11E 68              	  4308: 	PLA				; pull current var address low byte
01:D11F 919C            	  4309: 	STA	(func_l),Y		; save to function
01:D121 C8              	  4310: 	INY				; increment index
01:D122 68              	  4311: 	PLA				; pull current var address high byte
01:D123 919C            	  4312: 	STA	(func_l),Y		; save to function
01:D125 60              	  4313: 	RTS
                        	  4314: 
                        	  4315: ; perform STR$()
                        	  4316: 
                        	  4317: LAB_STRS
01:D126 20D0CA          	  4318: 	JSR	LAB_CTNM		; check if source is numeric, else do type mismatch
01:D129 2095DA          	  4319: 	JSR	LAB_296E		; convert FAC1 to string
01:D12C A9F0            	  4320: 	LDA	#<Decssp1		; set result string low pointer
01:D12E A000            	  4321: 	LDY	#>Decssp1		; set result string high pointer
01:D130 F012            	  4322: 	BEQ	LAB_20AE		; print null terminated string to Sutill/Sutilh
                        	  4323: 
                        	  4324: ; Do string vector
                        	  4325: ; copy des_pl/h to des_2l/h and make string space A bytes long
                        	  4326: 
                        	  4327: LAB_209C
01:D132 A6AE            	  4328: 	LDX	des_pl		; get descriptor pointer low byte
01:D134 A4AF            	  4329: 	LDY	des_ph		; get descriptor pointer high byte
01:D136 869E            	  4330: 	STX	des_2l		; save descriptor pointer low byte
01:D138 849F            	  4331: 	STY	des_2h		; save descriptor pointer high byte
                        	  4332: 
                        	  4333: ; make string space A bytes long
                        	  4334: ; A=length, X=Sutill=ptr low byte, Y=Sutilh=ptr high byte
                        	  4335: 
                        	  4336: LAB_MSSP
01:D13A 20ADD1          	  4337: 	JSR	LAB_2115		; make space in string memory for string A long
                        	  4338: 					; return X=Sutill=ptr low byte, Y=Sutilh=ptr high byte
01:D13D 86AD            	  4339: 	STX	str_pl		; save string pointer low byte
01:D13F 84AE            	  4340: 	STY	str_ph		; save string pointer high byte
01:D141 85AC            	  4341: 	STA	str_ln		; save length
01:D143 60              	  4342: 	RTS
                        	  4343: 
                        	  4344: ; Scan, set up string
                        	  4345: ; print " terminated string to Sutill/Sutilh
                        	  4346: 
                        	  4347: LAB_20AE
01:D144 A222            	  4348: 	LDX	#$22			; set terminator to "
01:D146 865B            	  4349: 	STX	Srchc			; set search character (terminator 1)
01:D148 865C            	  4350: 	STX	Asrch			; set terminator 2
                        	  4351: 
                        	  4352: ; print [Srchc] or [Asrch] terminated string to Sutill/Sutilh
                        	  4353: ; source is AY
                        	  4354: 
                        	  4355: LAB_20B4
01:D14A 85B8            	  4356: 	STA	ssptr_l		; store string start low byte
01:D14C 84B9            	  4357: 	STY	ssptr_h		; store string start high byte
01:D14E 85AD            	  4358: 	STA	str_pl		; save string pointer low byte
01:D150 84AE            	  4359: 	STY	str_ph		; save string pointer high byte
01:D152 A0FF            	  4360: 	LDY	#$FF			; set length to -1
                        	  4361: LAB_20BE
01:D154 C8              	  4362: 	INY				; increment length
01:D155 B1B8            	  4363: 	LDA	(ssptr_l),Y		; get byte from string
01:D157 F00C            	  4364: 	BEQ	LAB_20CF		; exit loop if null byte [EOS]
                        	  4365: 
01:D159 C55B            	  4366: 	CMP	Srchc			; compare with search character (terminator 1)
01:D15B F004            	  4367: 	BEQ	LAB_20CB		; branch if terminator
                        	  4368: 
01:D15D C55C            	  4369: 	CMP	Asrch			; compare with terminator 2
01:D15F D0F3            	  4370: 	BNE	LAB_20BE		; loop if not terminator 2
                        	  4371: 
                        	  4372: LAB_20CB
01:D161 C922            	  4373: 	CMP	#$22			; compare with "
01:D163 F001            	  4374: 	BEQ	LAB_20D0		; branch if " (carry set if = !)
                        	  4375: 
                        	  4376: LAB_20CF
01:D165 18              	  4377: 	CLC				; clear carry for add (only if [EOL] terminated string)
                        	  4378: LAB_20D0
01:D166 84AC            	  4379: 	STY	str_ln		; save length in FAC1 exponent
01:D168 98              	  4380: 	TYA				; copy length to A
01:D169 65B8            	  4381: 	ADC	ssptr_l		; add string start low byte
01:D16B 85BA            	  4382: 	STA	Sendl			; save string end low byte
01:D16D A6B9            	  4383: 	LDX	ssptr_h		; get string start high byte
01:D16F 9001            	  4384: 	BCC	LAB_20DC		; branch if no low byte overflow
                        	  4385: 
01:D171 E8              	  4386: 	INX				; else increment high byte
                        	  4387: LAB_20DC
01:D172 86BB            	  4388: 	STX	Sendh			; save string end high byte
01:D174 A5B9            	  4389: 	LDA	ssptr_h		; get string start high byte
01:D176 C903            	  4390: 	CMP	#>Ram_base		; compare with start of program memory
01:D178 B00B            	  4391: 	BCS	LAB_RTST		; branch if not in utility area
                        	  4392: 
                        	  4393: 					; string in utility area, move to string memory
01:D17A 98              	  4394: 	TYA				; copy length to A
01:D17B 2032D1          	  4395: 	JSR	LAB_209C		; copy des_pl/h to des_2l/h and make string space A bytes
                        	  4396: 					; long
01:D17E A6B8            	  4397: 	LDX	ssptr_l		; get string start low byte
01:D180 A4B9            	  4398: 	LDY	ssptr_h		; get string start high byte
01:D182 201FD3          	  4399: 	JSR	LAB_2298		; store string A bytes long from XY to (Sutill)
                        	  4400: 
                        	  4401: ; check for space on descriptor stack then ..
                        	  4402: ; put string address and length on descriptor stack and update stack pointers
                        	  4403: 
                        	  4404: LAB_RTST
01:D185 A665            	  4405: 	LDX	next_s		; get string stack pointer
01:D187 E071            	  4406: 	CPX	#des_sk+$09		; compare with max+1
01:D189 D005            	  4407: 	BNE	LAB_20F8		; branch if space on string stack
                        	  4408: 
                        	  4409: 					; else do string too complex error
01:D18B A21C            	  4410: 	LDX	#$1C			; error code $1C ("String too complex" error)
                        	  4411: LAB_20F5
01:D18D 4C3CC1          	  4412: 	JMP	LAB_XERR		; do error #X, then warm start
                        	  4413: 
                        	  4414: ; put string address and length on descriptor stack and update stack pointers
                        	  4415: 
                        	  4416: LAB_20F8
01:D190 A5AC            	  4417: 	LDA	str_ln		; get string length
01:D192 9500            	  4418: 	STA	PLUS_0,X		; put on string stack
01:D194 A5AD            	  4419: 	LDA	str_pl		; get string pointer low byte
01:D196 9501            	  4420: 	STA	PLUS_1,X		; put on string stack
01:D198 A5AE            	  4421: 	LDA	str_ph		; get string pointer high byte
01:D19A 9502            	  4422: 	STA	PLUS_2,X		; put on string stack
01:D19C A000            	  4423: 	LDY	#$00			; clear Y
01:D19E 86AE            	  4424: 	STX	des_pl		; save string descriptor pointer low byte
01:D1A0 84AF            	  4425: 	STY	des_ph		; save string descriptor pointer high byte (always $00)
01:D1A2 88              	  4426: 	DEY				; Y = $FF
01:D1A3 845F            	  4427: 	STY	Dtypef		; save data type flag, $FF=string
01:D1A5 8666            	  4428: 	STX	last_sl		; save old stack pointer (current top item)
01:D1A7 E8              	  4429: 	INX				; update stack pointer
01:D1A8 E8              	  4430: 	INX				; update stack pointer
01:D1A9 E8              	  4431: 	INX				; update stack pointer
01:D1AA 8665            	  4432: 	STX	next_s		; save new top item value
01:D1AC 60              	  4433: 	RTS
                        	  4434: 
                        	  4435: ; Build descriptor
                        	  4436: ; make space in string memory for string A long
                        	  4437: ; return X=Sutill=ptr low byte, Y=Sutill=ptr high byte
                        	  4438: 
                        	  4439: LAB_2115
01:D1AD 4660            	  4440: 	LSR	Gclctd		; clear garbage collected flag (b7)
                        	  4441: 
                        	  4442: 					; make space for string A long
                        	  4443: LAB_2117
01:D1AF 48              	  4444: 	PHA				; save string length
01:D1B0 49FF            	  4445: 	EOR	#$FF			; complement it
01:D1B2 38              	  4446: 	SEC				; set carry for subtract (twos comp add)
01:D1B3 6581            	  4447: 	ADC	Sstorl		; add bottom of string space low byte (subtract length)
01:D1B5 A482            	  4448: 	LDY	Sstorh		; get bottom of string space high byte
01:D1B7 B001            	  4449: 	BCS	LAB_2122		; skip decrement if no underflow
                        	  4450: 
01:D1B9 88              	  4451: 	DEY				; decrement bottom of string space high byte
                        	  4452: LAB_2122
01:D1BA C480            	  4453: 	CPY	Earryh		; compare with array mem end high byte
01:D1BC 9011            	  4454: 	BCC	LAB_2137		; do out of memory error if less
                        	  4455: 
01:D1BE D004            	  4456: 	BNE	LAB_212C		; if not = skip next test
                        	  4457: 
01:D1C0 C57F            	  4458: 	CMP	Earryl		; compare with array mem end low byte
01:D1C2 900B            	  4459: 	BCC	LAB_2137		; do out of memory error if less
                        	  4460: 
                        	  4461: LAB_212C
01:D1C4 8581            	  4462: 	STA	Sstorl		; save bottom of string space low byte
01:D1C6 8482            	  4463: 	STY	Sstorh		; save bottom of string space high byte
01:D1C8 8583            	  4464: 	STA	Sutill		; save string utility ptr low byte
01:D1CA 8484            	  4465: 	STY	Sutilh		; save string utility ptr high byte
01:D1CC AA              	  4466: 	TAX				; copy low byte to X
01:D1CD 68              	  4467: 	PLA				; get string length back
01:D1CE 60              	  4468: 	RTS
                        	  4469: 
                        	  4470: LAB_2137
01:D1CF A20C            	  4471: 	LDX	#$0C			; error code $0C ("Out of memory" error)
01:D1D1 A560            	  4472: 	LDA	Gclctd		; get garbage collected flag
01:D1D3 30B8            	  4473: 	BMI	LAB_20F5		; if set then do error code X
                        	  4474: 
01:D1D5 20DFD1          	  4475: 	JSR	LAB_GARB		; else go do garbage collection
01:D1D8 A980            	  4476: 	LDA	#$80			; flag for garbage collected
01:D1DA 8560            	  4477: 	STA	Gclctd		; set garbage collected flag
01:D1DC 68              	  4478: 	PLA				; pull length
01:D1DD D0D0            	  4479: 	BNE	LAB_2117		; go try again (loop always, length should never be = $00)
                        	  4480: 
                        	  4481: ; garbage collection routine
                        	  4482: 
                        	  4483: LAB_GARB
01:D1DF A685            	  4484: 	LDX	Ememl			; get end of mem low byte
01:D1E1 A586            	  4485: 	LDA	Ememh			; get end of mem high byte
                        	  4486: 
                        	  4487: ; re-run routine from last ending
                        	  4488: 
                        	  4489: LAB_214B
01:D1E3 8681            	  4490: 	STX	Sstorl		; set string storage low byte
01:D1E5 8582            	  4491: 	STA	Sstorh		; set string storage high byte
01:D1E7 A000            	  4492: 	LDY	#$00			; clear index
01:D1E9 849D            	  4493: 	STY	garb_h		; clear working pointer high byte (flag no strings to move)
01:D1EB A57F            	  4494: 	LDA	Earryl		; get array mem end low byte
01:D1ED A680            	  4495: 	LDX	Earryh		; get array mem end high byte
01:D1EF 85AA            	  4496: 	STA	Histrl		; save as highest string low byte
01:D1F1 86AB            	  4497: 	STX	Histrh		; save as highest string high byte
01:D1F3 A968            	  4498: 	LDA	#des_sk		; set descriptor stack pointer
01:D1F5 8571            	  4499: 	STA	ut1_pl		; save descriptor stack pointer low byte
01:D1F7 8472            	  4500: 	STY	ut1_ph		; save descriptor stack pointer high byte ($00)
                        	  4501: LAB_2161
01:D1F9 C565            	  4502: 	CMP	next_s		; compare with descriptor stack pointer
01:D1FB F005            	  4503: 	BEQ	LAB_216A		; branch if =
                        	  4504: 
01:D1FD 2063D2          	  4505: 	JSR	LAB_21D7		; go garbage collect descriptor stack
01:D200 F0F7            	  4506: 	BEQ	LAB_2161		; loop always
                        	  4507: 
                        	  4508: 					; done stacked strings, now do string vars
                        	  4509: LAB_216A
01:D202 06A0            	  4510: 	ASL	g_step		; set step size = $06
01:D204 A57B            	  4511: 	LDA	Svarl			; get start of vars low byte
01:D206 A67C            	  4512: 	LDX	Svarh			; get start of vars high byte
01:D208 8571            	  4513: 	STA	ut1_pl		; save as pointer low byte
01:D20A 8672            	  4514: 	STX	ut1_ph		; save as pointer high byte
                        	  4515: LAB_2176
01:D20C E47E            	  4516: 	CPX	Sarryh		; compare start of arrays high byte
01:D20E D004            	  4517: 	BNE	LAB_217E		; branch if no high byte match
                        	  4518: 
01:D210 C57D            	  4519: 	CMP	Sarryl		; else compare start of arrays low byte
01:D212 F005            	  4520: 	BEQ	LAB_2183		; branch if = var mem end
                        	  4521: 
                        	  4522: LAB_217E
01:D214 205DD2          	  4523: 	JSR	LAB_21D1		; go garbage collect strings
01:D217 F0F3            	  4524: 	BEQ	LAB_2176		; loop always
                        	  4525: 
                        	  4526: 					; done string vars, now do string arrays
                        	  4527: LAB_2183
01:D219 85A4            	  4528: 	STA	Nbendl		; save start of arrays low byte as working pointer
01:D21B 86A5            	  4529: 	STX	Nbendh		; save start of arrays high byte as working pointer
01:D21D A904            	  4530: 	LDA	#$04			; set step size
01:D21F 85A0            	  4531: 	STA	g_step		; save step size
                        	  4532: LAB_218B
01:D221 A5A4            	  4533: 	LDA	Nbendl		; get pointer low byte
01:D223 A6A5            	  4534: 	LDX	Nbendh		; get pointer high byte
                        	  4535: LAB_218F
01:D225 E480            	  4536: 	CPX	Earryh		; compare with array mem end high byte
01:D227 D004            	  4537: 	BNE	LAB_219A		; branch if not at end
                        	  4538: 
01:D229 C57F            	  4539: 	CMP	Earryl		; else compare with array mem end low byte
01:D22B F075            	  4540: 	BEQ	LAB_2216		; tidy up and exit if at end
                        	  4541: 
                        	  4542: LAB_219A
01:D22D 8571            	  4543: 	STA	ut1_pl		; save pointer low byte
01:D22F 8672            	  4544: 	STX	ut1_ph		; save pointer high byte
01:D231 A002            	  4545: 	LDY	#$02			; set index
01:D233 B171            	  4546: 	LDA	(ut1_pl),Y		; get array size low byte
01:D235 65A4            	  4547: 	ADC	Nbendl		; add start of this array low byte
01:D237 85A4            	  4548: 	STA	Nbendl		; save start of next array low byte
01:D239 C8              	  4549: 	INY				; increment index
01:D23A B171            	  4550: 	LDA	(ut1_pl),Y		; get array size high byte
01:D23C 65A5            	  4551: 	ADC	Nbendh		; add start of this array high byte
01:D23E 85A5            	  4552: 	STA	Nbendh		; save start of next array high byte
01:D240 A001            	  4553: 	LDY	#$01			; set index
01:D242 B171            	  4554: 	LDA	(ut1_pl),Y		; get name second byte
01:D244 10DB            	  4555: 	BPL	LAB_218B		; skip if not string array
                        	  4556: 
                        	  4557: ; was string array so ..
                        	  4558: 
01:D246 A004            	  4559: 	LDY	#$04			; set index
01:D248 B171            	  4560: 	LDA	(ut1_pl),Y		; get # of dimensions
01:D24A 0A              	  4561: 	ASL				; *2
01:D24B 6905            	  4562: 	ADC	#$05			; +5 (array header size)
01:D24D 2095D2          	  4563: 	JSR	LAB_2208		; go set up for first element
                        	  4564: LAB_21C4
01:D250 E4A5            	  4565: 	CPX	Nbendh		; compare with start of next array high byte
01:D252 D004            	  4566: 	BNE	LAB_21CC		; branch if <> (go do this array)
                        	  4567: 
01:D254 C5A4            	  4568: 	CMP	Nbendl		; else compare element pointer low byte with next array
                        	  4569: 					; low byte
01:D256 F0CD            	  4570: 	BEQ	LAB_218F		; if equal then go do next array
                        	  4571: 
                        	  4572: LAB_21CC
01:D258 2063D2          	  4573: 	JSR	LAB_21D7		; go defrag array strings
01:D25B F0F3            	  4574: 	BEQ	LAB_21C4		; go do next array string (loop always)
                        	  4575: 
                        	  4576: ; defrag string variables
                        	  4577: ; enter with XA = variable pointer
                        	  4578: ; return with XA = next variable pointer
                        	  4579: 
                        	  4580: LAB_21D1
01:D25D C8              	  4581: 	INY				; increment index (Y was $00)
01:D25E B171            	  4582: 	LDA	(ut1_pl),Y		; get var name byte 2
01:D260 1030            	  4583: 	BPL	LAB_2206		; if not string, step pointer to next var and return
                        	  4584: 
01:D262 C8              	  4585: 	INY				; else increment index
                        	  4586: LAB_21D7
01:D263 B171            	  4587: 	LDA	(ut1_pl),Y		; get string length
01:D265 F02B            	  4588: 	BEQ	LAB_2206		; if null, step pointer to next string and return
                        	  4589: 
01:D267 C8              	  4590: 	INY				; else increment index
01:D268 B171            	  4591: 	LDA	(ut1_pl),Y		; get string pointer low byte
01:D26A AA              	  4592: 	TAX				; copy to X
01:D26B C8              	  4593: 	INY				; increment index
01:D26C B171            	  4594: 	LDA	(ut1_pl),Y		; get string pointer high byte
01:D26E C582            	  4595: 	CMP	Sstorh		; compare bottom of string space high byte
01:D270 9006            	  4596: 	BCC	LAB_21EC		; branch if less
                        	  4597: 
01:D272 D01E            	  4598: 	BNE	LAB_2206		; if greater, step pointer to next string and return
                        	  4599: 
                        	  4600: 					; high bytes were = so compare low bytes
01:D274 E481            	  4601: 	CPX	Sstorl		; compare bottom of string space low byte
01:D276 B01A            	  4602: 	BCS	LAB_2206		; if >=, step pointer to next string and return
                        	  4603: 
                        	  4604: 					; string pointer is < string storage pointer (pos in mem)
                        	  4605: LAB_21EC
01:D278 C5AB            	  4606: 	CMP	Histrh		; compare to highest string high byte
01:D27A 9017            	  4607: 	BCC	LAB_2207		; if <, step pointer to next string and return
                        	  4608: 
01:D27C D004            	  4609: 	BNE	LAB_21F6		; if > update pointers, step to next and return
                        	  4610: 
                        	  4611: 					; high bytes were = so compare low bytes
01:D27E E4AA            	  4612: 	CPX	Histrl		; compare to highest string low byte
01:D280 9011            	  4613: 	BCC	LAB_2207		; if <, step pointer to next string and return
                        	  4614: 
                        	  4615: 					; string is in string memory space
                        	  4616: LAB_21F6
01:D282 86AA            	  4617: 	STX	Histrl		; save as new highest string low byte
01:D284 85AB            	  4618: 	STA	Histrh		; save as new highest string high byte
01:D286 A571            	  4619: 	LDA	ut1_pl		; get start of vars(descriptors) low byte
01:D288 A672            	  4620: 	LDX	ut1_ph		; get start of vars(descriptors) high byte
01:D28A 859C            	  4621: 	STA	garb_l		; save as working pointer low byte
01:D28C 869D            	  4622: 	STX	garb_h		; save as working pointer high byte
01:D28E 88              	  4623: 	DEY				; decrement index DIFFERS
01:D28F 88              	  4624: 	DEY				; decrement index (should point to descriptor start)
01:D290 84A2            	  4625: 	STY	g_indx		; save index pointer
                        	  4626: 
                        	  4627: 					; step pointer to next string
                        	  4628: LAB_2206
01:D292 18              	  4629: 	CLC				; clear carry for add
                        	  4630: LAB_2207
01:D293 A5A0            	  4631: 	LDA	g_step		; get step size
                        	  4632: LAB_2208
01:D295 6571            	  4633: 	ADC	ut1_pl		; add pointer low byte
01:D297 8571            	  4634: 	STA	ut1_pl		; save pointer low byte
01:D299 9002            	  4635: 	BCC	LAB_2211		; branch if no overflow
                        	  4636: 
01:D29B E672            	  4637: 	INC	ut1_ph		; else increment high byte
                        	  4638: LAB_2211
01:D29D A672            	  4639: 	LDX	ut1_ph		; get pointer high byte
01:D29F A000            	  4640: 	LDY	#$00			; clear Y
01:D2A1 60              	  4641: 	RTS
                        	  4642: 
                        	  4643: ; search complete, now either exit or set-up and move string
                        	  4644: 
                        	  4645: LAB_2216
01:D2A2 C6A0            	  4646: 	DEC	g_step		; decrement step size (now $03 for descriptor stack)
01:D2A4 A69D            	  4647: 	LDX	garb_h		; get string to move high byte
01:D2A6 F0F5            	  4648: 	BEQ	LAB_2211		; exit if nothing to move
                        	  4649: 
01:D2A8 A4A2            	  4650: 	LDY	g_indx		; get index byte back (points to descriptor)
01:D2AA 18              	  4651: 	CLC				; clear carry for add
01:D2AB B19C            	  4652: 	LDA	(garb_l),Y		; get string length
01:D2AD 65AA            	  4653: 	ADC	Histrl		; add highest string low byte
01:D2AF 85A6            	  4654: 	STA	Obendl		; save old block end low pointer
01:D2B1 A5AB            	  4655: 	LDA	Histrh		; get highest string high byte
01:D2B3 6900            	  4656: 	ADC	#$00			; add any carry
01:D2B5 85A7            	  4657: 	STA	Obendh		; save old block end high byte
01:D2B7 A581            	  4658: 	LDA	Sstorl		; get bottom of string space low byte
01:D2B9 A682            	  4659: 	LDX	Sstorh		; get bottom of string space high byte
01:D2BB 85A4            	  4660: 	STA	Nbendl		; save new block end low byte
01:D2BD 86A5            	  4661: 	STX	Nbendh		; save new block end high byte
01:D2BF 20C8C0          	  4662: 	JSR	LAB_11D6		; open up space in memory, don't set array end
01:D2C2 A4A2            	  4663: 	LDY	g_indx		; get index byte
01:D2C4 C8              	  4664: 	INY				; point to descriptor low byte
01:D2C5 A5A4            	  4665: 	LDA	Nbendl		; get string pointer low byte
01:D2C7 919C            	  4666: 	STA	(garb_l),Y		; save new string pointer low byte
01:D2C9 AA              	  4667: 	TAX				; copy string pointer low byte
01:D2CA E6A5            	  4668: 	INC	Nbendh		; correct high byte (move sets high byte -1)
01:D2CC A5A5            	  4669: 	LDA	Nbendh		; get new string pointer high byte
01:D2CE C8              	  4670: 	INY				; point to descriptor high byte
01:D2CF 919C            	  4671: 	STA	(garb_l),Y		; save new string pointer high byte
01:D2D1 4CE3D1          	  4672: 	JMP	LAB_214B		; re-run routine from last ending
                        	  4673: 					; (but don't collect this string)
                        	  4674: 
                        	  4675: ; concatenate
                        	  4676: ; add strings, string 1 is in descriptor des_pl, string 2 is in line
                        	  4677: 
                        	  4678: LAB_224D
01:D2D4 A5AF            	  4679: 	LDA	des_ph		; get descriptor pointer high byte
01:D2D6 48              	  4680: 	PHA				; put on stack
01:D2D7 A5AE            	  4681: 	LDA	des_pl		; get descriptor pointer low byte
01:D2D9 48              	  4682: 	PHA				; put on stack
01:D2DA 20CDCB          	  4683: 	JSR	LAB_GVAL		; get value from line
01:D2DD 20D2CA          	  4684: 	JSR	LAB_CTST		; check if source is string, else do type mismatch
01:D2E0 68              	  4685: 	PLA				; get descriptor pointer low byte back
01:D2E1 85B8            	  4686: 	STA	ssptr_l		; set pointer low byte
01:D2E3 68              	  4687: 	PLA				; get descriptor pointer high byte back
01:D2E4 85B9            	  4688: 	STA	ssptr_h		; set pointer high byte
01:D2E6 A000            	  4689: 	LDY	#$00			; clear index
01:D2E8 B1B8            	  4690: 	LDA	(ssptr_l),Y		; get length_1 from descriptor
01:D2EA 18              	  4691: 	CLC				; clear carry for add
01:D2EB 71AE            	  4692: 	ADC	(des_pl),Y		; add length_2
01:D2ED 9005            	  4693: 	BCC	LAB_226D		; branch if no overflow
                        	  4694: 
01:D2EF A21A            	  4695: 	LDX	#$1A			; else set error code $1A ("String too long" error)
01:D2F1 4C3CC1          	  4696: 	JMP	LAB_XERR		; do error #X, then warm start
                        	  4697: 
                        	  4698: LAB_226D
01:D2F4 2032D1          	  4699: 	JSR	LAB_209C		; copy des_pl/h to des_2l/h and make string space A bytes
                        	  4700: 					; long
01:D2F7 2011D3          	  4701: 	JSR	LAB_228A		; copy string from descriptor (sdescr) to (Sutill)
01:D2FA A59E            	  4702: 	LDA	des_2l		; get descriptor pointer low byte
01:D2FC A49F            	  4703: 	LDY	des_2h		; get descriptor pointer high byte
01:D2FE 2042D3          	  4704: 	JSR	LAB_22BA		; pop (YA) descriptor off stack or from top of string space
                        	  4705: 					; returns with A = length, ut1_pl = pointer low byte,
                        	  4706: 					; ut1_ph = pointer high byte
01:D301 2023D3          	  4707: 	JSR	LAB_229C		; store string A bytes long from (ut1_pl) to (Sutill)
01:D304 A5B8            	  4708: 	LDA	ssptr_l		;.set descriptor pointer low byte
01:D306 A4B9            	  4709: 	LDY	ssptr_h		;.set descriptor pointer high byte
01:D308 2042D3          	  4710: 	JSR	LAB_22BA		; pop (YA) descriptor off stack or from top of string space
                        	  4711: 					; returns with A = length, X=ut1_pl=pointer low byte,
                        	  4712: 					; Y=ut1_ph=pointer high byte
01:D30B 2085D1          	  4713: 	JSR	LAB_RTST		; check for space on descriptor stack then put string
                        	  4714: 					; address and length on descriptor stack and update stack
                        	  4715: 					; pointers
01:D30E 4CF8CA          	  4716: 	JMP	LAB_1ADB		;.continue evaluation
                        	  4717: 
                        	  4718: ; copy string from descriptor (sdescr) to (Sutill)
                        	  4719: 
                        	  4720: LAB_228A
01:D311 A000            	  4721: 	LDY	#$00			; clear index
01:D313 B1B8            	  4722: 	LDA	(sdescr),Y		; get string length
01:D315 48              	  4723: 	PHA				; save on stack
01:D316 C8              	  4724: 	INY				; increment index
01:D317 B1B8            	  4725: 	LDA	(sdescr),Y		; get source string pointer low byte
01:D319 AA              	  4726: 	TAX				; copy to X
01:D31A C8              	  4727: 	INY				; increment index
01:D31B B1B8            	  4728: 	LDA	(sdescr),Y		; get source string pointer high byte
01:D31D A8              	  4729: 	TAY				; copy to Y
01:D31E 68              	  4730: 	PLA				; get length back
                        	  4731: 
                        	  4732: ; store string A bytes long from YX to (Sutill)
                        	  4733: 
                        	  4734: LAB_2298
01:D31F 8671            	  4735: 	STX	ut1_pl		; save source string pointer low byte
01:D321 8472            	  4736: 	STY	ut1_ph		; save source string pointer high byte
                        	  4737: 
                        	  4738: ; store string A bytes long from (ut1_pl) to (Sutill)
                        	  4739: 
                        	  4740: LAB_229C
01:D323 AA              	  4741: 	TAX				; copy length to index (don't count with Y)
01:D324 F014            	  4742: 	BEQ	LAB_22B2		; branch if = $0 (null string) no need to add zero length
                        	  4743: 
01:D326 A000            	  4744: 	LDY	#$00			; zero pointer (copy forward)
                        	  4745: LAB_22A0
01:D328 B171            	  4746: 	LDA	(ut1_pl),Y		; get source byte
01:D32A 9183            	  4747: 	STA	(Sutill),Y		; save destination byte
                        	  4748: 
01:D32C C8              	  4749: 	INY				; increment index
01:D32D CA              	  4750: 	DEX				; decrement counter
01:D32E D0F8            	  4751: 	BNE	LAB_22A0		; loop while <> 0
                        	  4752: 
01:D330 98              	  4753: 	TYA				; restore length from Y
                        	  4754: LAB_22A9
01:D331 18              	  4755: 	CLC				; clear carry for add
01:D332 6583            	  4756: 	ADC	Sutill		; add string utility ptr low byte
01:D334 8583            	  4757: 	STA	Sutill		; save string utility ptr low byte
01:D336 9002            	  4758: 	BCC	LAB_22B2		; branch if no carry
                        	  4759: 
01:D338 E684            	  4760: 	INC	Sutilh		; else increment string utility ptr high byte
                        	  4761: LAB_22B2
01:D33A 60              	  4762: 	RTS
                        	  4763: 
                        	  4764: ; evaluate string
                        	  4765: 
                        	  4766: LAB_EVST
01:D33B 20D2CA          	  4767: 	JSR	LAB_CTST		; check if source is string, else do type mismatch
                        	  4768: 
                        	  4769: ; pop string off descriptor stack, or from top of string space
                        	  4770: ; returns with A = length, X=pointer low byte, Y=pointer high byte
                        	  4771: 
                        	  4772: LAB_22B6
01:D33E A5AE            	  4773: 	LDA	des_pl		; get descriptor pointer low byte
01:D340 A4AF            	  4774: 	LDY	des_ph		; get descriptor pointer high byte
                        	  4775: 
                        	  4776: ; pop (YA) descriptor off stack or from top of string space
                        	  4777: ; returns with A = length, X=ut1_pl=pointer low byte, Y=ut1_ph=pointer high byte
                        	  4778: 
                        	  4779: LAB_22BA
01:D342 8571            	  4780: 	STA	ut1_pl		; save descriptor pointer low byte
01:D344 8472            	  4781: 	STY	ut1_ph		; save descriptor pointer high byte
01:D346 2073D3          	  4782: 	JSR	LAB_22EB		; clean descriptor stack, YA = pointer
01:D349 08              	  4783: 	PHP				; save status flags
01:D34A A000            	  4784: 	LDY	#$00			; clear index
01:D34C B171            	  4785: 	LDA	(ut1_pl),Y		; get length from string descriptor
01:D34E 48              	  4786: 	PHA				; put on stack
01:D34F C8              	  4787: 	INY				; increment index
01:D350 B171            	  4788: 	LDA	(ut1_pl),Y		; get string pointer low byte from descriptor
01:D352 AA              	  4789: 	TAX				; copy to X
01:D353 C8              	  4790: 	INY				; increment index
01:D354 B171            	  4791: 	LDA	(ut1_pl),Y		; get string pointer high byte from descriptor
01:D356 A8              	  4792: 	TAY				; copy to Y
01:D357 68              	  4793: 	PLA				; get string length back
01:D358 28              	  4794: 	PLP				; restore status
01:D359 D013            	  4795: 	BNE	LAB_22E6		; branch if pointer <> last_sl,last_sh
                        	  4796: 
01:D35B C482            	  4797: 	CPY	Sstorh		; compare bottom of string space high byte
01:D35D D00F            	  4798: 	BNE	LAB_22E6		; branch if <>
                        	  4799: 
01:D35F E481            	  4800: 	CPX	Sstorl		; else compare bottom of string space low byte
01:D361 D00B            	  4801: 	BNE	LAB_22E6		; branch if <>
                        	  4802: 
01:D363 48              	  4803: 	PHA				; save string length
01:D364 18              	  4804: 	CLC				; clear carry for add
01:D365 6581            	  4805: 	ADC	Sstorl		; add bottom of string space low byte
01:D367 8581            	  4806: 	STA	Sstorl		; save bottom of string space low byte
01:D369 9002            	  4807: 	BCC	LAB_22E5		; skip increment if no overflow
                        	  4808: 
01:D36B E682            	  4809: 	INC	Sstorh		; increment bottom of string space high byte
                        	  4810: LAB_22E5
01:D36D 68              	  4811: 	PLA				; restore string length
                        	  4812: LAB_22E6
01:D36E 8671            	  4813: 	STX	ut1_pl		; save string pointer low byte
01:D370 8472            	  4814: 	STY	ut1_ph		; save string pointer high byte
01:D372 60              	  4815: 	RTS
                        	  4816: 
                        	  4817: ; clean descriptor stack, YA = pointer
                        	  4818: ; checks if AY is on the descriptor stack, if so does a stack discard
                        	  4819: 
                        	  4820: LAB_22EB
01:D373 C467            	  4821: 	CPY	last_sh		; compare pointer high byte
01:D375 D00C            	  4822: 	BNE	LAB_22FB		; exit if <>
                        	  4823: 
01:D377 C566            	  4824: 	CMP	last_sl		; compare pointer low byte
01:D379 D008            	  4825: 	BNE	LAB_22FB		; exit if <>
                        	  4826: 
01:D37B 8565            	  4827: 	STA	next_s		; save descriptor stack pointer
01:D37D E903            	  4828: 	SBC	#$03			; -3
01:D37F 8566            	  4829: 	STA	last_sl		; save low byte -3
01:D381 A000            	  4830: 	LDY	#$00			; clear high byte
                        	  4831: LAB_22FB
01:D383 60              	  4832: 	RTS
                        	  4833: 
                        	  4834: ; perform CHR$()
                        	  4835: 
                        	  4836: LAB_CHRS
01:D384 208FD4          	  4837: 	JSR	LAB_EVBY		; evaluate byte expression, result in X
01:D387 8A              	  4838: 	TXA				; copy to A
01:D388 48              	  4839: 	PHA				; save character
01:D389 A901            	  4840: 	LDA	#$01			; string is single byte
01:D38B 203AD1          	  4841: 	JSR	LAB_MSSP		; make string space A bytes long A=$AC=length,
                        	  4842: 					; X=$AD=Sutill=ptr low byte, Y=$AE=Sutilh=ptr high byte
01:D38E 68              	  4843: 	PLA				; get character back
01:D38F A000            	  4844: 	LDY	#$00			; clear index
01:D391 91AD            	  4845: 	STA	(str_pl),Y		; save byte in string (byte IS string!)
01:D393 4C85D1          	  4846: 	JMP	LAB_RTST		; check for space on descriptor stack then put string
                        	  4847: 					; address and length on descriptor stack and update stack
                        	  4848: 					; pointers
                        	  4849: 
                        	  4850: ; perform LEFT$()
                        	  4851: 
                        	  4852: LAB_LEFT
01:D396 48              	  4853: 	PHA				; push byte parameter
01:D397 20F7D3          	  4854: 	JSR	LAB_236F		; pull string data and byte parameter from stack
                        	  4855: 					; return pointer in des_2l/h, byte in A (and X), Y=0
01:D39A D19E            	  4856: 	CMP	(des_2l),Y		; compare byte parameter with string length
01:D39C 98              	  4857: 	TYA				; clear A
01:D39D F009            	  4858: 	BEQ	LAB_2316		; go do string copy (branch always)
                        	  4859: 
                        	  4860: ; perform RIGHT$()
                        	  4861: 
                        	  4862: LAB_RIGHT
01:D39F 48              	  4863: 	PHA				; push byte parameter
01:D3A0 20F7D3          	  4864: 	JSR	LAB_236F		; pull string data and byte parameter from stack
                        	  4865: 					; return pointer in des_2l/h, byte in A (and X), Y=0
01:D3A3 18              	  4866: 	CLC				; clear carry for add-1
01:D3A4 F19E            	  4867: 	SBC	(des_2l),Y		; subtract string length
01:D3A6 49FF            	  4868: 	EOR	#$FF			; invert it (A=LEN(expression$)-l)
                        	  4869: 
                        	  4870: LAB_2316
01:D3A8 9004            	  4871: 	BCC	LAB_231C		; branch if string length > byte parameter
                        	  4872: 
01:D3AA B19E            	  4873: 	LDA	(des_2l),Y		; else make parameter = length
01:D3AC AA              	  4874: 	TAX				; copy to byte parameter copy
01:D3AD 98              	  4875: 	TYA				; clear string start offset
                        	  4876: LAB_231C
01:D3AE 48              	  4877: 	PHA				; save string start offset
                        	  4878: LAB_231D
01:D3AF 8A              	  4879: 	TXA				; copy byte parameter (or string length if <)
                        	  4880: LAB_231E
01:D3B0 48              	  4881: 	PHA				; save string length
01:D3B1 203AD1          	  4882: 	JSR	LAB_MSSP		; make string space A bytes long A=$AC=length,
                        	  4883: 					; X=$AD=Sutill=ptr low byte, Y=$AE=Sutilh=ptr high byte
01:D3B4 A59E            	  4884: 	LDA	des_2l		; get descriptor pointer low byte
01:D3B6 A49F            	  4885: 	LDY	des_2h		; get descriptor pointer high byte
01:D3B8 2042D3          	  4886: 	JSR	LAB_22BA		; pop (YA) descriptor off stack or from top of string space
                        	  4887: 					; returns with A = length, X=ut1_pl=pointer low byte,
                        	  4888: 					; Y=ut1_ph=pointer high byte
01:D3BB 68              	  4889: 	PLA				; get string length back
01:D3BC A8              	  4890: 	TAY				; copy length to Y
01:D3BD 68              	  4891: 	PLA				; get string start offset back
01:D3BE 18              	  4892: 	CLC				; clear carry for add
01:D3BF 6571            	  4893: 	ADC	ut1_pl		; add start offset to string start pointer low byte
01:D3C1 8571            	  4894: 	STA	ut1_pl		; save string start pointer low byte
01:D3C3 9002            	  4895: 	BCC	LAB_2335		; branch if no overflow
                        	  4896: 
01:D3C5 E672            	  4897: 	INC	ut1_ph		; else increment string start pointer high byte
                        	  4898: LAB_2335
01:D3C7 98              	  4899: 	TYA				; copy length to A
01:D3C8 2023D3          	  4900: 	JSR	LAB_229C		; store string A bytes long from (ut1_pl) to (Sutill)
01:D3CB 4C85D1          	  4901: 	JMP	LAB_RTST		; check for space on descriptor stack then put string
                        	  4902: 					; address and length on descriptor stack and update stack
                        	  4903: 					; pointers
                        	  4904: 
                        	  4905: ; perform MID$()
                        	  4906: 
                        	  4907: LAB_MIDS
01:D3CE 48              	  4908: 	PHA				; push byte parameter
01:D3CF A9FF            	  4909: 	LDA	#$FF			; set default length = 255
01:D3D1 85AF            	  4910: 	STA	mids_l		; save default length
01:D3D3 20C200          	  4911: 	JSR	LAB_GBYT		; scan memory
01:D3D6 C929            	  4912: 	CMP	#')'			; compare with ")"
01:D3D8 F006            	  4913: 	BEQ	LAB_2358		; branch if = ")" (skip second byte get)
                        	  4914: 
01:D3DA 20FECB          	  4915: 	JSR	LAB_1C01		; scan for "," , else do syntax error then warm start
01:D3DD 208CD4          	  4916: 	JSR	LAB_GTBY		; get byte parameter (use copy in mids_l)
                        	  4917: LAB_2358
01:D3E0 20F7D3          	  4918: 	JSR	LAB_236F		; pull string data and byte parameter from stack
                        	  4919: 					; return pointer in des_2l/h, byte in A (and X), Y=0
01:D3E3 CA              	  4920: 	DEX				; decrement start index
01:D3E4 8A              	  4921: 	TXA				; copy to A
01:D3E5 48              	  4922: 	PHA				; save string start offset
01:D3E6 18              	  4923: 	CLC				; clear carry for sub-1
01:D3E7 A200            	  4924: 	LDX	#$00			; clear output string length
01:D3E9 F19E            	  4925: 	SBC	(des_2l),Y		; subtract string length
01:D3EB B0C2            	  4926: 	BCS	LAB_231D		; if start>string length go do null string
                        	  4927: 
01:D3ED 49FF            	  4928: 	EOR	#$FF			; complement -length
01:D3EF C5AF            	  4929: 	CMP	mids_l		; compare byte parameter
01:D3F1 90BD            	  4930: 	BCC	LAB_231E		; if length>remaining string go do RIGHT$
                        	  4931: 
01:D3F3 A5AF            	  4932: 	LDA	mids_l		; get length byte
01:D3F5 B0B9            	  4933: 	BCS	LAB_231E		; go do string copy (branch always)
                        	  4934: 
                        	  4935: ; pull string data and byte parameter from stack
                        	  4936: ; return pointer in des_2l/h, byte in A (and X), Y=0
                        	  4937: 
                        	  4938: LAB_236F
01:D3F7 20EFCB          	  4939: 	JSR	LAB_1BFB		; scan for ")" , else do syntax error then warm start
01:D3FA 68              	  4940: 	PLA				; pull return address low byte (return address)
01:D3FB 85A2            	  4941: 	STA	Fnxjpl		; save functions jump vector low byte
01:D3FD 68              	  4942: 	PLA				; pull return address high byte (return address)
01:D3FE 85A3            	  4943: 	STA	Fnxjph		; save functions jump vector high byte
01:D400 68              	  4944: 	PLA				; pull byte parameter
01:D401 AA              	  4945: 	TAX				; copy byte parameter to X
01:D402 68              	  4946: 	PLA				; pull string pointer low byte
01:D403 859E            	  4947: 	STA	des_2l		; save it
01:D405 68              	  4948: 	PLA				; pull string pointer high byte
01:D406 859F            	  4949: 	STA	des_2h		; save it
01:D408 A000            	  4950: 	LDY	#$00			; clear index
01:D40A 8A              	  4951: 	TXA				; copy byte parameter
01:D40B F079            	  4952: 	BEQ	LAB_23A8		; if null do function call error then warm start
                        	  4953: 
01:D40D E6A2            	  4954: 	INC	Fnxjpl		; increment function jump vector low byte
                        	  4955: 					; (JSR pushes return addr-1. this is all very nice
                        	  4956: 					; but will go tits up if either call is on a page
                        	  4957: 					; boundary!)
01:D40F 6CA200          	  4958: 	JMP	(Fnxjpl)		; in effect, RTS
                        	  4959: 
                        	  4960: ; perform LCASE$()
                        	  4961: 
                        	  4962: LAB_LCASE
01:D412 203BD3          	  4963: 	JSR	LAB_EVST		; evaluate string
01:D415 85AC            	  4964: 	STA	str_ln		; set string length
01:D417 A8              	  4965: 	TAY				; copy length to Y
01:D418 F038            	  4966: 	BEQ	NoString		; branch if null string
                        	  4967: 
01:D41A 203AD1          	  4968: 	JSR	LAB_MSSP		; make string space A bytes long A=length,
                        	  4969: 					; X=Sutill=ptr low byte, Y=Sutilh=ptr high byte
01:D41D 86AD            	  4970: 	STX	str_pl		; save string pointer low byte
01:D41F 84AE            	  4971: 	STY	str_ph		; save string pointer high byte
01:D421 A8              	  4972: 	TAY				; get string length back
                        	  4973: 
                        	  4974: LC_loop
01:D422 88              	  4975: 	DEY				; decrement index
01:D423 B171            	  4976: 	LDA	(ut1_pl),Y		; get byte from string
01:D425 2022CE          	  4977: 	JSR	LAB_1D82		; is character "A" to "Z"
01:D428 9002            	  4978: 	BCC	NoUcase		; branch if not upper case alpha
                        	  4979: 
01:D42A 0920            	  4980: 	ORA	#$20			; convert upper to lower case
                        	  4981: NoUcase
01:D42C 9183            	  4982: 	STA	(Sutill),Y		; save byte back to string
01:D42E 98              	  4983: 	TYA				; test index
01:D42F D0F1            	  4984: 	BNE	LC_loop		; loop if not all done
                        	  4985: 
01:D431 F01F            	  4986: 	BEQ	NoString		; tidy up and exit, branch always
                        	  4987: 
                        	  4988: ; perform UCASE$()
                        	  4989: 
                        	  4990: LAB_UCASE
01:D433 203BD3          	  4991: 	JSR	LAB_EVST		; evaluate string
01:D436 85AC            	  4992: 	STA	str_ln		; set string length
01:D438 A8              	  4993: 	TAY				; copy length to Y
01:D439 F017            	  4994: 	BEQ	NoString		; branch if null string
                        	  4995: 
01:D43B 203AD1          	  4996: 	JSR	LAB_MSSP		; make string space A bytes long A=length,
                        	  4997: 					; X=Sutill=ptr low byte, Y=Sutilh=ptr high byte
01:D43E 86AD            	  4998: 	STX	str_pl		; save string pointer low byte
01:D440 84AE            	  4999: 	STY	str_ph		; save string pointer high byte
01:D442 A8              	  5000: 	TAY				; get string length back
                        	  5001: 
                        	  5002: UC_loop
01:D443 88              	  5003: 	DEY				; decrement index
01:D444 B171            	  5004: 	LDA	(ut1_pl),Y		; get byte from string
01:D446 201ECE          	  5005: 	JSR	LAB_CASC		; is character "a" to "z" (or "A" to "Z")
01:D449 9002            	  5006: 	BCC	NoLcase		; branch if not alpha
                        	  5007: 
01:D44B 29DF            	  5008: 	AND	#$DF			; convert lower to upper case
                        	  5009: NoLcase
01:D44D 9183            	  5010: 	STA	(Sutill),Y		; save byte back to string
01:D44F 98              	  5011: 	TYA				; test index
01:D450 D0F1            	  5012: 	BNE	UC_loop		; loop if not all done
                        	  5013: 
                        	  5014: NoString
01:D452 4C85D1          	  5015: 	JMP	LAB_RTST		; check for space on descriptor stack then put string
                        	  5016: 					; address and length on descriptor stack and update stack
                        	  5017: 					; pointers
                        	  5018: 
                        	  5019: ; perform SADD()
                        	  5020: 
                        	  5021: LAB_SADD
01:D455 20BC00          	  5022: 	JSR	LAB_IGBY		; increment and scan memory
01:D458 20AACD          	  5023: 	JSR	LAB_GVAR		; get var address
                        	  5024: 
01:D45B 20EFCB          	  5025: 	JSR	LAB_1BFB		; scan for ")", else do syntax error then warm start
01:D45E 20D2CA          	  5026: 	JSR	LAB_CTST		; check if source is string, else do type mismatch
                        	  5027: 
01:D461 A002            	  5028: 	LDY	#$02			; index to string pointer high byte
01:D463 B195            	  5029: 	LDA	(Cvaral),Y		; get string pointer high byte
01:D465 AA              	  5030: 	TAX				; copy string pointer high byte to X
01:D466 88              	  5031: 	DEY				; index to string pointer low byte
01:D467 B195            	  5032: 	LDA	(Cvaral),Y		; get string pointer low byte
01:D469 A8              	  5033: 	TAY				; copy string pointer low byte to Y
01:D46A 8A              	  5034: 	TXA				; copy string pointer high byte to A
01:D46B 4C59D0          	  5035: 	JMP	LAB_AYFC		; save and convert integer AY to FAC1 and return
                        	  5036: 
                        	  5037: ; perform LEN()
                        	  5038: 
                        	  5039: LAB_LENS
01:D46E 2074D4          	  5040: 	JSR	LAB_ESGL		; evaluate string, get length in A (and Y)
01:D471 4C66D0          	  5041: 	JMP	LAB_1FD0		; convert Y to byte in FAC1 and return
                        	  5042: 
                        	  5043: ; evaluate string, get length in Y
                        	  5044: 
                        	  5045: LAB_ESGL
01:D474 203BD3          	  5046: 	JSR	LAB_EVST		; evaluate string
01:D477 A8              	  5047: 	TAY				; copy length to Y
01:D478 60              	  5048: 	RTS
                        	  5049: 
                        	  5050: ; perform ASC()
                        	  5051: 
                        	  5052: LAB_ASC
01:D479 2074D4          	  5053: 	JSR	LAB_ESGL		; evaluate string, get length in A (and Y)
01:D47C F008            	  5054: 	BEQ	LAB_23A8		; if null do function call error then warm start
                        	  5055: 
01:D47E A000            	  5056: 	LDY	#$00			; set index to first character
01:D480 B171            	  5057: 	LDA	(ut1_pl),Y		; get byte
01:D482 A8              	  5058: 	TAY				; copy to Y
01:D483 4C66D0          	  5059: 	JMP	LAB_1FD0		; convert Y to byte in FAC1 and return
                        	  5060: 
                        	  5061: ; do function call error then warm start
                        	  5062: 
                        	  5063: LAB_23A8
01:D486 4C29CF          	  5064: 	JMP	LAB_FCER		; do function call error then warm start
                        	  5065: 
                        	  5066: ; scan and get byte parameter
                        	  5067: 
                        	  5068: LAB_SGBY
01:D489 20BC00          	  5069: 	JSR	LAB_IGBY		; increment and scan memory
                        	  5070: 
                        	  5071: ; get byte parameter
                        	  5072: 
                        	  5073: LAB_GTBY
01:D48C 20CDCA          	  5074: 	JSR	LAB_EVNM		; evaluate expression and check is numeric,
                        	  5075: 					; else do type mismatch
                        	  5076: 
                        	  5077: ; evaluate byte expression, result in X
                        	  5078: 
                        	  5079: LAB_EVBY
01:D48F 20A2CE          	  5080: 	JSR	LAB_EVPI		; evaluate integer expression (no check)
                        	  5081: 
01:D492 A4AE            	  5082: 	LDY	FAC1_2		; get FAC1 mantissa2
01:D494 D0F0            	  5083: 	BNE	LAB_23A8		; if top byte <> 0 do function call error then warm start
                        	  5084: 
01:D496 A6AF            	  5085: 	LDX	FAC1_3		; get FAC1 mantissa3
01:D498 4CC200          	  5086: 	JMP	LAB_GBYT		; scan memory and return
                        	  5087: 
                        	  5088: ; perform VAL()
                        	  5089: 
                        	  5090: LAB_VAL
01:D49B 2074D4          	  5091: 	JSR	LAB_ESGL		; evaluate string, get length in A (and Y)
01:D49E D003            	  5092: 	BNE	LAB_23C5		; branch if not null string
                        	  5093: 
                        	  5094: 					; string was null so set result = $00
01:D4A0 4C50D6          	  5095: 	JMP	LAB_24F1		; clear FAC1 exponent and sign and return
                        	  5096: 
                        	  5097: LAB_23C5
01:D4A3 A6C3            	  5098: 	LDX	Bpntrl		; get BASIC execute pointer low byte
01:D4A5 A4C4            	  5099: 	LDY	Bpntrh		; get BASIC execute pointer high byte
01:D4A7 86BA            	  5100: 	STX	Btmpl			; save BASIC execute pointer low byte
01:D4A9 84BB            	  5101: 	STY	Btmph			; save BASIC execute pointer high byte
01:D4AB A671            	  5102: 	LDX	ut1_pl		; get string pointer low byte
01:D4AD 86C3            	  5103: 	STX	Bpntrl		; save as BASIC execute pointer low byte
01:D4AF 18              	  5104: 	CLC				; clear carry
01:D4B0 6571            	  5105: 	ADC	ut1_pl		; add string length
01:D4B2 8573            	  5106: 	STA	ut2_pl		; save string end low byte
01:D4B4 A572            	  5107: 	LDA	ut1_ph		; get string pointer high byte
01:D4B6 85C4            	  5108: 	STA	Bpntrh		; save as BASIC execute pointer high byte
01:D4B8 6900            	  5109: 	ADC	#$00			; add carry to high byte
01:D4BA 8574            	  5110: 	STA	ut2_ph		; save string end high byte
01:D4BC A000            	  5111: 	LDY	#$00			; set index to $00
01:D4BE B173            	  5112: 	LDA	(ut2_pl),Y		; get string end +1 byte
01:D4C0 48              	  5113: 	PHA				; push it
01:D4C1 98              	  5114: 	TYA				; clear A
01:D4C2 9173            	  5115: 	STA	(ut2_pl),Y		; terminate string with $00
01:D4C4 20C200          	  5116: 	JSR	LAB_GBYT		; scan memory
01:D4C7 20A6D9          	  5117: 	JSR	LAB_2887		; get FAC1 from string
01:D4CA 68              	  5118: 	PLA				; restore string end +1 byte
01:D4CB A000            	  5119: 	LDY	#$00			; set index to zero
01:D4CD 9173            	  5120: 	STA	(ut2_pl),Y		; put string end byte back
                        	  5121: 
                        	  5122: ; restore BASIC execute pointer from temp (Btmpl/Btmph)
                        	  5123: 
                        	  5124: LAB_23F3
01:D4CF A6BA            	  5125: 	LDX	Btmpl			; get BASIC execute pointer low byte back
01:D4D1 A4BB            	  5126: 	LDY	Btmph			; get BASIC execute pointer high byte back
01:D4D3 86C3            	  5127: 	STX	Bpntrl		; save BASIC execute pointer low byte
01:D4D5 84C4            	  5128: 	STY	Bpntrh		; save BASIC execute pointer high byte
01:D4D7 60              	  5129: 	RTS
                        	  5130: 
                        	  5131: ; get two parameters for POKE or WAIT
                        	  5132: 
                        	  5133: LAB_GADB
01:D4D8 20CDCA          	  5134: 	JSR	LAB_EVNM		; evaluate expression and check is numeric,
                        	  5135: 					; else do type mismatch
01:D4DB 20F1D4          	  5136: 	JSR	LAB_F2FX		; save integer part of FAC1 in temporary integer
                        	  5137: 
                        	  5138: ; scan for "," and get byte, else do Syntax error then warm start
                        	  5139: 
                        	  5140: LAB_SCGB
01:D4DE 20FECB          	  5141: 	JSR	LAB_1C01		; scan for "," , else do syntax error then warm start
01:D4E1 A512            	  5142: 	LDA	Itemph		; save temporary integer high byte
01:D4E3 48              	  5143: 	PHA				; on stack
01:D4E4 A511            	  5144: 	LDA	Itempl		; save temporary integer low byte
01:D4E6 48              	  5145: 	PHA				; on stack
01:D4E7 208CD4          	  5146: 	JSR	LAB_GTBY		; get byte parameter
01:D4EA 68              	  5147: 	PLA				; pull low byte
01:D4EB 8511            	  5148: 	STA	Itempl		; restore temporary integer low byte
01:D4ED 68              	  5149: 	PLA				; pull high byte
01:D4EE 8512            	  5150: 	STA	Itemph		; restore temporary integer high byte
01:D4F0 60              	  5151: 	RTS
                        	  5152: 
                        	  5153: ; convert float to fixed routine. accepts any value that fits in 24 bits, +ve or
                        	  5154: ; -ve and converts it into a right truncated integer in Itempl and Itemph
                        	  5155: 
                        	  5156: ; save unsigned 16 bit integer part of FAC1 in temporary integer
                        	  5157: 
                        	  5158: LAB_F2FX
01:D4F1 A5AC            	  5159: 	LDA	FAC1_e		; get FAC1 exponent
01:D4F3 C998            	  5160: 	CMP	#$98			; compare with exponent = 2^24
01:D4F5 B08F            	  5161: 	BCS	LAB_23A8		; if >= do function call error then warm start
                        	  5162: 
                        	  5163: LAB_F2FU
01:D4F7 2050D9          	  5164: 	JSR	LAB_2831		; convert FAC1 floating-to-fixed
01:D4FA A5AE            	  5165: 	LDA	FAC1_2		; get FAC1 mantissa2
01:D4FC A4AF            	  5166: 	LDY	FAC1_3		; get FAC1 mantissa3
01:D4FE 8411            	  5167: 	STY	Itempl		; save temporary integer low byte
01:D500 8512            	  5168: 	STA	Itemph		; save temporary integer high byte
01:D502 60              	  5169: 	RTS
                        	  5170: 
                        	  5171: ; perform PEEK()
                        	  5172: 
                        	  5173: LAB_PEEK
01:D503 20F1D4          	  5174: 	JSR	LAB_F2FX		; save integer part of FAC1 in temporary integer
01:D506 A200            	  5175: 	LDX	#$00			; clear index
01:D508 A111            	  5176: 	LDA	(Itempl,X)		; get byte via temporary integer (addr)
01:D50A A8              	  5177: 	TAY				; copy byte to Y
01:D50B 4C66D0          	  5178: 	JMP	LAB_1FD0		; convert Y to byte in FAC1 and return
                        	  5179: 
                        	  5180: ; perform POKE
                        	  5181: 
                        	  5182: LAB_POKE
01:D50E 20D8D4          	  5183: 	JSR	LAB_GADB		; get two parameters for POKE or WAIT
01:D511 8A              	  5184: 	TXA				; copy byte argument to A
01:D512 A200            	  5185: 	LDX	#$00			; clear index
01:D514 8111            	  5186: 	STA	(Itempl,X)		; save byte via temporary integer (addr)
01:D516 60              	  5187: 	RTS
                        	  5188: 
                        	  5189: ; perform DEEK()
                        	  5190: 
                        	  5191: LAB_DEEK
01:D517 20F1D4          	  5192: 	JSR	LAB_F2FX		; save integer part of FAC1 in temporary integer
01:D51A A200            	  5193: 	LDX	#$00			; clear index
01:D51C A111            	  5194: 	LDA	(Itempl,X)		; PEEK low byte
01:D51E A8              	  5195: 	TAY				; copy to Y
01:D51F E611            	  5196: 	INC	Itempl		; increment pointer low byte
01:D521 D002            	  5197: 	BNE	Deekh			; skip high increment if no rollover
                        	  5198: 
01:D523 E612            	  5199: 	INC	Itemph		; increment pointer high byte
                        	  5200: Deekh
01:D525 A111            	  5201: 	LDA	(Itempl,X)		; PEEK high byte
01:D527 4C59D0          	  5202: 	JMP	LAB_AYFC		; save and convert integer AY to FAC1 and return
                        	  5203: 
                        	  5204: ; perform DOKE
                        	  5205: 
                        	  5206: LAB_DOKE
01:D52A 20CDCA          	  5207: 	JSR	LAB_EVNM		; evaluate expression and check is numeric,
                        	  5208: 					; else do type mismatch
01:D52D 20F1D4          	  5209: 	JSR	LAB_F2FX		; convert floating-to-fixed
                        	  5210: 
01:D530 8497            	  5211: 	STY	Frnxtl		; save pointer low byte (float to fixed returns word in AY)
01:D532 8598            	  5212: 	STA	Frnxth		; save pointer high byte
                        	  5213: 
01:D534 20FECB          	  5214: 	JSR	LAB_1C01		; scan for "," , else do syntax error then warm start
01:D537 20CDCA          	  5215: 	JSR	LAB_EVNM		; evaluate expression and check is numeric,
                        	  5216: 					; else do type mismatch
01:D53A 20F1D4          	  5217: 	JSR	LAB_F2FX		; convert floating-to-fixed
                        	  5218: 
01:D53D 98              	  5219: 	TYA				; copy value low byte (float to fixed returns word in AY)
01:D53E A200            	  5220: 	LDX	#$00			; clear index
01:D540 8197            	  5221: 	STA	(Frnxtl,X)		; POKE low byte
01:D542 E697            	  5222: 	INC	Frnxtl		; increment pointer low byte
01:D544 D002            	  5223: 	BNE	Dokeh			; skip high increment if no rollover
                        	  5224: 
01:D546 E698            	  5225: 	INC	Frnxth		; increment pointer high byte
                        	  5226: Dokeh
01:D548 A512            	  5227: 	LDA	Itemph		; get value high byte
01:D54A 8197            	  5228: 	STA	(Frnxtl,X)		; POKE high byte
01:D54C 4CC200          	  5229: 	JMP	LAB_GBYT		; scan memory and return
                        	  5230: 
                        	  5231: ; perform SWAP
                        	  5232: 
                        	  5233: LAB_SWAP
01:D54F 20AACD          	  5234: 	JSR	LAB_GVAR		; get var1 address
01:D552 8597            	  5235: 	STA	Lvarpl		; save var1 address low byte
01:D554 8498            	  5236: 	STY	Lvarph		; save var1 address high byte
01:D556 A55F            	  5237: 	LDA	Dtypef		; get data type flag, $FF=string, $00=numeric
01:D558 48              	  5238: 	PHA				; save data type flag
                        	  5239: 
01:D559 20FECB          	  5240: 	JSR	LAB_1C01		; scan for "," , else do syntax error then warm start
01:D55C 20AACD          	  5241: 	JSR	LAB_GVAR		; get var2 address (pointer in Cvaral/h)
01:D55F 68              	  5242: 	PLA				; pull var1 data type flag
01:D560 455F            	  5243: 	EOR	Dtypef		; compare with var2 data type
01:D562 1010            	  5244: 	BPL	SwapErr		; exit if not both the same type
                        	  5245: 
01:D564 A003            	  5246: 	LDY	#$03			; four bytes to swap (either value or descriptor+1)
                        	  5247: SwapLp
01:D566 B197            	  5248: 	LDA	(Lvarpl),Y		; get byte from var1
01:D568 AA              	  5249: 	TAX				; save var1 byte
01:D569 B195            	  5250: 	LDA	(Cvaral),Y		; get byte from var2
01:D56B 9197            	  5251: 	STA	(Lvarpl),Y		; save byte to var1
01:D56D 8A              	  5252: 	TXA				; restore var1 byte
01:D56E 9195            	  5253: 	STA	(Cvaral),Y		; save byte to var2
01:D570 88              	  5254: 	DEY				; decrement index
01:D571 10F3            	  5255: 	BPL	SwapLp		; loop until done
                        	  5256: 
01:D573 60              	  5257: 	RTS
                        	  5258: 
                        	  5259: SwapErr
01:D574 4CDCCA          	  5260: 	JMP	LAB_1ABC		; do "Type mismatch" error then warm start
                        	  5261: 
                        	  5262: ; perform CALL
                        	  5263: 
                        	  5264: LAB_CALL
01:D577 20CDCA          	  5265: 	JSR	LAB_EVNM		; evaluate expression and check is numeric,
                        	  5266: 					; else do type mismatch
01:D57A 20F1D4          	  5267: 	JSR	LAB_F2FX		; convert floating-to-fixed
01:D57D A9D5            	  5268: 	LDA	#>CallExit		; set return address high byte
01:D57F 48              	  5269: 	PHA				; put on stack
01:D580 A985            	  5270: 	LDA	#<CallExit-1	; set return address low byte
01:D582 48              	  5271: 	PHA				; put on stack
01:D583 6C1100          	  5272: 	JMP	(Itempl)		; do indirect jump to user routine
                        	  5273: 
                        	  5274: ; if the called routine exits correctly then it will return to here. this will then get
                        	  5275: ; the next byte for the interpreter and return
                        	  5276: 
                        	  5277: CallExit
01:D586 4CC200          	  5278: 	JMP	LAB_GBYT		; scan memory and return
                        	  5279: 
                        	  5280: ; perform WAIT
                        	  5281: 
                        	  5282: LAB_WAIT
01:D589 20D8D4          	  5283: 	JSR	LAB_GADB		; get two parameters for POKE or WAIT
01:D58C 8697            	  5284: 	STX	Frnxtl		; save byte
01:D58E A200            	  5285: 	LDX	#$00			; clear mask
01:D590 20C200          	  5286: 	JSR	LAB_GBYT		; scan memory
01:D593 F003            	  5287: 	BEQ	LAB_2441		; skip if no third argument
                        	  5288: 
01:D595 20DED4          	  5289: 	JSR	LAB_SCGB		; scan for "," and get byte, else SN error then warm start
                        	  5290: LAB_2441
01:D598 8698            	  5291: 	STX	Frnxth		; save EOR argument
                        	  5292: LAB_2445
01:D59A B111            	  5293: 	LDA	(Itempl),Y		; get byte via temporary integer (addr)
01:D59C 4598            	  5294: 	EOR	Frnxth		; EOR with second argument (mask)
01:D59E 2597            	  5295: 	AND	Frnxtl		; AND with first argument (byte)
01:D5A0 F0F8            	  5296: 	BEQ	LAB_2445		; loop if result is zero
                        	  5297: 
                        	  5298: LAB_244D
01:D5A2 60              	  5299: 	RTS
                        	  5300: 
                        	  5301: ; perform subtraction, FAC1 from (AY)
                        	  5302: 
                        	  5303: LAB_2455
01:D5A3 208BD7          	  5304: 	JSR	LAB_264D		; unpack memory (AY) into FAC2
                        	  5305: 
                        	  5306: ; perform subtraction, FAC1 from FAC2
                        	  5307: 
                        	  5308: LAB_SUBTRACT
01:D5A6 A5B0            	  5309: 	LDA	FAC1_s		; get FAC1 sign (b7)
01:D5A8 49FF            	  5310: 	EOR	#$FF			; complement it
01:D5AA 85B0            	  5311: 	STA	FAC1_s		; save FAC1 sign (b7)
01:D5AC 45B7            	  5312: 	EOR	FAC2_s		; EOR with FAC2 sign (b7)
01:D5AE 85B8            	  5313: 	STA	FAC_sc		; save sign compare (FAC1 EOR FAC2)
01:D5B0 A5AC            	  5314: 	LDA	FAC1_e		; get FAC1 exponent
01:D5B2 4CC1D5          	  5315: 	JMP	LAB_ADD		; go add FAC2 to FAC1
                        	  5316: 
                        	  5317: ; perform addition
                        	  5318: 
                        	  5319: LAB_2467
01:D5B5 20DAD6          	  5320: 	JSR	LAB_257B		; shift FACX A times right (>8 shifts)
01:D5B8 904D            	  5321: 	BCC	LAB_24A8		;.go subtract mantissas
                        	  5322: 
                        	  5323: ; add 0.5 to FAC1
                        	  5324: 
                        	  5325: LAB_244E
01:D5BA A9E9            	  5326: 	LDA	#<LAB_2A96		; set 0.5 pointer low byte
01:D5BC A0E1            	  5327: 	LDY	#>LAB_2A96		; set 0.5 pointer high byte
                        	  5328: 
                        	  5329: ; add (AY) to FAC1
                        	  5330: 
                        	  5331: LAB_246C
01:D5BE 208BD7          	  5332: 	JSR	LAB_264D		; unpack memory (AY) into FAC2
                        	  5333: 
                        	  5334: ; add FAC2 to FAC1
                        	  5335: 
                        	  5336: LAB_ADD
01:D5C1 D010            	  5337: 	BNE	LAB_2474		; branch if FAC1 was not zero
                        	  5338: 
                        	  5339: ; copy FAC2 to FAC1
                        	  5340: 
                        	  5341: LAB_279B
01:D5C3 A5B7            	  5342: 	LDA	FAC2_s		; get FAC2 sign (b7)
                        	  5343: 
                        	  5344: ; save FAC1 sign and copy ABS(FAC2) to FAC1
                        	  5345: 
                        	  5346: LAB_279D
01:D5C5 85B0            	  5347: 	STA	FAC1_s		; save FAC1 sign (b7)
01:D5C7 A204            	  5348: 	LDX	#$04			; 4 bytes to copy
                        	  5349: LAB_27A1
01:D5C9 B5B2            	  5350: 	LDA	FAC1_o,X		; get byte from FAC2,X
01:D5CB 95AB            	  5351: 	STA	FAC1_e-1,X		; save byte at FAC1,X
01:D5CD CA              	  5352: 	DEX				; decrement count
01:D5CE D0F9            	  5353: 	BNE	LAB_27A1		; loop if not all done
                        	  5354: 
01:D5D0 86B9            	  5355: 	STX	FAC1_r		; clear FAC1 rounding byte
01:D5D2 60              	  5356: 	RTS
                        	  5357: 
                        	  5358: 					; FAC1 is non zero
                        	  5359: LAB_2474
01:D5D3 A6B9            	  5360: 	LDX	FAC1_r		; get FAC1 rounding byte
01:D5D5 86A3            	  5361: 	STX	FAC2_r		; save as FAC2 rounding byte
01:D5D7 A2B3            	  5362: 	LDX	#FAC2_e		; set index to FAC2 exponent addr
01:D5D9 A5B3            	  5363: 	LDA	FAC2_e		; get FAC2 exponent
                        	  5364: LAB_247C
01:D5DB A8              	  5365: 	TAY				; copy exponent
01:D5DC F0C4            	  5366: 	BEQ	LAB_244D		; exit if zero
                        	  5367: 
01:D5DE 38              	  5368: 	SEC				; set carry for subtract
01:D5DF E5AC            	  5369: 	SBC	FAC1_e		; subtract FAC1 exponent
01:D5E1 F024            	  5370: 	BEQ	LAB_24A8		; branch if = (go add mantissa)
                        	  5371: 
01:D5E3 9012            	  5372: 	BCC	LAB_2498		; branch if <
                        	  5373: 
                        	  5374: 					; FAC2>FAC1
01:D5E5 84AC            	  5375: 	STY	FAC1_e		; save FAC1 exponent
01:D5E7 A4B7            	  5376: 	LDY	FAC2_s		; get FAC2 sign (b7)
01:D5E9 84B0            	  5377: 	STY	FAC1_s		; save FAC1 sign (b7)
01:D5EB 49FF            	  5378: 	EOR	#$FF			; complement A
01:D5ED 6900            	  5379: 	ADC	#$00			; +1 (twos complement, carry is set)
01:D5EF A000            	  5380: 	LDY	#$00			; clear Y
01:D5F1 84A3            	  5381: 	STY	FAC2_r		; clear FAC2 rounding byte
01:D5F3 A2AC            	  5382: 	LDX	#FAC1_e		; set index to FAC1 exponent addr
01:D5F5 D004            	  5383: 	BNE	LAB_249C		; branch always
                        	  5384: 
                        	  5385: LAB_2498
01:D5F7 A000            	  5386: 	LDY	#$00			; clear Y
01:D5F9 84B9            	  5387: 	STY	FAC1_r		; clear FAC1 rounding byte
                        	  5388: LAB_249C
01:D5FB C9F9            	  5389: 	CMP	#$F9			; compare exponent diff with $F9
01:D5FD 30B6            	  5390: 	BMI	LAB_2467		; branch if range $79-$F8
                        	  5391: 
01:D5FF A8              	  5392: 	TAY				; copy exponent difference to Y
01:D600 A5B9            	  5393: 	LDA	FAC1_r		; get FAC1 rounding byte
01:D602 5601            	  5394: 	LSR	PLUS_1,X		; shift FAC? mantissa1
01:D604 20F1D6          	  5395: 	JSR	LAB_2592		; shift FACX Y times right
                        	  5396: 
                        	  5397: 					; exponents are equal now do mantissa subtract
                        	  5398: LAB_24A8
01:D607 24B8            	  5399: 	BIT	FAC_sc		; test sign compare (FAC1 EOR FAC2)
01:D609 104C            	  5400: 	BPL	LAB_24F8		; if = add FAC2 mantissa to FAC1 mantissa and return
                        	  5401: 
01:D60B A0AC            	  5402: 	LDY	#FAC1_e		; set index to FAC1 exponent addr
01:D60D E0B3            	  5403: 	CPX	#FAC2_e		; compare X to FAC2 exponent addr
01:D60F F002            	  5404: 	BEQ	LAB_24B4		; branch if =
                        	  5405: 
01:D611 A0B3            	  5406: 	LDY	#FAC2_e		; else set index to FAC2 exponent addr
                        	  5407: 
                        	  5408: 					; subtract smaller from bigger (take sign of bigger)
                        	  5409: LAB_24B4
01:D613 38              	  5410: 	SEC				; set carry for subtract
01:D614 49FF            	  5411: 	EOR	#$FF			; ones complement A
01:D616 65A3            	  5412: 	ADC	FAC2_r		; add FAC2 rounding byte
01:D618 85B9            	  5413: 	STA	FAC1_r		; save FAC1 rounding byte
01:D61A B90300          	  5414: 	LDA	PLUS_3,Y		; get FACY mantissa3
01:D61D F503            	  5415: 	SBC	PLUS_3,X		; subtract FACX mantissa3
01:D61F 85AF            	  5416: 	STA	FAC1_3		; save FAC1 mantissa3
01:D621 B90200          	  5417: 	LDA	PLUS_2,Y		; get FACY mantissa2
01:D624 F502            	  5418: 	SBC	PLUS_2,X		; subtract FACX mantissa2
01:D626 85AE            	  5419: 	STA	FAC1_2		; save FAC1 mantissa2
01:D628 B90100          	  5420: 	LDA	PLUS_1,Y		; get FACY mantissa1
01:D62B F501            	  5421: 	SBC	PLUS_1,X		; subtract FACX mantissa1
01:D62D 85AD            	  5422: 	STA	FAC1_1		; save FAC1 mantissa1
                        	  5423: 
                        	  5424: ; do ABS and normalise FAC1
                        	  5425: 
                        	  5426: LAB_24D0
01:D62F B003            	  5427: 	BCS	LAB_24D5		; branch if number is +ve
                        	  5428: 
01:D631 2096D6          	  5429: 	JSR	LAB_2537		; negate FAC1
                        	  5430: 
                        	  5431: ; normalise FAC1
                        	  5432: 
                        	  5433: LAB_24D5
01:D634 A000            	  5434: 	LDY	#$00			; clear Y
01:D636 98              	  5435: 	TYA				; clear A
01:D637 18              	  5436: 	CLC				; clear carry for add
                        	  5437: LAB_24D9
01:D638 A6AD            	  5438: 	LDX	FAC1_1		; get FAC1 mantissa1
01:D63A D03E            	  5439: 	BNE	LAB_251B		; if not zero normalise FAC1
                        	  5440: 
01:D63C A6AE            	  5441: 	LDX	FAC1_2		; get FAC1 mantissa2
01:D63E 86AD            	  5442: 	STX	FAC1_1		; save FAC1 mantissa1
01:D640 A6AF            	  5443: 	LDX	FAC1_3		; get FAC1 mantissa3
01:D642 86AE            	  5444: 	STX	FAC1_2		; save FAC1 mantissa2
01:D644 A6B9            	  5445: 	LDX	FAC1_r		; get FAC1 rounding byte
01:D646 86AF            	  5446: 	STX	FAC1_3		; save FAC1 mantissa3
01:D648 84B9            	  5447: 	STY	FAC1_r		; clear FAC1 rounding byte
01:D64A 6908            	  5448: 	ADC	#$08			; add x to exponent offset
01:D64C C918            	  5449: 	CMP	#$18			; compare with $18 (max offset, all bits would be =0)
01:D64E D0E8            	  5450: 	BNE	LAB_24D9		; loop if not max
                        	  5451: 
                        	  5452: ; clear FAC1 exponent and sign
                        	  5453: 
                        	  5454: LAB_24F1
01:D650 A900            	  5455: 	LDA	#$00			; clear A
                        	  5456: LAB_24F3
01:D652 85AC            	  5457: 	STA	FAC1_e		; set FAC1 exponent
                        	  5458: 
                        	  5459: ; save FAC1 sign
                        	  5460: 
                        	  5461: LAB_24F5
01:D654 85B0            	  5462: 	STA	FAC1_s		; save FAC1 sign (b7)
01:D656 60              	  5463: 	RTS
                        	  5464: 
                        	  5465: ; add FAC2 mantissa to FAC1 mantissa
                        	  5466: 
                        	  5467: LAB_24F8
01:D657 65A3            	  5468: 	ADC	FAC2_r		; add FAC2 rounding byte
01:D659 85B9            	  5469: 	STA	FAC1_r		; save FAC1 rounding byte
01:D65B A5AF            	  5470: 	LDA	FAC1_3		; get FAC1 mantissa3
01:D65D 65B6            	  5471: 	ADC	FAC2_3		; add FAC2 mantissa3
01:D65F 85AF            	  5472: 	STA	FAC1_3		; save FAC1 mantissa3
01:D661 A5AE            	  5473: 	LDA	FAC1_2		; get FAC1 mantissa2
01:D663 65B5            	  5474: 	ADC	FAC2_2		; add FAC2 mantissa2
01:D665 85AE            	  5475: 	STA	FAC1_2		; save FAC1 mantissa2
01:D667 A5AD            	  5476: 	LDA	FAC1_1		; get FAC1 mantissa1
01:D669 65B4            	  5477: 	ADC	FAC2_1		; add FAC2 mantissa1
01:D66B 85AD            	  5478: 	STA	FAC1_1		; save FAC1 mantissa1
01:D66D B01A            	  5479: 	BCS	LAB_252A		; if carry then normalise FAC1 for C=1
                        	  5480: 
01:D66F 60              	  5481: 	RTS				; else just exit
                        	  5482: 
                        	  5483: LAB_2511
01:D670 6901            	  5484: 	ADC	#$01			; add 1 to exponent offset
01:D672 06B9            	  5485: 	ASL	FAC1_r		; shift FAC1 rounding byte
01:D674 26AF            	  5486: 	ROL	FAC1_3		; shift FAC1 mantissa3
01:D676 26AE            	  5487: 	ROL	FAC1_2		; shift FAC1 mantissa2
01:D678 26AD            	  5488: 	ROL	FAC1_1		; shift FAC1 mantissa1
                        	  5489: 
                        	  5490: ; normalise FAC1
                        	  5491: 
                        	  5492: LAB_251B
01:D67A 10F4            	  5493: 	BPL	LAB_2511		; loop if not normalised
                        	  5494: 
01:D67C 38              	  5495: 	SEC				; set carry for subtract
01:D67D E5AC            	  5496: 	SBC	FAC1_e		; subtract FAC1 exponent
01:D67F B0CF            	  5497: 	BCS	LAB_24F1		; branch if underflow (set result = $0)
                        	  5498: 
01:D681 49FF            	  5499: 	EOR	#$FF			; complement exponent
01:D683 6901            	  5500: 	ADC	#$01			; +1 (twos complement)
01:D685 85AC            	  5501: 	STA	FAC1_e		; save FAC1 exponent
                        	  5502: 
                        	  5503: ; test and normalise FAC1 for C=0/1
                        	  5504: 
                        	  5505: LAB_2528
01:D687 900C            	  5506: 	BCC	LAB_2536		; exit if no overflow
                        	  5507: 
                        	  5508: ; normalise FAC1 for C=1
                        	  5509: 
                        	  5510: LAB_252A
01:D689 E6AC            	  5511: 	INC	FAC1_e		; increment FAC1 exponent
01:D68B F036            	  5512: 	BEQ	LAB_2564		; if zero do overflow error and warm start
                        	  5513: 
01:D68D 66AD            	  5514: 	ROR	FAC1_1		; shift FAC1 mantissa1
01:D68F 66AE            	  5515: 	ROR	FAC1_2		; shift FAC1 mantissa2
01:D691 66AF            	  5516: 	ROR	FAC1_3		; shift FAC1 mantissa3
01:D693 66B9            	  5517: 	ROR	FAC1_r		; shift FAC1 rounding byte
                        	  5518: LAB_2536
01:D695 60              	  5519: 	RTS
                        	  5520: 
                        	  5521: ; negate FAC1
                        	  5522: 
                        	  5523: LAB_2537
01:D696 A5B0            	  5524: 	LDA	FAC1_s		; get FAC1 sign (b7)
01:D698 49FF            	  5525: 	EOR	#$FF			; complement it
01:D69A 85B0            	  5526: 	STA	FAC1_s		; save FAC1 sign (b7)
                        	  5527: 
                        	  5528: ; twos complement FAC1 mantissa
                        	  5529: 
                        	  5530: LAB_253D
01:D69C A5AD            	  5531: 	LDA	FAC1_1		; get FAC1 mantissa1
01:D69E 49FF            	  5532: 	EOR	#$FF			; complement it
01:D6A0 85AD            	  5533: 	STA	FAC1_1		; save FAC1 mantissa1
01:D6A2 A5AE            	  5534: 	LDA	FAC1_2		; get FAC1 mantissa2
01:D6A4 49FF            	  5535: 	EOR	#$FF			; complement it
01:D6A6 85AE            	  5536: 	STA	FAC1_2		; save FAC1 mantissa2
01:D6A8 A5AF            	  5537: 	LDA	FAC1_3		; get FAC1 mantissa3
01:D6AA 49FF            	  5538: 	EOR	#$FF			; complement it
01:D6AC 85AF            	  5539: 	STA	FAC1_3		; save FAC1 mantissa3
01:D6AE A5B9            	  5540: 	LDA	FAC1_r		; get FAC1 rounding byte
01:D6B0 49FF            	  5541: 	EOR	#$FF			; complement it
01:D6B2 85B9            	  5542: 	STA	FAC1_r		; save FAC1 rounding byte
01:D6B4 E6B9            	  5543: 	INC	FAC1_r		; increment FAC1 rounding byte
01:D6B6 D00A            	  5544: 	BNE	LAB_2563		; exit if no overflow
                        	  5545: 
                        	  5546: ; increment FAC1 mantissa
                        	  5547: 
                        	  5548: LAB_2559
01:D6B8 E6AF            	  5549: 	INC	FAC1_3		; increment FAC1 mantissa3
01:D6BA D006            	  5550: 	BNE	LAB_2563		; finished if no rollover
                        	  5551: 
01:D6BC E6AE            	  5552: 	INC	FAC1_2		; increment FAC1 mantissa2
01:D6BE D002            	  5553: 	BNE	LAB_2563		; finished if no rollover
                        	  5554: 
01:D6C0 E6AD            	  5555: 	INC	FAC1_1		; increment FAC1 mantissa1
                        	  5556: LAB_2563
01:D6C2 60              	  5557: 	RTS
                        	  5558: 
                        	  5559: ; do overflow error (overflow exit)
                        	  5560: 
                        	  5561: LAB_2564
01:D6C3 A20A            	  5562: 	LDX	#$0A			; error code $0A ("Overflow" error)
01:D6C5 4C3CC1          	  5563: 	JMP	LAB_XERR		; do error #X, then warm start
                        	  5564: 
                        	  5565: ; shift FCAtemp << A+8 times
                        	  5566: 
                        	  5567: LAB_2569
01:D6C8 A274            	  5568: 	LDX	#FACt_1-1		; set offset to FACtemp
                        	  5569: LAB_256B
01:D6CA B403            	  5570: 	LDY	PLUS_3,X		; get FACX mantissa3
01:D6CC 84B9            	  5571: 	STY	FAC1_r		; save as FAC1 rounding byte
01:D6CE B402            	  5572: 	LDY	PLUS_2,X		; get FACX mantissa2
01:D6D0 9403            	  5573: 	STY	PLUS_3,X		; save FACX mantissa3
01:D6D2 B401            	  5574: 	LDY	PLUS_1,X		; get FACX mantissa1
01:D6D4 9402            	  5575: 	STY	PLUS_2,X		; save FACX mantissa2
01:D6D6 A4B2            	  5576: 	LDY	FAC1_o		; get FAC1 overflow byte
01:D6D8 9401            	  5577: 	STY	PLUS_1,X		; save FACX mantissa1
                        	  5578: 
                        	  5579: ; shift FACX -A times right (> 8 shifts)
                        	  5580: 
                        	  5581: LAB_257B
01:D6DA 6908            	  5582: 	ADC	#$08			; add 8 to shift count
01:D6DC 30EC            	  5583: 	BMI	LAB_256B		; go do 8 shift if still -ve
                        	  5584: 
01:D6DE F0EA            	  5585: 	BEQ	LAB_256B		; go do 8 shift if zero
                        	  5586: 
01:D6E0 E908            	  5587: 	SBC	#$08			; else subtract 8 again
01:D6E2 A8              	  5588: 	TAY				; save count to Y
01:D6E3 A5B9            	  5589: 	LDA	FAC1_r		; get FAC1 rounding byte
01:D6E5 B012            	  5590: 	BCS	LAB_259A		;.
                        	  5591: 
                        	  5592: LAB_2588
01:D6E7 1601            	  5593: 	ASL	PLUS_1,X		; shift FACX mantissa1
01:D6E9 9002            	  5594: 	BCC	LAB_258E		; branch if +ve
                        	  5595: 
01:D6EB F601            	  5596: 	INC	PLUS_1,X		; this sets b7 eventually
                        	  5597: LAB_258E
01:D6ED 7601            	  5598: 	ROR	PLUS_1,X		; shift FACX mantissa1 (correct for ASL)
01:D6EF 7601            	  5599: 	ROR	PLUS_1,X		; shift FACX mantissa1 (put carry in b7)
                        	  5600: 
                        	  5601: ; shift FACX Y times right
                        	  5602: 
                        	  5603: LAB_2592
01:D6F1 7602            	  5604: 	ROR	PLUS_2,X		; shift FACX mantissa2
01:D6F3 7603            	  5605: 	ROR	PLUS_3,X		; shift FACX mantissa3
01:D6F5 6A              	  5606: 	ROR				; shift FACX rounding byte
01:D6F6 C8              	  5607: 	INY				; increment exponent diff
01:D6F7 D0EE            	  5608: 	BNE	LAB_2588		; branch if range adjust not complete
                        	  5609: 
                        	  5610: LAB_259A
01:D6F9 18              	  5611: 	CLC				; just clear it
01:D6FA 60              	  5612: 	RTS
                        	  5613: 
                        	  5614: ; perform LOG()
                        	  5615: 
                        	  5616: LAB_LOG
01:D6FB 20E9D8          	  5617: 	JSR	LAB_27CA		; test sign and zero
01:D6FE F002            	  5618: 	BEQ	LAB_25C4		; if zero do function call error then warm start
                        	  5619: 
01:D700 1003            	  5620: 	BPL	LAB_25C7		; skip error if +ve
                        	  5621: 
                        	  5622: LAB_25C4
01:D702 4C29CF          	  5623: 	JMP	LAB_FCER		; do function call error then warm start (-ve)
                        	  5624: 
                        	  5625: LAB_25C7
01:D705 A5AC            	  5626: 	LDA	FAC1_e		; get FAC1 exponent
01:D707 E97F            	  5627: 	SBC	#$7F			; normalise it
01:D709 48              	  5628: 	PHA				; save it
01:D70A A980            	  5629: 	LDA	#$80			; set exponent to zero
01:D70C 85AC            	  5630: 	STA	FAC1_e		; save FAC1 exponent
01:D70E A969            	  5631: 	LDA	#<LAB_25AD		; set 1/root2 pointer low byte
01:D710 A0E1            	  5632: 	LDY	#>LAB_25AD		; set 1/root2 pointer high byte
01:D712 20BED5          	  5633: 	JSR	LAB_246C		; add (AY) to FAC1 (1/root2)
01:D715 A96D            	  5634: 	LDA	#<LAB_25B1		; set root2 pointer low byte
01:D717 A0E1            	  5635: 	LDY	#>LAB_25B1		; set root2 pointer high byte
01:D719 2001D8          	  5636: 	JSR	LAB_26CA		; convert AY and do (AY)/FAC1 (root2/(x+(1/root2)))
01:D71C A9E0            	  5637: 	LDA	#<LAB_259C		; set 1 pointer low byte
01:D71E A0E1            	  5638: 	LDY	#>LAB_259C		; set 1 pointer high byte
01:D720 20A3D5          	  5639: 	JSR	LAB_2455		; subtract (AY) from FAC1 ((root2/(x+(1/root2)))-1)
01:D723 A95C            	  5640: 	LDA	#<LAB_25A0		; set pointer low byte to counter
01:D725 A0E1            	  5641: 	LDY	#>LAB_25A0		; set pointer high byte to counter
01:D727 2051DC          	  5642: 	JSR	LAB_2B6E		; ^2 then series evaluation
01:D72A A971            	  5643: 	LDA	#<LAB_25B5		; set -0.5 pointer low byte
01:D72C A0E1            	  5644: 	LDY	#>LAB_25B5		; set -0.5 pointer high byte
01:D72E 20BED5          	  5645: 	JSR	LAB_246C		; add (AY) to FAC1
01:D731 68              	  5646: 	PLA				; restore FAC1 exponent
01:D732 2045DA          	  5647: 	JSR	LAB_2912		; evaluate new ASCII digit
01:D735 A975            	  5648: 	LDA	#<LAB_25B9		; set LOG(2) pointer low byte
01:D737 A0E1            	  5649: 	LDY	#>LAB_25B9		; set LOG(2) pointer high byte
                        	  5650: 
                        	  5651: ; do convert AY, FCA1*(AY)
                        	  5652: 
                        	  5653: LAB_25FB
01:D739 208BD7          	  5654: 	JSR	LAB_264D		; unpack memory (AY) into FAC2
                        	  5655: LAB_MULTIPLY
01:D73C F04C            	  5656: 	BEQ	LAB_264C		; exit if zero
                        	  5657: 
01:D73E 20B1D7          	  5658: 	JSR	LAB_2673		; test and adjust accumulators
01:D741 A900            	  5659: 	LDA	#$00			; clear A
01:D743 8575            	  5660: 	STA	FACt_1		; clear temp mantissa1
01:D745 8576            	  5661: 	STA	FACt_2		; clear temp mantissa2
01:D747 8577            	  5662: 	STA	FACt_3		; clear temp mantissa3
01:D749 A5B9            	  5663: 	LDA	FAC1_r		; get FAC1 rounding byte
01:D74B 2060D7          	  5664: 	JSR	LAB_2622		; go do shift/add FAC2
01:D74E A5AF            	  5665: 	LDA	FAC1_3		; get FAC1 mantissa3
01:D750 2060D7          	  5666: 	JSR	LAB_2622		; go do shift/add FAC2
01:D753 A5AE            	  5667: 	LDA	FAC1_2		; get FAC1 mantissa2
01:D755 2060D7          	  5668: 	JSR	LAB_2622		; go do shift/add FAC2
01:D758 A5AD            	  5669: 	LDA	FAC1_1		; get FAC1 mantissa1
01:D75A 2065D7          	  5670: 	JSR	LAB_2627		; go do shift/add FAC2
01:D75D 4C6ED8          	  5671: 	JMP	LAB_273C		; copy temp to FAC1, normalise and return
                        	  5672: 
                        	  5673: LAB_2622
01:D760 D003            	  5674: 	BNE	LAB_2627		; branch if byte <> zero
                        	  5675: 
01:D762 4CC8D6          	  5676: 	JMP	LAB_2569		; shift FCAtemp << A+8 times
                        	  5677: 
                        	  5678: 					; else do shift and add
                        	  5679: LAB_2627
01:D765 4A              	  5680: 	LSR				; shift byte
01:D766 0980            	  5681: 	ORA	#$80			; set top bit (mark for 8 times)
                        	  5682: LAB_262A
01:D768 A8              	  5683: 	TAY				; copy result
01:D769 9013            	  5684: 	BCC	LAB_2640		; skip next if bit was zero
                        	  5685: 
01:D76B 18              	  5686: 	CLC				; clear carry for add
01:D76C A577            	  5687: 	LDA	FACt_3		; get temp mantissa3
01:D76E 65B6            	  5688: 	ADC	FAC2_3		; add FAC2 mantissa3
01:D770 8577            	  5689: 	STA	FACt_3		; save temp mantissa3
01:D772 A576            	  5690: 	LDA	FACt_2		; get temp mantissa2
01:D774 65B5            	  5691: 	ADC	FAC2_2		; add FAC2 mantissa2
01:D776 8576            	  5692: 	STA	FACt_2		; save temp mantissa2
01:D778 A575            	  5693: 	LDA	FACt_1		; get temp mantissa1
01:D77A 65B4            	  5694: 	ADC	FAC2_1		; add FAC2 mantissa1
01:D77C 8575            	  5695: 	STA	FACt_1		; save temp mantissa1
                        	  5696: LAB_2640
01:D77E 6675            	  5697: 	ROR	FACt_1		; shift temp mantissa1
01:D780 6676            	  5698: 	ROR	FACt_2		; shift temp mantissa2
01:D782 6677            	  5699: 	ROR	FACt_3		; shift temp mantissa3
01:D784 66B9            	  5700: 	ROR	FAC1_r		; shift temp rounding byte
01:D786 98              	  5701: 	TYA				; get byte back
01:D787 4A              	  5702: 	LSR				; shift byte
01:D788 D0DE            	  5703: 	BNE	LAB_262A		; loop if all bits not done
                        	  5704: 
                        	  5705: LAB_264C
01:D78A 60              	  5706: 	RTS
                        	  5707: 
                        	  5708: ; unpack memory (AY) into FAC2
                        	  5709: 
                        	  5710: LAB_264D
01:D78B 8571            	  5711: 	STA	ut1_pl		; save pointer low byte
01:D78D 8472            	  5712: 	STY	ut1_ph		; save pointer high byte
01:D78F A003            	  5713: 	LDY	#$03			; 4 bytes to get (0-3)
01:D791 B171            	  5714: 	LDA	(ut1_pl),Y		; get mantissa3
01:D793 85B6            	  5715: 	STA	FAC2_3		; save FAC2 mantissa3
01:D795 88              	  5716: 	DEY				; decrement index
01:D796 B171            	  5717: 	LDA	(ut1_pl),Y		; get mantissa2
01:D798 85B5            	  5718: 	STA	FAC2_2		; save FAC2 mantissa2
01:D79A 88              	  5719: 	DEY				; decrement index
01:D79B B171            	  5720: 	LDA	(ut1_pl),Y		; get mantissa1+sign
01:D79D 85B7            	  5721: 	STA	FAC2_s		; save FAC2 sign (b7)
01:D79F 45B0            	  5722: 	EOR	FAC1_s		; EOR with FAC1 sign (b7)
01:D7A1 85B8            	  5723: 	STA	FAC_sc		; save sign compare (FAC1 EOR FAC2)
01:D7A3 A5B7            	  5724: 	LDA	FAC2_s		; recover FAC2 sign (b7)
01:D7A5 0980            	  5725: 	ORA	#$80			; set 1xxx xxx (set normal bit)
01:D7A7 85B4            	  5726: 	STA	FAC2_1		; save FAC2 mantissa1
01:D7A9 88              	  5727: 	DEY				; decrement index
01:D7AA B171            	  5728: 	LDA	(ut1_pl),Y		; get exponent byte
01:D7AC 85B3            	  5729: 	STA	FAC2_e		; save FAC2 exponent
01:D7AE A5AC            	  5730: 	LDA	FAC1_e		; get FAC1 exponent
01:D7B0 60              	  5731: 	RTS
                        	  5732: 
                        	  5733: ; test and adjust accumulators
                        	  5734: 
                        	  5735: LAB_2673
01:D7B1 A5B3            	  5736: 	LDA	FAC2_e		; get FAC2 exponent
                        	  5737: LAB_2675
01:D7B3 F01D            	  5738: 	BEQ	LAB_2696		; branch if FAC2 = $00 (handle underflow)
                        	  5739: 
01:D7B5 18              	  5740: 	CLC				; clear carry for add
01:D7B6 65AC            	  5741: 	ADC	FAC1_e		; add FAC1 exponent
01:D7B8 9004            	  5742: 	BCC	LAB_2680		; branch if sum of exponents <$0100
                        	  5743: 
01:D7BA 3031            	  5744: 	BMI	LAB_269B		; do overflow error
                        	  5745: 
01:D7BC 18              	  5746: 	CLC				; clear carry for the add
01:D7BD 2C              	  5747: 	.byte	$2C			; makes next line BIT $1410
                        	  5748: LAB_2680
01:D7BE 1012            	  5749: 	BPL	LAB_2696		; if +ve go handle underflow
                        	  5750: 
01:D7C0 6980            	  5751: 	ADC	#$80			; adjust exponent
01:D7C2 85AC            	  5752: 	STA	FAC1_e		; save FAC1 exponent
01:D7C4 D003            	  5753: 	BNE	LAB_268B		; branch if not zero
                        	  5754: 
01:D7C6 4C54D6          	  5755: 	JMP	LAB_24F5		; save FAC1 sign and return
                        	  5756: 
                        	  5757: LAB_268B
01:D7C9 A5B8            	  5758: 	LDA	FAC_sc		; get sign compare (FAC1 EOR FAC2)
01:D7CB 85B0            	  5759: 	STA	FAC1_s		; save FAC1 sign (b7)
                        	  5760: LAB_268F
01:D7CD 60              	  5761: 	RTS
                        	  5762: 
                        	  5763: ; handle overflow and underflow
                        	  5764: 
                        	  5765: LAB_2690
01:D7CE A5B0            	  5766: 	LDA	FAC1_s		; get FAC1 sign (b7)
01:D7D0 101B            	  5767: 	BPL	LAB_269B		; do overflow error
                        	  5768: 
                        	  5769: 					; handle underflow
                        	  5770: LAB_2696
01:D7D2 68              	  5771: 	PLA				; pop return address low byte
01:D7D3 68              	  5772: 	PLA				; pop return address high byte
01:D7D4 4C50D6          	  5773: 	JMP	LAB_24F1		; clear FAC1 exponent and sign and return
                        	  5774: 
                        	  5775: ; multiply by 10
                        	  5776: 
                        	  5777: LAB_269E
01:D7D7 20CAD8          	  5778: 	JSR	LAB_27AB		; round and copy FAC1 to FAC2
01:D7DA AA              	  5779: 	TAX				; copy exponent (set the flags)
01:D7DB F0F0            	  5780: 	BEQ	LAB_268F		; exit if zero
                        	  5781: 
01:D7DD 18              	  5782: 	CLC				; clear carry for add
01:D7DE 6902            	  5783: 	ADC	#$02			; add two to exponent (*4)
01:D7E0 B00B            	  5784: 	BCS	LAB_269B		; do overflow error if > $FF
                        	  5785: 
01:D7E2 A200            	  5786: 	LDX	#$00			; clear byte
01:D7E4 86B8            	  5787: 	STX	FAC_sc		; clear sign compare (FAC1 EOR FAC2)
01:D7E6 20DBD5          	  5788: 	JSR	LAB_247C		; add FAC2 to FAC1 (*5)
01:D7E9 E6AC            	  5789: 	INC	FAC1_e		; increment FAC1 exponent (*10)
01:D7EB D0E0            	  5790: 	BNE	LAB_268F		; if non zero just do RTS
                        	  5791: 
                        	  5792: LAB_269B
01:D7ED 4CC3D6          	  5793: 	JMP	LAB_2564		; do overflow error and warm start
                        	  5794: 
                        	  5795: ; divide by 10
                        	  5796: 
                        	  5797: LAB_26B9
01:D7F0 20CAD8          	  5798: 	JSR	LAB_27AB		; round and copy FAC1 to FAC2
01:D7F3 A9F1            	  5799: 	LDA	#<LAB_26B5		; set pointer to 10d low addr
01:D7F5 A0E1            	  5800: 	LDY	#>LAB_26B5		; set pointer to 10d high addr
01:D7F7 A200            	  5801: 	LDX	#$00			; clear sign
                        	  5802: 
                        	  5803: ; divide by (AY) (X=sign)
                        	  5804: 
                        	  5805: LAB_26C2
01:D7F9 86B8            	  5806: 	STX	FAC_sc		; save sign compare (FAC1 EOR FAC2)
01:D7FB 207DD8          	  5807: 	JSR	LAB_UFAC		; unpack memory (AY) into FAC1
01:D7FE 4C04D8          	  5808: 	JMP	LAB_DIVIDE		; do FAC2/FAC1
                        	  5809: 
                        	  5810: 					; Perform divide-by
                        	  5811: ; convert AY and do (AY)/FAC1
                        	  5812: 
                        	  5813: LAB_26CA
01:D801 208BD7          	  5814: 	JSR	LAB_264D		; unpack memory (AY) into FAC2
                        	  5815: 
                        	  5816: 					; Perform divide-into
                        	  5817: LAB_DIVIDE
01:D804 F063            	  5818: 	BEQ	LAB_2737		; if zero go do /0 error
                        	  5819: 
01:D806 20D9D8          	  5820: 	JSR	LAB_27BA		; round FAC1
01:D809 A900            	  5821: 	LDA	#$00			; clear A
01:D80B 38              	  5822: 	SEC				; set carry for subtract
01:D80C E5AC            	  5823: 	SBC	FAC1_e		; subtract FAC1 exponent (2s complement)
01:D80E 85AC            	  5824: 	STA	FAC1_e		; save FAC1 exponent
01:D810 20B1D7          	  5825: 	JSR	LAB_2673		; test and adjust accumulators
01:D813 E6AC            	  5826: 	INC	FAC1_e		; increment FAC1 exponent
01:D815 F0D6            	  5827: 	BEQ	LAB_269B		; if zero do overflow error
                        	  5828: 
01:D817 A2FF            	  5829: 	LDX	#$FF			; set index for pre increment
01:D819 A901            	  5830: 	LDA	#$01			; set bit to flag byte save
                        	  5831: LAB_26E4
01:D81B A4B4            	  5832: 	LDY	FAC2_1		; get FAC2 mantissa1
01:D81D C4AD            	  5833: 	CPY	FAC1_1		; compare FAC1 mantissa1
01:D81F D00A            	  5834: 	BNE	LAB_26F4		; branch if <>
                        	  5835: 
01:D821 A4B5            	  5836: 	LDY	FAC2_2		; get FAC2 mantissa2
01:D823 C4AE            	  5837: 	CPY	FAC1_2		; compare FAC1 mantissa2
01:D825 D004            	  5838: 	BNE	LAB_26F4		; branch if <>
                        	  5839: 
01:D827 A4B6            	  5840: 	LDY	FAC2_3		; get FAC2 mantissa3
01:D829 C4AF            	  5841: 	CPY	FAC1_3		; compare FAC1 mantissa3
                        	  5842: LAB_26F4
01:D82B 08              	  5843: 	PHP				; save FAC2-FAC1 compare status
01:D82C 2A              	  5844: 	ROL				; shift the result byte
01:D82D 900E            	  5845: 	BCC	LAB_2702		; if no carry skip the byte save
                        	  5846: 
01:D82F A001            	  5847: 	LDY	#$01			; set bit to flag byte save
01:D831 E8              	  5848: 	INX				; else increment the index to FACt
01:D832 E002            	  5849: 	CPX	#$02			; compare with the index to FACt_3
01:D834 3004            	  5850: 	BMI	LAB_2701		; if not last byte just go save it
                        	  5851: 
01:D836 D028            	  5852: 	BNE	LAB_272B		; if all done go save FAC1 rounding byte, normalise and
                        	  5853: 					; return
                        	  5854: 
01:D838 A040            	  5855: 	LDY	#$40			; set bit to flag byte save for the rounding byte
                        	  5856: LAB_2701
01:D83A 9575            	  5857: 	STA	FACt_1,X		; write result byte to FACt_1 + index
01:D83C 98              	  5858: 	TYA				; copy the next save byte flag
                        	  5859: LAB_2702
01:D83D 28              	  5860: 	PLP				; restore FAC2-FAC1 compare status
01:D83E 9014            	  5861: 	BCC	LAB_2704		; if FAC2 < FAC1 then skip the subtract
                        	  5862: 
01:D840 A8              	  5863: 	TAY				; save FAC2-FAC1 compare status
01:D841 A5B6            	  5864: 	LDA	FAC2_3		; get FAC2 mantissa3
01:D843 E5AF            	  5865: 	SBC	FAC1_3		; subtract FAC1 mantissa3
01:D845 85B6            	  5866: 	STA	FAC2_3		; save FAC2 mantissa3
01:D847 A5B5            	  5867: 	LDA	FAC2_2		; get FAC2 mantissa2
01:D849 E5AE            	  5868: 	SBC	FAC1_2		; subtract FAC1 mantissa2
01:D84B 85B5            	  5869: 	STA	FAC2_2		; save FAC2 mantissa2
01:D84D A5B4            	  5870: 	LDA	FAC2_1		; get FAC2 mantissa1
01:D84F E5AD            	  5871: 	SBC	FAC1_1		; subtract FAC1 mantissa1
01:D851 85B4            	  5872: 	STA	FAC2_1		; save FAC2 mantissa1
01:D853 98              	  5873: 	TYA				; restore FAC2-FAC1 compare status
                        	  5874: 
                        	  5875: 					; FAC2 = FAC2*2
                        	  5876: LAB_2704
01:D854 06B6            	  5877: 	ASL	FAC2_3		; shift FAC2 mantissa3
01:D856 26B5            	  5878: 	ROL	FAC2_2		; shift FAC2 mantissa2
01:D858 26B4            	  5879: 	ROL	FAC2_1		; shift FAC2 mantissa1
01:D85A B0CF            	  5880: 	BCS	LAB_26F4		; loop with no compare
                        	  5881: 
01:D85C 30BD            	  5882: 	BMI	LAB_26E4		; loop with compare
                        	  5883: 
01:D85E 10CB            	  5884: 	BPL	LAB_26F4		; loop always with no compare
                        	  5885: 
                        	  5886: ; do A<<6, save as FAC1 rounding byte, normalise and return
                        	  5887: 
                        	  5888: LAB_272B
01:D860 4A              	  5889: 	LSR				; shift b1 - b0 ..
01:D861 6A              	  5890: 	ROR				; ..
01:D862 6A              	  5891: 	ROR				; .. to b7 - b6
01:D863 85B9            	  5892: 	STA	FAC1_r		; save FAC1 rounding byte
01:D865 28              	  5893: 	PLP				; dump FAC2-FAC1 compare status
01:D866 4C6ED8          	  5894: 	JMP	LAB_273C		; copy temp to FAC1, normalise and return
                        	  5895: 
                        	  5896: ; do "Divide by zero" error
                        	  5897: 
                        	  5898: LAB_2737
01:D869 A214            	  5899: 	LDX	#$14			; error code $14 ("Divide by zero" error)
01:D86B 4C3CC1          	  5900: 	JMP	LAB_XERR		; do error #X, then warm start
                        	  5901: 
                        	  5902: ; copy temp to FAC1 and normalise
                        	  5903: 
                        	  5904: LAB_273C
01:D86E A575            	  5905: 	LDA	FACt_1		; get temp mantissa1
01:D870 85AD            	  5906: 	STA	FAC1_1		; save FAC1 mantissa1
01:D872 A576            	  5907: 	LDA	FACt_2		; get temp mantissa2
01:D874 85AE            	  5908: 	STA	FAC1_2		; save FAC1 mantissa2
01:D876 A577            	  5909: 	LDA	FACt_3		; get temp mantissa3
01:D878 85AF            	  5910: 	STA	FAC1_3		; save FAC1 mantissa3
01:D87A 4C34D6          	  5911: 	JMP	LAB_24D5		; normalise FAC1 and return
                        	  5912: 
                        	  5913: ; unpack memory (AY) into FAC1
                        	  5914: 
                        	  5915: LAB_UFAC
01:D87D 8571            	  5916: 	STA	ut1_pl		; save pointer low byte
01:D87F 8472            	  5917: 	STY	ut1_ph		; save pointer high byte
01:D881 A003            	  5918: 	LDY	#$03			; 4 bytes to do
01:D883 B171            	  5919: 	LDA	(ut1_pl),Y		; get last byte
01:D885 85AF            	  5920: 	STA	FAC1_3		; save FAC1 mantissa3
01:D887 88              	  5921: 	DEY				; decrement index
01:D888 B171            	  5922: 	LDA	(ut1_pl),Y		; get last-1 byte
01:D88A 85AE            	  5923: 	STA	FAC1_2		; save FAC1 mantissa2
01:D88C 88              	  5924: 	DEY				; decrement index
01:D88D B171            	  5925: 	LDA	(ut1_pl),Y		; get second byte
01:D88F 85B0            	  5926: 	STA	FAC1_s		; save FAC1 sign (b7)
01:D891 0980            	  5927: 	ORA	#$80			; set 1xxx xxxx (add normal bit)
01:D893 85AD            	  5928: 	STA	FAC1_1		; save FAC1 mantissa1
01:D895 88              	  5929: 	DEY				; decrement index
01:D896 B171            	  5930: 	LDA	(ut1_pl),Y		; get first byte (exponent)
01:D898 85AC            	  5931: 	STA	FAC1_e		; save FAC1 exponent
01:D89A 84B9            	  5932: 	STY	FAC1_r		; clear FAC1 rounding byte
01:D89C 60              	  5933: 	RTS
                        	  5934: 
                        	  5935: ; pack FAC1 into Adatal
                        	  5936: 
                        	  5937: LAB_276E
01:D89D A2A4            	  5938: 	LDX	#<Adatal		; set pointer low byte
                        	  5939: LAB_2770
01:D89F A000            	  5940: 	LDY	#>Adatal		; set pointer high byte
01:D8A1 F004            	  5941: 	BEQ	LAB_2778		; pack FAC1 into (XY) and return
                        	  5942: 
                        	  5943: ; pack FAC1 into (Lvarpl)
                        	  5944: 
                        	  5945: LAB_PFAC
01:D8A3 A697            	  5946: 	LDX	Lvarpl		; get destination pointer low byte
01:D8A5 A498            	  5947: 	LDY	Lvarph		; get destination pointer high byte
                        	  5948: 
                        	  5949: ; pack FAC1 into (XY)
                        	  5950: 
                        	  5951: LAB_2778
01:D8A7 20D9D8          	  5952: 	JSR	LAB_27BA		; round FAC1
01:D8AA 8671            	  5953: 	STX	ut1_pl		; save pointer low byte
01:D8AC 8472            	  5954: 	STY	ut1_ph		; save pointer high byte
01:D8AE A003            	  5955: 	LDY	#$03			; set index
01:D8B0 A5AF            	  5956: 	LDA	FAC1_3		; get FAC1 mantissa3
01:D8B2 9171            	  5957: 	STA	(ut1_pl),Y		; store in destination
01:D8B4 88              	  5958: 	DEY				; decrement index
01:D8B5 A5AE            	  5959: 	LDA	FAC1_2		; get FAC1 mantissa2
01:D8B7 9171            	  5960: 	STA	(ut1_pl),Y		; store in destination
01:D8B9 88              	  5961: 	DEY				; decrement index
01:D8BA A5B0            	  5962: 	LDA	FAC1_s		; get FAC1 sign (b7)
01:D8BC 097F            	  5963: 	ORA	#$7F			; set bits x111 1111
01:D8BE 25AD            	  5964: 	AND	FAC1_1		; AND in FAC1 mantissa1
01:D8C0 9171            	  5965: 	STA	(ut1_pl),Y		; store in destination
01:D8C2 88              	  5966: 	DEY				; decrement index
01:D8C3 A5AC            	  5967: 	LDA	FAC1_e		; get FAC1 exponent
01:D8C5 9171            	  5968: 	STA	(ut1_pl),Y		; store in destination
01:D8C7 84B9            	  5969: 	STY	FAC1_r		; clear FAC1 rounding byte
01:D8C9 60              	  5970: 	RTS
                        	  5971: 
                        	  5972: ; round and copy FAC1 to FAC2
                        	  5973: 
                        	  5974: LAB_27AB
01:D8CA 20D9D8          	  5975: 	JSR	LAB_27BA		; round FAC1
                        	  5976: 
                        	  5977: ; copy FAC1 to FAC2
                        	  5978: 
                        	  5979: LAB_27AE
01:D8CD A205            	  5980: 	LDX	#$05			; 5 bytes to copy
                        	  5981: LAB_27B0
01:D8CF B5AB            	  5982: 	LDA	FAC1_e-1,X		; get byte from FAC1,X
01:D8D1 95B2            	  5983: 	STA	FAC1_o,X		; save byte at FAC2,X
01:D8D3 CA              	  5984: 	DEX				; decrement count
01:D8D4 D0F9            	  5985: 	BNE	LAB_27B0		; loop if not all done
                        	  5986: 
01:D8D6 86B9            	  5987: 	STX	FAC1_r		; clear FAC1 rounding byte
                        	  5988: LAB_27B9
01:D8D8 60              	  5989: 	RTS
                        	  5990: 
                        	  5991: ; round FAC1
                        	  5992: 
                        	  5993: LAB_27BA
01:D8D9 A5AC            	  5994: 	LDA	FAC1_e		; get FAC1 exponent
01:D8DB F0FB            	  5995: 	BEQ	LAB_27B9		; exit if zero
                        	  5996: 
01:D8DD 06B9            	  5997: 	ASL	FAC1_r		; shift FAC1 rounding byte
01:D8DF 90F7            	  5998: 	BCC	LAB_27B9		; exit if no overflow
                        	  5999: 
                        	  6000: ; round FAC1 (no check)
                        	  6001: 
                        	  6002: LAB_27C2
01:D8E1 20B8D6          	  6003: 	JSR	LAB_2559		; increment FAC1 mantissa
01:D8E4 D0F2            	  6004: 	BNE	LAB_27B9		; branch if no overflow
                        	  6005: 
01:D8E6 4C89D6          	  6006: 	JMP	LAB_252A		; normalise FAC1 for C=1 and return
                        	  6007: 
                        	  6008: ; get FAC1 sign
                        	  6009: ; return A=FF,C=1/-ve A=01,C=0/+ve
                        	  6010: 
                        	  6011: LAB_27CA
01:D8E9 A5AC            	  6012: 	LDA	FAC1_e		; get FAC1 exponent
01:D8EB F009            	  6013: 	BEQ	LAB_27D7		; exit if zero (already correct SGN(0)=0)
                        	  6014: 
                        	  6015: ; return A=FF,C=1/-ve A=01,C=0/+ve
                        	  6016: ; no = 0 check
                        	  6017: 
                        	  6018: LAB_27CE
01:D8ED A5B0            	  6019: 	LDA	FAC1_s		; else get FAC1 sign (b7)
                        	  6020: 
                        	  6021: ; return A=FF,C=1/-ve A=01,C=0/+ve
                        	  6022: ; no = 0 check, sign in A
                        	  6023: 
                        	  6024: LAB_27D0
01:D8EF 2A              	  6025: 	ROL				; move sign bit to carry
01:D8F0 A9FF            	  6026: 	LDA	#$FF			; set byte for -ve result
01:D8F2 B002            	  6027: 	BCS	LAB_27D7		; return if sign was set (-ve)
                        	  6028: 
01:D8F4 A901            	  6029: 	LDA	#$01			; else set byte for +ve result
                        	  6030: LAB_27D7
01:D8F6 60              	  6031: 	RTS
                        	  6032: 
                        	  6033: ; perform SGN()
                        	  6034: 
                        	  6035: LAB_SGN
01:D8F7 20E9D8          	  6036: 	JSR	LAB_27CA		; get FAC1 sign
                        	  6037: 					; return A=$FF/-ve A=$01/+ve
                        	  6038: ; save A as integer byte
                        	  6039: 
                        	  6040: LAB_27DB
01:D8FA 85AD            	  6041: 	STA	FAC1_1		; save FAC1 mantissa1
01:D8FC A900            	  6042: 	LDA	#$00			; clear A
01:D8FE 85AE            	  6043: 	STA	FAC1_2		; clear FAC1 mantissa2
01:D900 A288            	  6044: 	LDX	#$88			; set exponent
                        	  6045: 
                        	  6046: ; set exp=X, clearFAC1 mantissa3 and normalise
                        	  6047: 
                        	  6048: LAB_27E3
01:D902 A5AD            	  6049: 	LDA	FAC1_1		; get FAC1 mantissa1
01:D904 49FF            	  6050: 	EOR	#$FF			; complement it
01:D906 2A              	  6051: 	ROL				; sign bit into carry
                        	  6052: 
                        	  6053: ; set exp=X, clearFAC1 mantissa3 and normalise
                        	  6054: 
                        	  6055: LAB_STFA
01:D907 A900            	  6056: 	LDA	#$00			; clear A
01:D909 85AF            	  6057: 	STA	FAC1_3		; clear FAC1 mantissa3
01:D90B 86AC            	  6058: 	STX	FAC1_e		; set FAC1 exponent
01:D90D 85B9            	  6059: 	STA	FAC1_r		; clear FAC1 rounding byte
01:D90F 85B0            	  6060: 	STA	FAC1_s		; clear FAC1 sign (b7)
01:D911 4C2FD6          	  6061: 	JMP	LAB_24D0		; do ABS and normalise FAC1
                        	  6062: 
                        	  6063: ; perform ABS()
                        	  6064: 
                        	  6065: LAB_ABS
01:D914 46B0            	  6066: 	LSR	FAC1_s		; clear FAC1 sign (put zero in b7)
01:D916 60              	  6067: 	RTS
                        	  6068: 
                        	  6069: ; compare FAC1 with (AY)
                        	  6070: ; returns A=$00 if FAC1 = (AY)
                        	  6071: ; returns A=$01 if FAC1 > (AY)
                        	  6072: ; returns A=$FF if FAC1 < (AY)
                        	  6073: 
                        	  6074: LAB_27F8
01:D917 8573            	  6075: 	STA	ut2_pl		; save pointer low byte
                        	  6076: LAB_27FA
01:D919 8474            	  6077: 	STY	ut2_ph		; save pointer high byte
01:D91B A000            	  6078: 	LDY	#$00			; clear index
01:D91D B173            	  6079: 	LDA	(ut2_pl),Y		; get exponent
01:D91F C8              	  6080: 	INY				; increment index
01:D920 AA              	  6081: 	TAX				; copy (AY) exponent to X
01:D921 F0C6            	  6082: 	BEQ	LAB_27CA		; branch if (AY) exponent=0 and get FAC1 sign
                        	  6083: 					; A=FF,C=1/-ve A=01,C=0/+ve
                        	  6084: 
01:D923 B173            	  6085: 	LDA	(ut2_pl),Y		; get (AY) mantissa1 (with sign)
01:D925 45B0            	  6086: 	EOR	FAC1_s		; EOR FAC1 sign (b7)
01:D927 30C4            	  6087: 	BMI	LAB_27CE		; if signs <> do return A=FF,C=1/-ve
                        	  6088: 					; A=01,C=0/+ve and return
                        	  6089: 
01:D929 E4AC            	  6090: 	CPX	FAC1_e		; compare (AY) exponent with FAC1 exponent
01:D92B D01A            	  6091: 	BNE	LAB_2828		; branch if different
                        	  6092: 
01:D92D B173            	  6093: 	LDA	(ut2_pl),Y		; get (AY) mantissa1 (with sign)
01:D92F 0980            	  6094: 	ORA	#$80			; normalise top bit
01:D931 C5AD            	  6095: 	CMP	FAC1_1		; compare with FAC1 mantissa1
01:D933 D012            	  6096: 	BNE	LAB_2828		; branch if different
                        	  6097: 
01:D935 C8              	  6098: 	INY				; increment index
01:D936 B173            	  6099: 	LDA	(ut2_pl),Y		; get mantissa2
01:D938 C5AE            	  6100: 	CMP	FAC1_2		; compare with FAC1 mantissa2
01:D93A D00B            	  6101: 	BNE	LAB_2828		; branch if different
                        	  6102: 
01:D93C C8              	  6103: 	INY				; increment index
01:D93D A97F            	  6104: 	LDA	#$7F			; set for 1/2 value rounding byte
01:D93F C5B9            	  6105: 	CMP	FAC1_r		; compare with FAC1 rounding byte (set carry)
01:D941 B173            	  6106: 	LDA	(ut2_pl),Y		; get mantissa3
01:D943 E5AF            	  6107: 	SBC	FAC1_3		; subtract FAC1 mantissa3
01:D945 F028            	  6108: 	BEQ	LAB_2850		; exit if mantissa3 equal
                        	  6109: 
                        	  6110: ; gets here if number <> FAC1
                        	  6111: 
                        	  6112: LAB_2828
01:D947 A5B0            	  6113: 	LDA	FAC1_s		; get FAC1 sign (b7)
01:D949 9002            	  6114: 	BCC	LAB_282E		; branch if FAC1 > (AY)
                        	  6115: 
01:D94B 49FF            	  6116: 	EOR	#$FF			; else toggle FAC1 sign
                        	  6117: LAB_282E
01:D94D 4CEFD8          	  6118: 	JMP	LAB_27D0		; return A=FF,C=1/-ve A=01,C=0/+ve
                        	  6119: 
                        	  6120: ; convert FAC1 floating-to-fixed
                        	  6121: 
                        	  6122: LAB_2831
01:D950 A5AC            	  6123: 	LDA	FAC1_e		; get FAC1 exponent
01:D952 F04A            	  6124: 	BEQ	LAB_287F		; if zero go clear FAC1 and return
                        	  6125: 
01:D954 38              	  6126: 	SEC				; set carry for subtract
01:D955 E998            	  6127: 	SBC	#$98			; subtract maximum integer range exponent
01:D957 24B0            	  6128: 	BIT	FAC1_s		; test FAC1 sign (b7)
01:D959 1009            	  6129: 	BPL	LAB_2845		; branch if FAC1 +ve
                        	  6130: 
                        	  6131: 					; FAC1 was -ve
01:D95B AA              	  6132: 	TAX				; copy subtracted exponent
01:D95C A9FF            	  6133: 	LDA	#$FF			; overflow for -ve number
01:D95E 85B2            	  6134: 	STA	FAC1_o		; set FAC1 overflow byte
01:D960 209CD6          	  6135: 	JSR	LAB_253D		; twos complement FAC1 mantissa
01:D963 8A              	  6136: 	TXA				; restore subtracted exponent
                        	  6137: LAB_2845
01:D964 A2AC            	  6138: 	LDX	#FAC1_e		; set index to FAC1
01:D966 C9F9            	  6139: 	CMP	#$F9			; compare exponent result
01:D968 1006            	  6140: 	BPL	LAB_2851		; if < 8 shifts shift FAC1 A times right and return
                        	  6141: 
01:D96A 20DAD6          	  6142: 	JSR	LAB_257B		; shift FAC1 A times right (> 8 shifts)
01:D96D 84B2            	  6143: 	STY	FAC1_o		; clear FAC1 overflow byte
                        	  6144: LAB_2850
01:D96F 60              	  6145: 	RTS
                        	  6146: 
                        	  6147: ; shift FAC1 A times right
                        	  6148: 
                        	  6149: LAB_2851
01:D970 A8              	  6150: 	TAY				; copy shift count
01:D971 A5B0            	  6151: 	LDA	FAC1_s		; get FAC1 sign (b7)
01:D973 2980            	  6152: 	AND	#$80			; mask sign bit only (x000 0000)
01:D975 46AD            	  6153: 	LSR	FAC1_1		; shift FAC1 mantissa1
01:D977 05AD            	  6154: 	ORA	FAC1_1		; OR sign in b7 FAC1 mantissa1
01:D979 85AD            	  6155: 	STA	FAC1_1		; save FAC1 mantissa1
01:D97B 20F1D6          	  6156: 	JSR	LAB_2592		; shift FAC1 Y times right
01:D97E 84B2            	  6157: 	STY	FAC1_o		; clear FAC1 overflow byte
01:D980 60              	  6158: 	RTS
                        	  6159: 
                        	  6160: ; perform INT()
                        	  6161: 
                        	  6162: LAB_INT
01:D981 A5AC            	  6163: 	LDA	FAC1_e		; get FAC1 exponent
01:D983 C998            	  6164: 	CMP	#$98			; compare with max int
01:D985 B01E            	  6165: 	BCS	LAB_2886		; exit if >= (already int, too big for fractional part!)
                        	  6166: 
01:D987 2050D9          	  6167: 	JSR	LAB_2831		; convert FAC1 floating-to-fixed
01:D98A 84B9            	  6168: 	STY	FAC1_r		; save FAC1 rounding byte
01:D98C A5B0            	  6169: 	LDA	FAC1_s		; get FAC1 sign (b7)
01:D98E 84B0            	  6170: 	STY	FAC1_s		; save FAC1 sign (b7)
01:D990 4980            	  6171: 	EOR	#$80			; toggle FAC1 sign
01:D992 2A              	  6172: 	ROL				; shift into carry
01:D993 A998            	  6173: 	LDA	#$98			; set new exponent
01:D995 85AC            	  6174: 	STA	FAC1_e		; save FAC1 exponent
01:D997 A5AF            	  6175: 	LDA	FAC1_3		; get FAC1 mantissa3
01:D999 855B            	  6176: 	STA	Temp3			; save for EXP() function
01:D99B 4C2FD6          	  6177: 	JMP	LAB_24D0		; do ABS and normalise FAC1
                        	  6178: 
                        	  6179: ; clear FAC1 and return
                        	  6180: 
                        	  6181: LAB_287F
01:D99E 85AD            	  6182: 	STA	FAC1_1		; clear FAC1 mantissa1
01:D9A0 85AE            	  6183: 	STA	FAC1_2		; clear FAC1 mantissa2
01:D9A2 85AF            	  6184: 	STA	FAC1_3		; clear FAC1 mantissa3
01:D9A4 A8              	  6185: 	TAY				; clear Y
                        	  6186: LAB_2886
01:D9A5 60              	  6187: 	RTS
                        	  6188: 
                        	  6189: ; get FAC1 from string
                        	  6190: ; this routine now handles hex and binary values from strings
                        	  6191: ; starting with "$" and "%" respectively
                        	  6192: 
                        	  6193: LAB_2887
01:D9A6 A000            	  6194: 	LDY	#$00			; clear Y
01:D9A8 845F            	  6195: 	STY	Dtypef		; clear data type flag, $FF=string, $00=numeric
01:D9AA A209            	  6196: 	LDX	#$09			; set index
                        	  6197: LAB_288B
01:D9AC 94A8            	  6198: 	STY	numexp,X		; clear byte
01:D9AE CA              	  6199: 	DEX				; decrement index
01:D9AF 10FB            	  6200: 	BPL	LAB_288B		; loop until numexp to negnum (and FAC1) = $00
                        	  6201: 
01:D9B1 907F            	  6202: 	BCC	LAB_28FE		; branch if 1st character numeric
                        	  6203: 
                        	  6204: ; get FAC1 from string .. first character wasn't numeric
                        	  6205: 
01:D9B3 C92D            	  6206: 	CMP	#'-'			; else compare with "-"
01:D9B5 D004            	  6207: 	BNE	LAB_289A		; branch if not "-"
                        	  6208: 
01:D9B7 86B1            	  6209: 	STX	negnum		; set flag for -ve number (X = $FF)
01:D9B9 F004            	  6210: 	BEQ	LAB_289C		; branch always (go scan and check for hex/bin)
                        	  6211: 
                        	  6212: ; get FAC1 from string .. first character wasn't numeric or -
                        	  6213: 
                        	  6214: LAB_289A
01:D9BB C92B            	  6215: 	CMP	#'+'			; else compare with "+"
01:D9BD D005            	  6216: 	BNE	LAB_289D		; branch if not "+" (go check for hex/bin)
                        	  6217: 
                        	  6218: ; was "+" or "-" to start, so get next character
                        	  6219: 
                        	  6220: LAB_289C
01:D9BF 20BC00          	  6221: 	JSR	LAB_IGBY		; increment and scan memory
01:D9C2 906E            	  6222: 	BCC	LAB_28FE		; branch if numeric character
                        	  6223: 
                        	  6224: ; code here for hex and binary numbers
                        	  6225: 
                        	  6226: LAB_289D
01:D9C4 C924            	  6227: 	CMP	#'$'			; else compare with "$"
01:D9C6 D003            	  6228: 	BNE	LAB_NHEX		; branch if not "$"
                        	  6229: 
01:D9C8 4C6EDE          	  6230: 	JMP	LAB_CHEX		; branch if "$"
                        	  6231: 
                        	  6232: LAB_NHEX
01:D9CB C925            	  6233: 	CMP	#'%'			; else compare with "%"
01:D9CD D008            	  6234: 	BNE	LAB_28A3		; branch if not "%" (continue original code)
                        	  6235: 
01:D9CF 4C9CDE          	  6236: 	JMP	LAB_CBIN		; branch if "%"
                        	  6237: 
                        	  6238: LAB_289E
01:D9D2 20BC00          	  6239: 	JSR	LAB_IGBY		; increment and scan memory (ignore + or get next number)
                        	  6240: LAB_28A1
01:D9D5 905B            	  6241: 	BCC	LAB_28FE		; branch if numeric character
                        	  6242: 
                        	  6243: ; get FAC1 from string .. character wasn't numeric, -, +, hex or binary
                        	  6244: 
                        	  6245: LAB_28A3
01:D9D7 C92E            	  6246: 	CMP	#'.'			; else compare with "."
01:D9D9 F02E            	  6247: 	BEQ	LAB_28D5		; branch if "."
                        	  6248: 
                        	  6249: ; get FAC1 from string .. character wasn't numeric, -, + or .
                        	  6250: 
01:D9DB C945            	  6251: 	CMP	#'E'			; else compare with "E"
01:D9DD D030            	  6252: 	BNE	LAB_28DB		; branch if not "E"
                        	  6253: 
                        	  6254: 					; was "E" so evaluate exponential part
01:D9DF 20BC00          	  6255: 	JSR	LAB_IGBY		; increment and scan memory
01:D9E2 9017            	  6256: 	BCC	LAB_28C7		; branch if numeric character
                        	  6257: 
01:D9E4 C9B7            	  6258: 	CMP	#TK_MINUS		; else compare with token for -
01:D9E6 F00E            	  6259: 	BEQ	LAB_28C2		; branch if token for -
                        	  6260: 
01:D9E8 C92D            	  6261: 	CMP	#'-'			; else compare with "-"
01:D9EA F00A            	  6262: 	BEQ	LAB_28C2		; branch if "-"
                        	  6263: 
01:D9EC C9B6            	  6264: 	CMP	#TK_PLUS		; else compare with token for +
01:D9EE F008            	  6265: 	BEQ	LAB_28C4		; branch if token for +
                        	  6266: 
01:D9F0 C92B            	  6267: 	CMP	#'+'			; else compare with "+"
01:D9F2 F004            	  6268: 	BEQ	LAB_28C4		; branch if "+"
                        	  6269: 
01:D9F4 D007            	  6270: 	BNE	LAB_28C9		; branch always
                        	  6271: 
                        	  6272: LAB_28C2
01:D9F6 66AB            	  6273: 	ROR	expneg		; set exponent -ve flag (C, which=1, into b7)
                        	  6274: LAB_28C4
01:D9F8 20BC00          	  6275: 	JSR	LAB_IGBY		; increment and scan memory
                        	  6276: LAB_28C7
01:D9FB 905B            	  6277: 	BCC	LAB_2925		; branch if numeric character
                        	  6278: 
                        	  6279: LAB_28C9
01:D9FD 24AB            	  6280: 	BIT	expneg		; test exponent -ve flag
01:D9FF 100E            	  6281: 	BPL	LAB_28DB		; if +ve go evaluate exponent
                        	  6282: 
                        	  6283: 					; else do exponent = -exponent 
01:DA01 A900            	  6284: 	LDA	#$00			; clear result
01:DA03 38              	  6285: 	SEC				; set carry for subtract
01:DA04 E5A9            	  6286: 	SBC	expcnt		; subtract exponent byte
01:DA06 4C11DA          	  6287: 	JMP	LAB_28DD		; go evaluate exponent
                        	  6288: 
                        	  6289: LAB_28D5
01:DA09 66AA            	  6290: 	ROR	numdpf		; set decimal point flag
01:DA0B 24AA            	  6291: 	BIT	numdpf		; test decimal point flag
01:DA0D 50C3            	  6292: 	BVC	LAB_289E		; branch if only one decimal point so far
                        	  6293: 
                        	  6294: 					; evaluate exponent
                        	  6295: LAB_28DB
01:DA0F A5A9            	  6296: 	LDA	expcnt		; get exponent count byte
                        	  6297: LAB_28DD
01:DA11 38              	  6298: 	SEC				; set carry for subtract
01:DA12 E5A8            	  6299: 	SBC	numexp		; subtract numerator exponent
01:DA14 85A9            	  6300: 	STA	expcnt		; save exponent count byte
01:DA16 F012            	  6301: 	BEQ	LAB_28F6		; branch if no adjustment
                        	  6302: 
01:DA18 1009            	  6303: 	BPL	LAB_28EF		; else if +ve go do FAC1*10^expcnt
                        	  6304: 
                        	  6305: 					; else go do FAC1/10^(0-expcnt)
                        	  6306: LAB_28E6
01:DA1A 20F0D7          	  6307: 	JSR	LAB_26B9		; divide by 10
01:DA1D E6A9            	  6308: 	INC	expcnt		; increment exponent count byte
01:DA1F D0F9            	  6309: 	BNE	LAB_28E6		; loop until all done
                        	  6310: 
01:DA21 F007            	  6311: 	BEQ	LAB_28F6		; branch always
                        	  6312: 
                        	  6313: LAB_28EF
01:DA23 20D7D7          	  6314: 	JSR	LAB_269E		; multiply by 10
01:DA26 C6A9            	  6315: 	DEC	expcnt		; decrement exponent count byte
01:DA28 D0F9            	  6316: 	BNE	LAB_28EF		; loop until all done
                        	  6317: 
                        	  6318: LAB_28F6
01:DA2A A5B1            	  6319: 	LDA	negnum		; get -ve flag
01:DA2C 3001            	  6320: 	BMI	LAB_28FB		; if -ve do - FAC1 and return
                        	  6321: 
01:DA2E 60              	  6322: 	RTS
                        	  6323: 
                        	  6324: ; do - FAC1 and return
                        	  6325: 
                        	  6326: LAB_28FB
01:DA2F 4CF4DB          	  6327: 	JMP	LAB_GTHAN		; do - FAC1 and return
                        	  6328: 
                        	  6329: ; do unsigned FAC1*10+number
                        	  6330: 
                        	  6331: LAB_28FE
01:DA32 48              	  6332: 	PHA				; save character
01:DA33 24AA            	  6333: 	BIT	numdpf		; test decimal point flag
01:DA35 1002            	  6334: 	BPL	LAB_2905		; skip exponent increment if not set
                        	  6335: 
01:DA37 E6A8            	  6336: 	INC	numexp		; else increment number exponent
                        	  6337: LAB_2905
01:DA39 20D7D7          	  6338: 	JSR	LAB_269E		; multiply FAC1 by 10
01:DA3C 68              	  6339: 	PLA				; restore character
01:DA3D 290F            	  6340: 	AND	#$0F			; convert to binary
01:DA3F 2045DA          	  6341: 	JSR	LAB_2912		; evaluate new ASCII digit
01:DA42 4CD2D9          	  6342: 	JMP	LAB_289E		; go do next character
                        	  6343: 
                        	  6344: ; evaluate new ASCII digit
                        	  6345: 
                        	  6346: LAB_2912
01:DA45 48              	  6347: 	PHA				; save digit
01:DA46 20CAD8          	  6348: 	JSR	LAB_27AB		; round and copy FAC1 to FAC2
01:DA49 68              	  6349: 	PLA				; restore digit
01:DA4A 20FAD8          	  6350: 	JSR	LAB_27DB		; save A as integer byte
01:DA4D A5B7            	  6351: 	LDA	FAC2_s		; get FAC2 sign (b7)
01:DA4F 45B0            	  6352: 	EOR	FAC1_s		; toggle with FAC1 sign (b7)
01:DA51 85B8            	  6353: 	STA	FAC_sc		; save sign compare (FAC1 EOR FAC2)
01:DA53 A6AC            	  6354: 	LDX	FAC1_e		; get FAC1 exponent
01:DA55 4CC1D5          	  6355: 	JMP	LAB_ADD		; add FAC2 to FAC1 and return
                        	  6356: 
                        	  6357: ; evaluate next character of exponential part of number
                        	  6358: 
                        	  6359: LAB_2925
01:DA58 A5A9            	  6360: 	LDA	expcnt		; get exponent count byte
01:DA5A C90A            	  6361: 	CMP	#$0A			; compare with 10 decimal
01:DA5C 9009            	  6362: 	BCC	LAB_2934		; branch if less
                        	  6363: 
01:DA5E A964            	  6364: 	LDA	#$64			; make all -ve exponents = -100 decimal (causes underflow)
01:DA60 24AB            	  6365: 	BIT	expneg		; test exponent -ve flag
01:DA62 300E            	  6366: 	BMI	LAB_2942		; branch if -ve
                        	  6367: 
01:DA64 4CC3D6          	  6368: 	JMP	LAB_2564		; else do overflow error
                        	  6369: 
                        	  6370: LAB_2934
01:DA67 0A              	  6371: 	ASL				; * 2
01:DA68 0A              	  6372: 	ASL				; * 4
01:DA69 65A9            	  6373: 	ADC	expcnt		; * 5
01:DA6B 0A              	  6374: 	ASL				; * 10
01:DA6C A000            	  6375: 	LDY	#$00			; set index
01:DA6E 71C3            	  6376: 	ADC	(Bpntrl),Y		; add character (will be $30 too much!)
01:DA70 E92F            	  6377: 	SBC	#'0'-1		; convert character to binary
                        	  6378: LAB_2942
01:DA72 85A9            	  6379: 	STA	expcnt		; save exponent count byte
01:DA74 4CF8D9          	  6380: 	JMP	LAB_28C4		; go get next character
                        	  6381: 
                        	  6382: ; print " in line [LINE #]"
                        	  6383: 
                        	  6384: LAB_2953
01:DA77 A9ED            	  6385: 	LDA	#<LAB_LMSG		; point to " in line " message low byte
01:DA79 A0E7            	  6386: 	LDY	#>LAB_LMSG		; point to " in line " message high byte
01:DA7B 20D3C8          	  6387: 	JSR	LAB_18C3		; print null terminated string from memory
                        	  6388: 
                        	  6389: 					; print Basic line #
01:DA7E A588            	  6390: 	LDA	Clineh		; get current line high byte
01:DA80 A687            	  6391: 	LDX	Clinel		; get current line low byte
                        	  6392: 
                        	  6393: ; print XA as unsigned integer
                        	  6394: 
                        	  6395: LAB_295E
01:DA82 85AD            	  6396: 	STA	FAC1_1		; save low byte as FAC1 mantissa1
01:DA84 86AE            	  6397: 	STX	FAC1_2		; save high byte as FAC1 mantissa2
01:DA86 A290            	  6398: 	LDX	#$90			; set exponent to 16d bits
01:DA88 38              	  6399: 	SEC				; set integer is +ve flag
01:DA89 2007D9          	  6400: 	JSR	LAB_STFA		; set exp=X, clearFAC1 mantissa3 and normalise
01:DA8C A000            	  6401: 	LDY	#$00			; clear index
01:DA8E 98              	  6402: 	TYA				; clear A
01:DA8F 20A2DA          	  6403: 	JSR	LAB_297B		; convert FAC1 to string, skip sign character save
01:DA92 4CD3C8          	  6404: 	JMP	LAB_18C3		; print null terminated string from memory and return
                        	  6405: 
                        	  6406: ; convert FAC1 to ASCII string result in (AY)
                        	  6407: ; not any more, moved scratchpad to page 0
                        	  6408: 
                        	  6409: LAB_296E
01:DA95 A001            	  6410: 	LDY	#$01			; set index = 1
01:DA97 A920            	  6411: 	LDA	#$20			; character = " " (assume +ve)
01:DA99 24B0            	  6412: 	BIT	FAC1_s		; test FAC1 sign (b7)
01:DA9B 1002            	  6413: 	BPL	LAB_2978		; branch if +ve
                        	  6414: 
01:DA9D A92D            	  6415: 	LDA	#$2D			; else character = "-"
                        	  6416: LAB_2978
01:DA9F 99EF00          	  6417: 	STA	Decss,Y		; save leading character (" " or "-")
                        	  6418: LAB_297B
01:DAA2 85B0            	  6419: 	STA	FAC1_s		; clear FAC1 sign (b7)
01:DAA4 84BA            	  6420: 	STY	Sendl			; save index
01:DAA6 C8              	  6421: 	INY				; increment index
01:DAA7 A6AC            	  6422: 	LDX	FAC1_e		; get FAC1 exponent
01:DAA9 D005            	  6423: 	BNE	LAB_2989		; branch if FAC1<>0
                        	  6424: 
                        	  6425: 					; exponent was $00 so FAC1 is 0
01:DAAB A930            	  6426: 	LDA	#'0'			; set character = "0"
01:DAAD 4CAEDB          	  6427: 	JMP	LAB_2A89		; save last character, [EOT] and exit
                        	  6428: 
                        	  6429: 					; FAC1 is some non zero value
                        	  6430: LAB_2989
01:DAB0 A900            	  6431: 	LDA	#$00			; clear (number exponent count)
01:DAB2 E081            	  6432: 	CPX	#$81			; compare FAC1 exponent with $81 (>1.00000)
                        	  6433: 
01:DAB4 B009            	  6434: 	BCS	LAB_299A		; branch if FAC1=>1
                        	  6435: 
                        	  6436: 					; FAC1<1
01:DAB6 A981            	  6437: 	LDA	#<LAB_294F		; set pointer low byte to 1,000,000
01:DAB8 A0E1            	  6438: 	LDY	#>LAB_294F		; set pointer high byte to 1,000,000
01:DABA 2039D7          	  6439: 	JSR	LAB_25FB		; do convert AY, FCA1*(AY)
01:DABD A9FA            	  6440: 	LDA	#$FA			; set number exponent count (-6)
                        	  6441: LAB_299A
01:DABF 85A8            	  6442: 	STA	numexp		; save number exponent count
                        	  6443: LAB_299C
01:DAC1 A97D            	  6444: 	LDA	#<LAB_294B		; set pointer low byte to 999999.4375 (max before sci note)
01:DAC3 A0E1            	  6445: 	LDY	#>LAB_294B		; set pointer high byte to 999999.4375
01:DAC5 2017D9          	  6446: 	JSR	LAB_27F8		; compare FAC1 with (AY)
01:DAC8 F01E            	  6447: 	BEQ	LAB_29C3		; exit if FAC1 = (AY)
                        	  6448: 
01:DACA 1012            	  6449: 	BPL	LAB_29B9		; go do /10 if FAC1 > (AY)
                        	  6450: 
                        	  6451: 					; FAC1 < (AY)
                        	  6452: LAB_29A7
01:DACC A979            	  6453: 	LDA	#<LAB_2947		; set pointer low byte to 99999.9375
01:DACE A0E1            	  6454: 	LDY	#>LAB_2947		; set pointer high byte to 99999.9375
01:DAD0 2017D9          	  6455: 	JSR	LAB_27F8		; compare FAC1 with (AY)
01:DAD3 F002            	  6456: 	BEQ	LAB_29B2		; branch if FAC1 = (AY) (allow decimal places)
                        	  6457: 
01:DAD5 100E            	  6458: 	BPL	LAB_29C0		; branch if FAC1 > (AY) (no decimal places)
                        	  6459: 
                        	  6460: 					; FAC1 <= (AY)
                        	  6461: LAB_29B2
01:DAD7 20D7D7          	  6462: 	JSR	LAB_269E		; multiply by 10
01:DADA C6A8            	  6463: 	DEC	numexp		; decrement number exponent count
01:DADC D0EE            	  6464: 	BNE	LAB_29A7		; go test again (branch always)
                        	  6465: 
                        	  6466: LAB_29B9
01:DADE 20F0D7          	  6467: 	JSR	LAB_26B9		; divide by 10
01:DAE1 E6A8            	  6468: 	INC	numexp		; increment number exponent count
01:DAE3 D0DC            	  6469: 	BNE	LAB_299C		; go test again (branch always)
                        	  6470: 
                        	  6471: ; now we have just the digits to do
                        	  6472: 
                        	  6473: LAB_29C0
01:DAE5 20BAD5          	  6474: 	JSR	LAB_244E		; add 0.5 to FAC1 (round FAC1)
                        	  6475: LAB_29C3
01:DAE8 2050D9          	  6476: 	JSR	LAB_2831		; convert FAC1 floating-to-fixed
01:DAEB A201            	  6477: 	LDX	#$01			; set default digits before dp = 1
01:DAED A5A8            	  6478: 	LDA	numexp		; get number exponent count
01:DAEF 18              	  6479: 	CLC				; clear carry for add
01:DAF0 6907            	  6480: 	ADC	#$07			; up to 6 digits before point
01:DAF2 3009            	  6481: 	BMI	LAB_29D8		; if -ve then 1 digit before dp
                        	  6482: 
01:DAF4 C908            	  6483: 	CMP	#$08			; A>=8 if n>=1E6
01:DAF6 B006            	  6484: 	BCS	LAB_29D9		; branch if >= $08
                        	  6485: 
                        	  6486: 					; carry is clear
01:DAF8 69FF            	  6487: 	ADC	#$FF			; take 1 from digit count
01:DAFA AA              	  6488: 	TAX				; copy to A
01:DAFB A902            	  6489: 	LDA	#$02			;.set exponent adjust
                        	  6490: LAB_29D8
01:DAFD 38              	  6491: 	SEC				; set carry for subtract
                        	  6492: LAB_29D9
01:DAFE E902            	  6493: 	SBC	#$02			; -2
01:DB00 85A9            	  6494: 	STA	expcnt		;.save exponent adjust
01:DB02 86A8            	  6495: 	STX	numexp		; save digits before dp count
01:DB04 8A              	  6496: 	TXA				; copy to A
01:DB05 F002            	  6497: 	BEQ	LAB_29E4		; branch if no digits before dp
                        	  6498: 
01:DB07 1013            	  6499: 	BPL	LAB_29F7		; branch if digits before dp
                        	  6500: 
                        	  6501: LAB_29E4
01:DB09 A4BA            	  6502: 	LDY	Sendl			; get output string index
01:DB0B A92E            	  6503: 	LDA	#$2E			; character "."
01:DB0D C8              	  6504: 	INY				; increment index
01:DB0E 99EF00          	  6505: 	STA	Decss,Y		; save to output string
01:DB11 8A              	  6506: 	TXA				;.
01:DB12 F006            	  6507: 	BEQ	LAB_29F5		;.
                        	  6508: 
01:DB14 A930            	  6509: 	LDA	#'0'			; character "0"
01:DB16 C8              	  6510: 	INY				; increment index
01:DB17 99EF00          	  6511: 	STA	Decss,Y		; save to output string
                        	  6512: LAB_29F5
01:DB1A 84BA            	  6513: 	STY	Sendl			; save output string index
                        	  6514: LAB_29F7
01:DB1C A000            	  6515: 	LDY	#$00			; clear index (point to 100,000)
01:DB1E A280            	  6516: 	LDX	#$80			; 
                        	  6517: LAB_29FB
01:DB20 A5AF            	  6518: 	LDA	FAC1_3		; get FAC1 mantissa3
01:DB22 18              	  6519: 	CLC				; clear carry for add
01:DB23 79F7E1          	  6520: 	ADC	LAB_2A9C,Y		; add -ve LSB
01:DB26 85AF            	  6521: 	STA	FAC1_3		; save FAC1 mantissa3
01:DB28 A5AE            	  6522: 	LDA	FAC1_2		; get FAC1 mantissa2
01:DB2A 79F6E1          	  6523: 	ADC	LAB_2A9B,Y		; add -ve NMSB
01:DB2D 85AE            	  6524: 	STA	FAC1_2		; save FAC1 mantissa2
01:DB2F A5AD            	  6525: 	LDA	FAC1_1		; get FAC1 mantissa1
01:DB31 79F5E1          	  6526: 	ADC	LAB_2A9A,Y		; add -ve MSB
01:DB34 85AD            	  6527: 	STA	FAC1_1		; save FAC1 mantissa1
01:DB36 E8              	  6528: 	INX				; 
01:DB37 B004            	  6529: 	BCS	LAB_2A18		; 
                        	  6530: 
01:DB39 10E5            	  6531: 	BPL	LAB_29FB		; not -ve so try again
                        	  6532: 
01:DB3B 3002            	  6533: 	BMI	LAB_2A1A		; 
                        	  6534: 
                        	  6535: LAB_2A18
01:DB3D 30E1            	  6536: 	BMI	LAB_29FB		; 
                        	  6537: 
                        	  6538: LAB_2A1A
01:DB3F 8A              	  6539: 	TXA				; 
01:DB40 9004            	  6540: 	BCC	LAB_2A21		; 
                        	  6541: 
01:DB42 49FF            	  6542: 	EOR	#$FF			; 
01:DB44 690A            	  6543: 	ADC	#$0A			; 
                        	  6544: LAB_2A21
01:DB46 692F            	  6545: 	ADC	#'0'-1		; add "0"-1 to result
01:DB48 C8              	  6546: 	INY				; increment index ..
01:DB49 C8              	  6547: 	INY				; .. to next less ..
01:DB4A C8              	  6548: 	INY				; .. power of ten
01:DB4B 8495            	  6549: 	STY	Cvaral		; save as current var address low byte
01:DB4D A4BA            	  6550: 	LDY	Sendl			; get output string index
01:DB4F C8              	  6551: 	INY				; increment output string index
01:DB50 AA              	  6552: 	TAX				; copy character to X
01:DB51 297F            	  6553: 	AND	#$7F			; mask out top bit
01:DB53 99EF00          	  6554: 	STA	Decss,Y		; save to output string
01:DB56 C6A8            	  6555: 	DEC	numexp		; decrement # of characters before the dp
01:DB58 D006            	  6556: 	BNE	LAB_2A3B		; branch if still characters to do
                        	  6557: 
                        	  6558: 					; else output the point
01:DB5A A92E            	  6559: 	LDA	#$2E			; character "."
01:DB5C C8              	  6560: 	INY				; increment output string index
01:DB5D 99EF00          	  6561: 	STA	Decss,Y		; save to output string
                        	  6562: LAB_2A3B
01:DB60 84BA            	  6563: 	STY	Sendl			; save output string index
01:DB62 A495            	  6564: 	LDY	Cvaral		; get current var address low byte
01:DB64 8A              	  6565: 	TXA				; get character back
01:DB65 49FF            	  6566: 	EOR	#$FF			; 
01:DB67 2980            	  6567: 	AND	#$80			; 
01:DB69 AA              	  6568: 	TAX				; 
01:DB6A C012            	  6569: 	CPY	#$12			; compare index with max
01:DB6C D0B2            	  6570: 	BNE	LAB_29FB		; loop if not max
                        	  6571: 
                        	  6572: 					; now remove trailing zeroes
01:DB6E A4BA            	  6573: 	LDY	Sendl			; get output string index
                        	  6574: LAB_2A4B
01:DB70 B9EF00          	  6575: 	LDA	Decss,Y		; get character from output string
01:DB73 88              	  6576: 	DEY				; decrement output string index
01:DB74 C930            	  6577: 	CMP	#'0'			; compare with "0"
01:DB76 F0F8            	  6578: 	BEQ	LAB_2A4B		; loop until non "0" character found
                        	  6579: 
01:DB78 C92E            	  6580: 	CMP	#'.'			; compare with "."
01:DB7A F001            	  6581: 	BEQ	LAB_2A58		; branch if was dp
                        	  6582: 
                        	  6583: 					; restore last character
01:DB7C C8              	  6584: 	INY				; increment output string index
                        	  6585: LAB_2A58
01:DB7D A92B            	  6586: 	LDA	#$2B			; character "+"
01:DB7F A6A9            	  6587: 	LDX	expcnt		; get exponent count
01:DB81 F02E            	  6588: 	BEQ	LAB_2A8C		; if zero go set null terminator and exit
                        	  6589: 
                        	  6590: 					; exponent isn't zero so write exponent
01:DB83 1008            	  6591: 	BPL	LAB_2A68		; branch if exponent count +ve
                        	  6592: 
01:DB85 A900            	  6593: 	LDA	#$00			; clear A
01:DB87 38              	  6594: 	SEC				; set carry for subtract
01:DB88 E5A9            	  6595: 	SBC	expcnt		; subtract exponent count adjust (convert -ve to +ve)
01:DB8A AA              	  6596: 	TAX				; copy exponent count to X
01:DB8B A92D            	  6597: 	LDA	#'-'			; character "-"
                        	  6598: LAB_2A68
01:DB8D 99F100          	  6599: 	STA	Decss+2,Y		; save to output string
01:DB90 A945            	  6600: 	LDA	#$45			; character "E"
01:DB92 99F000          	  6601: 	STA	Decss+1,Y		; save exponent sign to output string
01:DB95 8A              	  6602: 	TXA				; get exponent count back
01:DB96 A22F            	  6603: 	LDX	#'0'-1		; one less than "0" character
01:DB98 38              	  6604: 	SEC				; set carry for subtract
                        	  6605: LAB_2A74
01:DB99 E8              	  6606: 	INX				; increment 10's character
01:DB9A E90A            	  6607: 	SBC	#$0A			;.subtract 10 from exponent count
01:DB9C B0FB            	  6608: 	BCS	LAB_2A74		; loop while still >= 0
                        	  6609: 
01:DB9E 693A            	  6610: 	ADC	#':'			; add character ":" ($30+$0A, result is 10 less that value)
01:DBA0 99F300          	  6611: 	STA	Decss+4,Y		; save to output string
01:DBA3 8A              	  6612: 	TXA				; copy 10's character
01:DBA4 99F200          	  6613: 	STA	Decss+3,Y		; save to output string
01:DBA7 A900            	  6614: 	LDA	#$00			; set null terminator
01:DBA9 99F400          	  6615: 	STA	Decss+5,Y		; save to output string
01:DBAC F008            	  6616: 	BEQ	LAB_2A91		; go set string pointer (AY) and exit (branch always)
                        	  6617: 
                        	  6618: 					; save last character, [EOT] and exit
                        	  6619: LAB_2A89
01:DBAE 99EF00          	  6620: 	STA	Decss,Y		; save last character to output string
                        	  6621: 
                        	  6622: 					; set null terminator and exit
                        	  6623: LAB_2A8C
01:DBB1 A900            	  6624: 	LDA	#$00			; set null terminator
01:DBB3 99F000          	  6625: 	STA	Decss+1,Y		; save after last character
                        	  6626: 
                        	  6627: 					; set string pointer (AY) and exit
                        	  6628: LAB_2A91
01:DBB6 A9F0            	  6629: 	LDA	#<Decssp1		; set result string low pointer
01:DBB8 A000            	  6630: 	LDY	#>Decssp1		; set result string high pointer
01:DBBA 60              	  6631: 	RTS
                        	  6632: 
                        	  6633: ; perform power function
                        	  6634: 
                        	  6635: LAB_POWER
01:DBBB F042            	  6636: 	BEQ	LAB_EXP		; go do  EXP()
                        	  6637: 
01:DBBD A5B3            	  6638: 	LDA	FAC2_e		; get FAC2 exponent
01:DBBF D003            	  6639: 	BNE	LAB_2ABF		; branch if FAC2<>0
                        	  6640: 
01:DBC1 4C52D6          	  6641: 	JMP	LAB_24F3		; clear FAC1 exponent and sign and return
                        	  6642: 
                        	  6643: LAB_2ABF
01:DBC4 A29C            	  6644: 	LDX	#<func_l		; set destination pointer low byte
01:DBC6 A000            	  6645: 	LDY	#>func_l		; set destination pointer high byte
01:DBC8 20A7D8          	  6646: 	JSR	LAB_2778		; pack FAC1 into (XY)
01:DBCB A5B7            	  6647: 	LDA	FAC2_s		; get FAC2 sign (b7)
01:DBCD 100F            	  6648: 	BPL	LAB_2AD9		; branch if FAC2>0
                        	  6649: 
                        	  6650: 					; else FAC2 is -ve and can only be raised to an
                        	  6651: 					; integer power which gives an x +j0 result
01:DBCF 2081D9          	  6652: 	JSR	LAB_INT		; perform INT
01:DBD2 A99C            	  6653: 	LDA	#<func_l		; set source pointer low byte
01:DBD4 A000            	  6654: 	LDY	#>func_l		; set source pointer high byte
01:DBD6 2017D9          	  6655: 	JSR	LAB_27F8		; compare FAC1 with (AY)
01:DBD9 D003            	  6656: 	BNE	LAB_2AD9		; branch if FAC1 <> (AY) to allow Function Call error
                        	  6657: 					; this will leave FAC1 -ve and cause a Function Call
                        	  6658: 					; error when LOG() is called
                        	  6659: 
01:DBDB 98              	  6660: 	TYA				; clear sign b7
01:DBDC A45B            	  6661: 	LDY	Temp3			; save mantissa 3 from INT() function as sign in Y
                        	  6662: 					; for possible later negation, b0
                        	  6663: LAB_2AD9
01:DBDE 20C5D5          	  6664: 	JSR	LAB_279D		; save FAC1 sign and copy ABS(FAC2) to FAC1
01:DBE1 98              	  6665: 	TYA				; copy sign back ..
01:DBE2 48              	  6666: 	PHA				; .. and save it
01:DBE3 20FBD6          	  6667: 	JSR	LAB_LOG		; do LOG(n)
01:DBE6 A99C            	  6668: 	LDA	#<garb_l		; set pointer low byte
01:DBE8 A000            	  6669: 	LDY	#>garb_l		; set pointer high byte
01:DBEA 2039D7          	  6670: 	JSR	LAB_25FB		; do convert AY, FCA1*(AY) (square the value)
01:DBED 20FFDB          	  6671: 	JSR	LAB_EXP		; go do EXP(n)
01:DBF0 68              	  6672: 	PLA				; pull sign from stack
01:DBF1 4A              	  6673: 	LSR				; b0 is to be tested, shift to Cb
01:DBF2 900A            	  6674: 	BCC	LAB_2AF9		; if no bit then exit
                        	  6675: 
                        	  6676: 					; Perform negation
                        	  6677: ; do - FAC1
                        	  6678: 
                        	  6679: LAB_GTHAN
01:DBF4 A5AC            	  6680: 	LDA	FAC1_e		; get FAC1 exponent
01:DBF6 F006            	  6681: 	BEQ	LAB_2AF9		; exit if FAC1_e = $00
                        	  6682: 
01:DBF8 A5B0            	  6683: 	LDA	FAC1_s		; get FAC1 sign (b7)
01:DBFA 49FF            	  6684: 	EOR	#$FF			; complement it
01:DBFC 85B0            	  6685: 	STA	FAC1_s		; save FAC1 sign (b7)
                        	  6686: LAB_2AF9
01:DBFE 60              	  6687: 	RTS
                        	  6688: 
                        	  6689: ; perform EXP()	(x^e)
                        	  6690: 
                        	  6691: LAB_EXP
01:DBFF A985            	  6692: 	LDA	#<LAB_2AFA		; set 1.443 pointer low byte
01:DC01 A0E1            	  6693: 	LDY	#>LAB_2AFA		; set 1.443 pointer high byte
01:DC03 2039D7          	  6694: 	JSR	LAB_25FB		; do convert AY, FCA1*(AY)
01:DC06 A5B9            	  6695: 	LDA	FAC1_r		; get FAC1 rounding byte
01:DC08 6950            	  6696: 	ADC	#$50			; +$50/$100
01:DC0A 9003            	  6697: 	BCC	LAB_2B2B		; skip rounding if no carry
                        	  6698: 
01:DC0C 20E1D8          	  6699: 	JSR	LAB_27C2		; round FAC1 (no check)
                        	  6700: LAB_2B2B
01:DC0F 85A3            	  6701: 	STA	FAC2_r		; save FAC2 rounding byte
01:DC11 20CDD8          	  6702: 	JSR	LAB_27AE		; copy FAC1 to FAC2
01:DC14 A5AC            	  6703: 	LDA	FAC1_e		; get FAC1 exponent
01:DC16 C988            	  6704: 	CMP	#$88			; compare with EXP limit (256d)
01:DC18 9003            	  6705: 	BCC	LAB_2B39		; branch if less
                        	  6706: 
                        	  6707: LAB_2B36
01:DC1A 20CED7          	  6708: 	JSR	LAB_2690		; handle overflow and underflow
                        	  6709: LAB_2B39
01:DC1D 2081D9          	  6710: 	JSR	LAB_INT		; perform INT
01:DC20 A55B            	  6711: 	LDA	Temp3			; get mantissa 3 from INT() function
01:DC22 18              	  6712: 	CLC				; clear carry for add
01:DC23 6981            	  6713: 	ADC	#$81			; normalise +1
01:DC25 F0F3            	  6714: 	BEQ	LAB_2B36		; if $00 go handle overflow
                        	  6715: 
01:DC27 38              	  6716: 	SEC				; set carry for subtract
01:DC28 E901            	  6717: 	SBC	#$01			; now correct for exponent
01:DC2A 48              	  6718: 	PHA				; save FAC2 exponent
                        	  6719: 
                        	  6720: 					; swap FAC1 and FAC2
01:DC2B A204            	  6721: 	LDX	#$04			; 4 bytes to do
                        	  6722: LAB_2B49
01:DC2D B5B3            	  6723: 	LDA	FAC2_e,X		; get FAC2,X
01:DC2F B4AC            	  6724: 	LDY	FAC1_e,X		; get FAC1,X
01:DC31 95AC            	  6725: 	STA	FAC1_e,X		; save FAC1,X
01:DC33 94B3            	  6726: 	STY	FAC2_e,X		; save FAC2,X
01:DC35 CA              	  6727: 	DEX				; decrement count/index
01:DC36 10F5            	  6728: 	BPL	LAB_2B49		; loop if not all done
                        	  6729: 
01:DC38 A5A3            	  6730: 	LDA	FAC2_r		; get FAC2 rounding byte
01:DC3A 85B9            	  6731: 	STA	FAC1_r		; save as FAC1 rounding byte
01:DC3C 20A6D5          	  6732: 	JSR	LAB_SUBTRACT	; perform subtraction, FAC2 from FAC1
01:DC3F 20F4DB          	  6733: 	JSR	LAB_GTHAN		; do - FAC1
01:DC42 A989            	  6734: 	LDA	#<LAB_2AFE		; set counter pointer low byte
01:DC44 A0E1            	  6735: 	LDY	#>LAB_2AFE		; set counter pointer high byte
01:DC46 2067DC          	  6736: 	JSR	LAB_2B84		; go do series evaluation
01:DC49 A900            	  6737: 	LDA	#$00			; clear A
01:DC4B 85B8            	  6738: 	STA	FAC_sc		; clear sign compare (FAC1 EOR FAC2)
01:DC4D 68              	  6739: 	PLA				;.get saved FAC2 exponent
01:DC4E 4CB3D7          	  6740: 	JMP	LAB_2675		; test and adjust accumulators and return
                        	  6741: 
                        	  6742: ; ^2 then series evaluation
                        	  6743: 
                        	  6744: LAB_2B6E
01:DC51 85BA            	  6745: 	STA	Cptrl			; save count pointer low byte
01:DC53 84BB            	  6746: 	STY	Cptrh			; save count pointer high byte
01:DC55 209DD8          	  6747: 	JSR	LAB_276E		; pack FAC1 into Adatal
01:DC58 A9A4            	  6748: 	LDA	#<Adatal		; set pointer low byte (Y already $00)
01:DC5A 2039D7          	  6749: 	JSR	LAB_25FB		; do convert AY, FCA1*(AY)
01:DC5D 206BDC          	  6750: 	JSR	LAB_2B88		; go do series evaluation
01:DC60 A9A4            	  6751: 	LDA	#<Adatal		; pointer to original # low byte
01:DC62 A000            	  6752: 	LDY	#>Adatal		; pointer to original # high byte
01:DC64 4C39D7          	  6753: 	JMP	LAB_25FB		; do convert AY, FCA1*(AY) and return
                        	  6754: 
                        	  6755: ; series evaluation
                        	  6756: 
                        	  6757: LAB_2B84
01:DC67 85BA            	  6758: 	STA	Cptrl			; save count pointer low byte
01:DC69 84BB            	  6759: 	STY	Cptrh			; save count pointer high byte
                        	  6760: LAB_2B88
01:DC6B A2A8            	  6761: 	LDX	#<numexp		; set pointer low byte
01:DC6D 209FD8          	  6762: 	JSR	LAB_2770		; set pointer high byte and pack FAC1 into numexp
01:DC70 B1BA            	  6763: 	LDA	(Cptrl),Y		; get constants count
01:DC72 85B1            	  6764: 	STA	numcon		; save constants count
01:DC74 A4BA            	  6765: 	LDY	Cptrl			; get count pointer low byte
01:DC76 C8              	  6766: 	INY				; increment it (now constants pointer)
01:DC77 98              	  6767: 	TYA				; copy it
01:DC78 D002            	  6768: 	BNE	LAB_2B97		; skip next if no overflow
                        	  6769: 
01:DC7A E6BB            	  6770: 	INC	Cptrh			; else increment high byte
                        	  6771: LAB_2B97
01:DC7C 85BA            	  6772: 	STA	Cptrl			; save low byte
01:DC7E A4BB            	  6773: 	LDY	Cptrh			; get high byte
                        	  6774: LAB_2B9B
01:DC80 2039D7          	  6775: 	JSR	LAB_25FB		; do convert AY, FCA1*(AY)
01:DC83 A5BA            	  6776: 	LDA	Cptrl			; get constants pointer low byte
01:DC85 A4BB            	  6777: 	LDY	Cptrh			; get constants pointer high byte
01:DC87 18              	  6778: 	CLC				; clear carry for add
01:DC88 6904            	  6779: 	ADC	#$04			; +4 to  low pointer (4 bytes per constant)
01:DC8A 9001            	  6780: 	BCC	LAB_2BA8		; skip next if no overflow
                        	  6781: 
01:DC8C C8              	  6782: 	INY				; increment high byte
                        	  6783: LAB_2BA8
01:DC8D 85BA            	  6784: 	STA	Cptrl			; save pointer low byte
01:DC8F 84BB            	  6785: 	STY	Cptrh			; save pointer high byte
01:DC91 20BED5          	  6786: 	JSR	LAB_246C		; add (AY) to FAC1
01:DC94 A9A8            	  6787: 	LDA	#<numexp		; set pointer low byte to partial @ numexp
01:DC96 A000            	  6788: 	LDY	#>numexp		; set pointer high byte to partial @ numexp
01:DC98 C6B1            	  6789: 	DEC	numcon		; decrement constants count
01:DC9A D0E4            	  6790: 	BNE	LAB_2B9B		; loop until all done
                        	  6791: 
01:DC9C 60              	  6792: 	RTS
                        	  6793: 
                        	  6794: ; RND(n), 32 bit Galoise version. make n=0 for 19th next number in sequence or n<>0
                        	  6795: ; to get 19th next number in sequence after seed n. This version of the PRNG uses
                        	  6796: ; the Galois method and a sample of 65536 bytes produced gives the following values.
                        	  6797: 
                        	  6798: ; Entropy = 7.997442 bits per byte
                        	  6799: ; Optimum compression would reduce these 65536 bytes by 0 percent
                        	  6800: 
                        	  6801: ; Chi square distribution for 65536 samples is 232.01, and
                        	  6802: ; randomly would exceed this value 75.00 percent of the time
                        	  6803: 
                        	  6804: ; Arithmetic mean value of data bytes is 127.6724, 127.5 would be random
                        	  6805: ; Monte Carlo value for Pi is 3.122871269, error 0.60 percent
                        	  6806: ; Serial correlation coefficient is -0.000370, totally uncorrelated would be 0.0
                        	  6807: 
                        	  6808: LAB_RND
01:DC9D A5AC            	  6809: 	LDA	FAC1_e		; get FAC1 exponent
01:DC9F F007            	  6810: 	BEQ	NextPRN		; do next random # if zero
                        	  6811: 
                        	  6812: 					; else get seed into random number store
01:DCA1 A2D8            	  6813: 	LDX	#Rbyte4		; set PRNG pointer low byte
01:DCA3 A000            	  6814: 	LDY	#$00			; set PRNG pointer high byte
01:DCA5 20A7D8          	  6815: 	JSR	LAB_2778		; pack FAC1 into (XY)
                        	  6816: NextPRN
01:DCA8 A2AF            	  6817: 	LDX	#$AF			; set EOR byte
01:DCAA A013            	  6818: 	LDY	#$13			; do this nineteen times
                        	  6819: LoopPRN
01:DCAC 06D9            	  6820: 	ASL	Rbyte1		; shift PRNG most significant byte
01:DCAE 26DA            	  6821: 	ROL	Rbyte2		; shift PRNG middle byte
01:DCB0 26DB            	  6822: 	ROL	Rbyte3		; shift PRNG least significant byte
01:DCB2 26D8            	  6823: 	ROL	Rbyte4		; shift PRNG extra byte
01:DCB4 9005            	  6824: 	BCC	Ninc1			; branch if bit 32 clear
                        	  6825: 
01:DCB6 8A              	  6826: 	TXA				; set EOR byte
01:DCB7 45D9            	  6827: 	EOR	Rbyte1		; EOR PRNG extra byte
01:DCB9 85D9            	  6828: 	STA	Rbyte1		; save new PRNG extra byte
                        	  6829: Ninc1
01:DCBB 88              	  6830: 	DEY				; decrement loop count
01:DCBC D0EE            	  6831: 	BNE	LoopPRN		; loop if not all done
                        	  6832: 
01:DCBE A202            	  6833: 	LDX	#$02			; three bytes to copy
                        	  6834: CopyPRNG
01:DCC0 B5D9            	  6835: 	LDA	Rbyte1,X		; get PRNG byte
01:DCC2 95AD            	  6836: 	STA	FAC1_1,X		; save FAC1 byte
01:DCC4 CA              	  6837: 	DEX
01:DCC5 10F9            	  6838: 	BPL	CopyPRNG		; loop if not complete
                        	  6839: 
01:DCC7 A980            	  6840: 	LDA	#$80			; set the exponent
01:DCC9 85AC            	  6841: 	STA	FAC1_e		; save FAC1 exponent
                        	  6842: 
01:DCCB 0A              	  6843: 	ASL				; clear A
01:DCCC 85B0            	  6844: 	STA	FAC1_s		; save FAC1 sign
                        	  6845: 
01:DCCE 4C34D6          	  6846: 	JMP	LAB_24D5		; normalise FAC1 and return
                        	  6847: 
                        	  6848: ; perform COS()
                        	  6849: 
                        	  6850: LAB_COS
01:DCD1 A9A6            	  6851: 	LDA	#<LAB_2C78		; set (pi/2) pointer low byte
01:DCD3 A0E1            	  6852: 	LDY	#>LAB_2C78		; set (pi/2) pointer high byte
01:DCD5 20BED5          	  6853: 	JSR	LAB_246C		; add (AY) to FAC1
                        	  6854: 
                        	  6855: ; perform SIN()
                        	  6856: 
                        	  6857: LAB_SIN
01:DCD8 20CAD8          	  6858: 	JSR	LAB_27AB		; round and copy FAC1 to FAC2
01:DCDB A9BB            	  6859: 	LDA	#<LAB_2C7C		; set (2*pi) pointer low byte
01:DCDD A0E1            	  6860: 	LDY	#>LAB_2C7C		; set (2*pi) pointer high byte
01:DCDF A6B7            	  6861: 	LDX	FAC2_s		; get FAC2 sign (b7)
01:DCE1 20F9D7          	  6862: 	JSR	LAB_26C2		; divide by (AY) (X=sign)
01:DCE4 20CAD8          	  6863: 	JSR	LAB_27AB		; round and copy FAC1 to FAC2
01:DCE7 2081D9          	  6864: 	JSR	LAB_INT		; perform INT
01:DCEA A900            	  6865: 	LDA	#$00			; clear byte
01:DCEC 85B8            	  6866: 	STA	FAC_sc		; clear sign compare (FAC1 EOR FAC2)
01:DCEE 20A6D5          	  6867: 	JSR	LAB_SUBTRACT	; perform subtraction, FAC2 from FAC1
01:DCF1 A9ED            	  6868: 	LDA	#<LAB_2C80		; set 0.25 pointer low byte
01:DCF3 A0E1            	  6869: 	LDY	#>LAB_2C80		; set 0.25 pointer high byte
01:DCF5 20A3D5          	  6870: 	JSR	LAB_2455		; perform subtraction, (AY) from FAC1
01:DCF8 A5B0            	  6871: 	LDA	FAC1_s		; get FAC1 sign (b7)
01:DCFA 48              	  6872: 	PHA				; save FAC1 sign
01:DCFB 100D            	  6873: 	BPL	LAB_2C35		; branch if +ve
                        	  6874: 
                        	  6875: 					; FAC1 sign was -ve
01:DCFD 20BAD5          	  6876: 	JSR	LAB_244E		; add 0.5 to FAC1
01:DD00 A5B0            	  6877: 	LDA	FAC1_s		; get FAC1 sign (b7)
01:DD02 3009            	  6878: 	BMI	LAB_2C38		; branch if -ve
                        	  6879: 
01:DD04 A563            	  6880: 	LDA	Cflag			; get comparison evaluation flag
01:DD06 49FF            	  6881: 	EOR	#$FF			; toggle flag
01:DD08 8563            	  6882: 	STA	Cflag			; save comparison evaluation flag
                        	  6883: LAB_2C35
01:DD0A 20F4DB          	  6884: 	JSR	LAB_GTHAN		; do - FAC1
                        	  6885: LAB_2C38
01:DD0D A9ED            	  6886: 	LDA	#<LAB_2C80		; set 0.25 pointer low byte
01:DD0F A0E1            	  6887: 	LDY	#>LAB_2C80		; set 0.25 pointer high byte
01:DD11 20BED5          	  6888: 	JSR	LAB_246C		; add (AY) to FAC1
01:DD14 68              	  6889: 	PLA				; restore FAC1 sign
01:DD15 1003            	  6890: 	BPL	LAB_2C45		; branch if was +ve
                        	  6891: 
                        	  6892: 					; else correct FAC1
01:DD17 20F4DB          	  6893: 	JSR	LAB_GTHAN		; do - FAC1
                        	  6894: LAB_2C45
01:DD1A A9AA            	  6895: 	LDA	#<LAB_2C84		; set pointer low byte to counter
01:DD1C A0E1            	  6896: 	LDY	#>LAB_2C84		; set pointer high byte to counter
01:DD1E 4C51DC          	  6897: 	JMP	LAB_2B6E		; ^2 then series evaluation and return
                        	  6898: 
                        	  6899: ; perform TAN()
                        	  6900: 
                        	  6901: LAB_TAN
01:DD21 209DD8          	  6902: 	JSR	LAB_276E		; pack FAC1 into Adatal
01:DD24 A900            	  6903: 	LDA	#$00			; clear byte
01:DD26 8563            	  6904: 	STA	Cflag			; clear comparison evaluation flag
01:DD28 20D8DC          	  6905: 	JSR	LAB_SIN		; go do SIN(n)
01:DD2B A29C            	  6906: 	LDX	#<func_l		; set sin(n) pointer low byte
01:DD2D A000            	  6907: 	LDY	#>func_l		; set sin(n) pointer high byte
01:DD2F 20A7D8          	  6908: 	JSR	LAB_2778		; pack FAC1 into (XY)
01:DD32 A9A4            	  6909: 	LDA	#<Adatal		; set n pointer low addr
01:DD34 A000            	  6910: 	LDY	#>Adatal		; set n pointer high addr
01:DD36 207DD8          	  6911: 	JSR	LAB_UFAC		; unpack memory (AY) into FAC1
01:DD39 A900            	  6912: 	LDA	#$00			; clear byte
01:DD3B 85B0            	  6913: 	STA	FAC1_s		; clear FAC1 sign (b7)
01:DD3D A563            	  6914: 	LDA	Cflag			; get comparison evaluation flag
01:DD3F 2049DD          	  6915: 	JSR	LAB_2C74		; save flag and go do series evaluation
                        	  6916: 
01:DD42 A99C            	  6917: 	LDA	#<func_l		; set sin(n) pointer low byte
01:DD44 A000            	  6918: 	LDY	#>func_l		; set sin(n) pointer high byte
01:DD46 4C01D8          	  6919: 	JMP	LAB_26CA		; convert AY and do (AY)/FAC1
                        	  6920: 
                        	  6921: LAB_2C74
01:DD49 48              	  6922: 	PHA				; save comparison evaluation flag
01:DD4A 4C0ADD          	  6923: 	JMP	LAB_2C35		; go do series evaluation
                        	  6924: 
                        	  6925: ; perform USR()
                        	  6926: 
                        	  6927: LAB_USR
01:DD4D 200A00          	  6928: 	JSR	Usrjmp		; call user code
01:DD50 4CEFCB          	  6929: 	JMP	LAB_1BFB		; scan for ")", else do syntax error then warm start
                        	  6930: 
                        	  6931: ; perform ATN()
                        	  6932: 
                        	  6933: LAB_ATN
01:DD53 A5B0            	  6934: 	LDA	FAC1_s		; get FAC1 sign (b7)
01:DD55 48              	  6935: 	PHA				; save sign
01:DD56 1003            	  6936: 	BPL	LAB_2CA1		; branch if +ve
                        	  6937: 
01:DD58 20F4DB          	  6938: 	JSR	LAB_GTHAN		; else do - FAC1
                        	  6939: LAB_2CA1
01:DD5B A5AC            	  6940: 	LDA	FAC1_e		; get FAC1 exponent
01:DD5D 48              	  6941: 	PHA				; push exponent
01:DD5E C981            	  6942: 	CMP	#$81			; compare with 1
01:DD60 9007            	  6943: 	BCC	LAB_2CAF		; branch if FAC1<1
                        	  6944: 
01:DD62 A9E0            	  6945: 	LDA	#<LAB_259C		; set 1 pointer low byte
01:DD64 A0E1            	  6946: 	LDY	#>LAB_259C		; set 1 pointer high byte
01:DD66 2001D8          	  6947: 	JSR	LAB_26CA		; convert AY and do (AY)/FAC1
                        	  6948: LAB_2CAF
01:DD69 A9BF            	  6949: 	LDA	#<LAB_2CC9		; set pointer low byte to counter
01:DD6B A0E1            	  6950: 	LDY	#>LAB_2CC9		; set pointer high byte to counter
01:DD6D 2051DC          	  6951: 	JSR	LAB_2B6E		; ^2 then series evaluation
01:DD70 68              	  6952: 	PLA				; restore old FAC1 exponent
01:DD71 C981            	  6953: 	CMP	#$81			; compare with 1
01:DD73 9007            	  6954: 	BCC	LAB_2CC2		; branch if FAC1<1
                        	  6955: 
01:DD75 A9A6            	  6956: 	LDA	#<LAB_2C78		; set (pi/2) pointer low byte
01:DD77 A0E1            	  6957: 	LDY	#>LAB_2C78		; set (pi/2) pointer high byte
01:DD79 20A3D5          	  6958: 	JSR	LAB_2455		; perform subtraction, (AY) from FAC1
                        	  6959: LAB_2CC2
01:DD7C 68              	  6960: 	PLA				; restore FAC1 sign
01:DD7D 1016            	  6961: 	BPL	LAB_2D04		; exit if was +ve
                        	  6962: 
01:DD7F 4CF4DB          	  6963: 	JMP	LAB_GTHAN		; else do - FAC1 and return
                        	  6964: 
                        	  6965: ; perform BITSET
                        	  6966: 
                        	  6967: LAB_BITSET
01:DD82 20D8D4          	  6968: 	JSR	LAB_GADB		; get two parameters for POKE or WAIT
01:DD85 E008            	  6969: 	CPX	#$08			; only 0 to 7 are allowed
01:DD87 B020            	  6970: 	BCS	FCError		; branch if > 7
                        	  6971: 
01:DD89 A900            	  6972: 	LDA	#$00			; clear A
01:DD8B 38              	  6973: 	SEC				; set the carry
                        	  6974: S_Bits
01:DD8C 2A              	  6975: 	ROL				; shift bit
01:DD8D CA              	  6976: 	DEX				; decrement bit number
01:DD8E 10FC            	  6977: 	BPL	S_Bits		; loop if still +ve
                        	  6978: 
01:DD90 E8              	  6979: 	INX				; make X = $00
01:DD91 0111            	  6980: 	ORA	(Itempl,X)		; or with byte via temporary integer (addr)
01:DD93 8111            	  6981: 	STA	(Itempl,X)		; save byte via temporary integer (addr)
                        	  6982: LAB_2D04
01:DD95 60              	  6983: 	RTS
                        	  6984: 
                        	  6985: ; perform BITCLR
                        	  6986: 
                        	  6987: LAB_BITCLR
01:DD96 20D8D4          	  6988: 	JSR	LAB_GADB		; get two parameters for POKE or WAIT
01:DD99 E008            	  6989: 	CPX	#$08			; only 0 to 7 are allowed
01:DD9B B00C            	  6990: 	BCS	FCError		; branch if > 7
                        	  6991: 
01:DD9D A9FF            	  6992: 	LDA	#$FF			; set A
                        	  6993: S_Bitc
01:DD9F 2A              	  6994: 	ROL				; shift bit
01:DDA0 CA              	  6995: 	DEX				; decrement bit number
01:DDA1 10FC            	  6996: 	BPL	S_Bitc		; loop if still +ve
                        	  6997: 
01:DDA3 E8              	  6998: 	INX				; make X = $00
01:DDA4 2111            	  6999: 	AND	(Itempl,X)		; and with byte via temporary integer (addr)
01:DDA6 8111            	  7000: 	STA	(Itempl,X)		; save byte via temporary integer (addr)
01:DDA8 60              	  7001: 	RTS
                        	  7002: 
                        	  7003: FCError
01:DDA9 4C29CF          	  7004: 	JMP	LAB_FCER		; do function call error then warm start
                        	  7005: 
                        	  7006: ; perform BITTST()
                        	  7007: 
                        	  7008: LAB_BTST
01:DDAC 20BC00          	  7009: 	JSR	LAB_IGBY		; increment BASIC pointer
01:DDAF 20D8D4          	  7010: 	JSR	LAB_GADB		; get two parameters for POKE or WAIT
01:DDB2 E008            	  7011: 	CPX	#$08			; only 0 to 7 are allowed
01:DDB4 B0F3            	  7012: 	BCS	FCError		; branch if > 7
                        	  7013: 
01:DDB6 20C200          	  7014: 	JSR	LAB_GBYT		; get next BASIC byte
01:DDB9 C929            	  7015: 	CMP	#')'			; is next character ")"
01:DDBB F003            	  7016: 	BEQ	TST_OK		; if ")" go do rest of function
                        	  7017: 
01:DDBD 4C02CC          	  7018: 	JMP	LAB_SNER		; do syntax error then warm start
                        	  7019: 
                        	  7020: TST_OK
01:DDC0 20BC00          	  7021: 	JSR	LAB_IGBY		; update BASIC execute pointer (to character past ")")
01:DDC3 A900            	  7022: 	LDA	#$00			; clear A
01:DDC5 38              	  7023: 	SEC				; set the carry
                        	  7024: T_Bits
01:DDC6 2A              	  7025: 	ROL				; shift bit
01:DDC7 CA              	  7026: 	DEX				; decrement bit number
01:DDC8 10FC            	  7027: 	BPL	T_Bits		; loop if still +ve
                        	  7028: 
01:DDCA E8              	  7029: 	INX				; make X = $00
01:DDCB 2111            	  7030: 	AND	(Itempl,X)		; AND with byte via temporary integer (addr)
01:DDCD F002            	  7031: 	BEQ	LAB_NOTT		; branch if zero (already correct)
                        	  7032: 
01:DDCF A9FF            	  7033: 	LDA	#$FF			; set for -1 result
                        	  7034: LAB_NOTT
01:DDD1 4CFAD8          	  7035: 	JMP	LAB_27DB		; go do SGN tail
                        	  7036: 
                        	  7037: ; perform BIN$()
                        	  7038: 
                        	  7039: LAB_BINS
01:DDD4 E019            	  7040: 	CPX	#$19			; max + 1
01:DDD6 B048            	  7041: 	BCS	BinFErr		; exit if too big ( > or = )
                        	  7042: 
01:DDD8 8678            	  7043: 	STX	TempB			; save # of characters ($00 = leading zero remove)
01:DDDA A918            	  7044: 	LDA	#$18			; need A byte long space
01:DDDC 203AD1          	  7045: 	JSR	LAB_MSSP		; make string space A bytes long
01:DDDF A017            	  7046: 	LDY	#$17			; set index
01:DDE1 A218            	  7047: 	LDX	#$18			; character count
                        	  7048: NextB1
01:DDE3 4611            	  7049: 	LSR	nums_1		; shift highest byte
01:DDE5 6612            	  7050: 	ROR	nums_2		; shift middle byte
01:DDE7 6613            	  7051: 	ROR	nums_3		; shift lowest byte bit 0 to carry
01:DDE9 8A              	  7052: 	TXA				; load with "0"/2
01:DDEA 2A              	  7053: 	ROL				; shift in carry
01:DDEB 91AD            	  7054: 	STA	(str_pl),Y		; save to temp string + index
01:DDED 88              	  7055: 	DEY				; decrement index
01:DDEE 10F3            	  7056: 	BPL	NextB1		; loop if not done
                        	  7057: 
01:DDF0 A578            	  7058: 	LDA	TempB			; get # of characters
01:DDF2 F00A            	  7059: 	BEQ	EndBHS		; branch if truncate
                        	  7060: 
01:DDF4 AA              	  7061: 	TAX				; copy length to X
01:DDF5 38              	  7062: 	SEC				; set carry for add !
01:DDF6 49FF            	  7063: 	EOR	#$FF			; 1's complement
01:DDF8 6918            	  7064: 	ADC	#$18			; add 24d
01:DDFA F01C            	  7065: 	BEQ	GoPr2			; if zero print whole string
                        	  7066: 
01:DDFC D00F            	  7067: 	BNE	GoPr1			; else go make output string
                        	  7068: 	
                        	  7069: ; this is the exit code and is also used by HEX$()
                        	  7070: ; truncate string to remove leading "0"s
                        	  7071: 
                        	  7072: EndBHS
01:DDFE A8              	  7073: 	TAY				; clear index (A=0, X=length here)
                        	  7074: NextB2
01:DDFF B1AD            	  7075: 	LDA	(str_pl),Y		; get character from string
01:DE01 C930            	  7076: 	CMP	#'0'			; compare with "0"
01:DE03 D007            	  7077: 	BNE	GoPr			; if not "0" then go print string from here
                        	  7078: 
01:DE05 CA              	  7079: 	DEX				; decrement character count
01:DE06 F003            	  7080: 	BEQ	GoPr3			; if zero then end of string so go print it
                        	  7081: 
01:DE08 C8              	  7082: 	INY				; else increment index
01:DE09 10F4            	  7083: 	BPL	NextB2		; loop always
                        	  7084: 
                        	  7085: ; make fixed length output string - ignore overflows!
                        	  7086: 
                        	  7087: GoPr3
01:DE0B E8              	  7088: 	INX				; need at least 1 character
                        	  7089: GoPr
01:DE0C 98              	  7090: 	TYA				; copy result
                        	  7091: GoPr1
01:DE0D 18              	  7092: 	CLC				; clear carry for add
01:DE0E 65AD            	  7093: 	ADC	str_pl		; add low address
01:DE10 85AD            	  7094: 	STA	str_pl		; save low address
01:DE12 A900            	  7095: 	LDA	#$00			; do high byte
01:DE14 65AE            	  7096: 	ADC	str_ph		; add high address
01:DE16 85AE            	  7097: 	STA	str_ph		; save high address
                        	  7098: GoPr2
01:DE18 86AC            	  7099: 	STX	str_ln		; X holds string length
01:DE1A 20BC00          	  7100: 	JSR	LAB_IGBY		; update BASIC execute pointer (to character past ")")
01:DE1D 4C85D1          	  7101: 	JMP	LAB_RTST		; check for space on descriptor stack then put address
                        	  7102: 					; and length on descriptor stack and update stack pointers
                        	  7103: 
                        	  7104: BinFErr
01:DE20 4C29CF          	  7105: 	JMP	LAB_FCER		; do function call error then warm start
                        	  7106: 
                        	  7107: ; perform HEX$()
                        	  7108: 
                        	  7109: LAB_HEXS
01:DE23 E007            	  7110: 	CPX	#$07			; max + 1
01:DE25 B0F9            	  7111: 	BCS	BinFErr		; exit if too big ( > or = )
                        	  7112: 
01:DE27 8678            	  7113: 	STX	TempB			; save # of characters
                        	  7114: 
01:DE29 A906            	  7115: 	LDA	#$06			; need 6 bytes for string
01:DE2B 203AD1          	  7116: 	JSR	LAB_MSSP		; make string space A bytes long
01:DE2E A005            	  7117: 	LDY	#$05			; set string index
                        	  7118: 
01:DE30 F8              	  7119: 	SED				; need decimal mode for nibble convert
01:DE31 A513            	  7120: 	LDA	nums_3		; get lowest byte
01:DE33 2051DE          	  7121: 	JSR	LAB_A2HX		; convert A to ASCII hex byte and output
01:DE36 A512            	  7122: 	LDA	nums_2		; get middle byte
01:DE38 2051DE          	  7123: 	JSR	LAB_A2HX		; convert A to ASCII hex byte and output
01:DE3B A511            	  7124: 	LDA	nums_1		; get highest byte
01:DE3D 2051DE          	  7125: 	JSR	LAB_A2HX		; convert A to ASCII hex byte and output
01:DE40 D8              	  7126: 	CLD				; back to binary
                        	  7127: 
01:DE41 A206            	  7128: 	LDX	#$06			; character count
01:DE43 A578            	  7129: 	LDA	TempB			; get # of characters
01:DE45 F0B7            	  7130: 	BEQ	EndBHS		; branch if truncate
                        	  7131: 
01:DE47 AA              	  7132: 	TAX				; copy length to X
01:DE48 38              	  7133: 	SEC				; set carry for add !
01:DE49 49FF            	  7134: 	EOR	#$FF			; 1's complement
01:DE4B 6906            	  7135: 	ADC	#$06			; add 6d
01:DE4D F0C9            	  7136: 	BEQ	GoPr2			; if zero print whole string
                        	  7137: 
01:DE4F D0BC            	  7138: 	BNE	GoPr1			; else go make output string (branch always)
                        	  7139: 
                        	  7140: ; convert A to ASCII hex byte and output .. note set decimal mode before calling
                        	  7141: 
                        	  7142: LAB_A2HX
01:DE51 AA              	  7143: 	TAX				; save byte
01:DE52 290F            	  7144: 	AND	#$0F			; mask off top bits
01:DE54 205CDE          	  7145: 	JSR	LAB_AL2X		; convert low nibble to ASCII and output
01:DE57 8A              	  7146: 	TXA				; get byte back
01:DE58 4A              	  7147: 	LSR				; /2	shift high nibble to low nibble
01:DE59 4A              	  7148: 	LSR				; /4
01:DE5A 4A              	  7149: 	LSR				; /8
01:DE5B 4A              	  7150: 	LSR				; /16
                        	  7151: LAB_AL2X
01:DE5C C90A            	  7152: 	CMP	#$0A			; set carry for +1 if >9
01:DE5E 6930            	  7153: 	ADC	#'0'			; add ASCII "0"
01:DE60 91AD            	  7154: 	STA	(str_pl),Y		; save to temp string
01:DE62 88              	  7155: 	DEY				; decrement counter
01:DE63 60              	  7156: 	RTS
                        	  7157: 
                        	  7158: LAB_NLTO
01:DE64 85AC            	  7159: 	STA	FAC1_e		; save FAC1 exponent
01:DE66 A900            	  7160: 	LDA	#$00			; clear sign compare
                        	  7161: LAB_MLTE
01:DE68 85B8            	  7162: 	STA	FAC_sc		; save sign compare (FAC1 EOR FAC2)
01:DE6A 8A              	  7163: 	TXA				; restore character
01:DE6B 2045DA          	  7164: 	JSR	LAB_2912		; evaluate new ASCII digit
                        	  7165: 
                        	  7166: ; gets here if the first character was "$" for hex
                        	  7167: ; get hex number
                        	  7168: 
                        	  7169: LAB_CHEX
01:DE6E 20BC00          	  7170: 	JSR	LAB_IGBY		; increment and scan memory
01:DE71 900A            	  7171: 	BCC	LAB_ISHN		; branch if numeric character
                        	  7172: 
01:DE73 0920            	  7173: 	ORA	#$20			; case convert, allow "A" to "F" and "a" to "f"
01:DE75 E961            	  7174: 	SBC	#'a'			; subtract "a" (carry set here)
01:DE77 C906            	  7175: 	CMP	#$06			; compare normalised with $06 (max+1)
01:DE79 B02A            	  7176: 	BCS	LAB_EXCH		; exit if >"f" or <"0"
                        	  7177: 
01:DE7B 690A            	  7178: 	ADC	#$0A			; convert to nibble
                        	  7179: LAB_ISHN
01:DE7D 290F            	  7180: 	AND	#$0F			; convert to binary
01:DE7F AA              	  7181: 	TAX				; save nibble
01:DE80 A5AC            	  7182: 	LDA	FAC1_e		; get FAC1 exponent
01:DE82 F0E4            	  7183: 	BEQ	LAB_MLTE		; skip multiply if zero
                        	  7184: 
01:DE84 6904            	  7185: 	ADC	#$04			; add four to exponent (*16 - carry clear here)
01:DE86 90DC            	  7186: 	BCC	LAB_NLTO		; if no overflow do evaluate digit
                        	  7187: 
                        	  7188: LAB_MLTO
01:DE88 4CC3D6          	  7189: 	JMP	LAB_2564		; do overflow error and warm start
                        	  7190: 
                        	  7191: LAB_NXCH
01:DE8B AA              	  7192: 	TAX				; save bit
01:DE8C A5AC            	  7193: 	LDA	FAC1_e		; get FAC1 exponent
01:DE8E F006            	  7194: 	BEQ	LAB_MLBT		; skip multiply if zero
                        	  7195: 
01:DE90 E6AC            	  7196: 	INC	FAC1_e		; increment FAC1 exponent (*2)
01:DE92 F0F4            	  7197: 	BEQ	LAB_MLTO		; do overflow error if = $00
                        	  7198: 
01:DE94 A900            	  7199: 	LDA	#$00			; clear sign compare
                        	  7200: LAB_MLBT
01:DE96 85B8            	  7201: 	STA	FAC_sc		; save sign compare (FAC1 EOR FAC2)
01:DE98 8A              	  7202: 	TXA				; restore bit
01:DE99 2045DA          	  7203: 	JSR	LAB_2912		; evaluate new ASCII digit
                        	  7204: 
                        	  7205: ; gets here if the first character was  "%" for binary
                        	  7206: ; get binary number
                        	  7207: 
                        	  7208: LAB_CBIN
01:DE9C 20BC00          	  7209: 	JSR	LAB_IGBY		; increment and scan memory
01:DE9F 4930            	  7210: 	EOR	#'0'			; convert "0" to 0 etc.
01:DEA1 C902            	  7211: 	CMP	#$02			; compare with max+1
01:DEA3 90E6            	  7212: 	BCC	LAB_NXCH		; branch exit if < 2
                        	  7213: 
                        	  7214: LAB_EXCH
01:DEA5 4C2ADA          	  7215: 	JMP	LAB_28F6		; evaluate -ve flag and return
                        	  7216: 
                        	  7217: ; ctrl-c check routine. includes limited "life" byte save for INGET routine
                        	  7218: ; now also the code that checks to see if an interrupt has occurred
                        	  7219: 
                        	  7220: CTRLC
01:DEA8 AD0002          	  7221: 	LDA	ccflag		; get [CTRL-C] check flag
01:DEAB D018            	  7222: 	BNE	LAB_FBA2		; exit if inhibited
                        	  7223: 
01:DEAD 20EAE0          	  7224: 	JSR	V_INPT		; scan input device
01:DEB0 900B            	  7225: 	BCC	LAB_FBA0		; exit if buffer empty
                        	  7226: 
01:DEB2 8D0102          	  7227: 	STA	ccbyte		; save received byte
01:DEB5 A220            	  7228: 	LDX	#$20			; "life" timer for bytes
01:DEB7 8E0202          	  7229: 	STX	ccnull		; set countdown
01:DEBA 4C17C5          	  7230: 	JMP	LAB_1636		; return to BASIC
                        	  7231: 
                        	  7232: LAB_FBA0
01:DEBD AE0202          	  7233: 	LDX	ccnull		; get countdown byte
01:DEC0 F003            	  7234: 	BEQ	LAB_FBA2		; exit if finished
                        	  7235: 
01:DEC2 CE0202          	  7236: 	DEC	ccnull		; else decrement countdown
                        	  7237: LAB_FBA2
01:DEC5 A2DC            	  7238: 	LDX	#NmiBase		; set pointer to NMI values
01:DEC7 20D0DE          	  7239: 	JSR	LAB_CKIN		; go check interrupt
01:DECA A2DF            	  7240: 	LDX	#IrqBase		; set pointer to IRQ values
01:DECC 20D0DE          	  7241: 	JSR	LAB_CKIN		; go check interrupt
                        	  7242: LAB_CRTS
01:DECF 60              	  7243: 	RTS
                        	  7244: 
                        	  7245: ; check whichever interrupt is indexed by X
                        	  7246: 
                        	  7247: LAB_CKIN
01:DED0 B500            	  7248: 	LDA	PLUS_0,X		; get interrupt flag byte
01:DED2 10FB            	  7249: 	BPL	LAB_CRTS		; branch if interrupt not enabled
                        	  7250: 
                        	  7251: ; we disable the interrupt here and make two new commands RETIRQ and RETNMI to
                        	  7252: ; automatically enable the interrupt when we exit
                        	  7253: 
01:DED4 0A              	  7254: 	ASL				; move happened bit to setup bit
01:DED5 2940            	  7255: 	AND	#$40			; mask happened bits
01:DED7 F0F6            	  7256: 	BEQ	LAB_CRTS		; if no interrupt then exit
                        	  7257: 
01:DED9 9500            	  7258: 	STA	PLUS_0,X		; save interrupt flag byte
                        	  7259: 
01:DEDB 8A              	  7260: 	TXA				; copy index ..
01:DEDC A8              	  7261: 	TAY				; .. to Y
                        	  7262: 
01:DEDD 68              	  7263: 	PLA				; dump return address low byte, call from CTRL-C
01:DEDE 68              	  7264: 	PLA				; dump return address high byte
                        	  7265: 
01:DEDF A905            	  7266: 	LDA	#$05			; need 5 bytes for GOSUB
01:DEE1 2003C1          	  7267: 	JSR	LAB_1212		; check room on stack for A bytes
01:DEE4 A5C4            	  7268: 	LDA	Bpntrh		; get BASIC execute pointer high byte
01:DEE6 48              	  7269: 	PHA				; push on stack
01:DEE7 A5C3            	  7270: 	LDA	Bpntrl		; get BASIC execute pointer low byte
01:DEE9 48              	  7271: 	PHA				; push on stack
01:DEEA A588            	  7272: 	LDA	Clineh		; get current line high byte
01:DEEC 48              	  7273: 	PHA				; push on stack
01:DEED A587            	  7274: 	LDA	Clinel		; get current line low byte
01:DEEF 48              	  7275: 	PHA				; push on stack
01:DEF0 A98D            	  7276: 	LDA	#TK_GOSUB		; token for GOSUB
01:DEF2 48              	  7277: 	PHA				; push on stack
                        	  7278: 
01:DEF3 B90100          	  7279: 	LDA	PLUS_1,Y		; get interrupt code pointer low byte
01:DEF6 85C3            	  7280: 	STA	Bpntrl		; save as BASIC execute pointer low byte
01:DEF8 B90200          	  7281: 	LDA	PLUS_2,Y		; get interrupt code pointer high byte
01:DEFB 85C4            	  7282: 	STA	Bpntrh		; save as BASIC execute pointer high byte
                        	  7283: 
01:DEFD 4CBCC4          	  7284: 	JMP	LAB_15C2		; go do interpreter inner loop
                        	  7285: 					; can't RTS, we used the stack! the RTS from the ctrl-c
                        	  7286: 					; check will be taken when the RETIRQ/RETNMI/RETURN is
                        	  7287: 					; executed at the end of the subroutine
                        	  7288: 
                        	  7289: ; get byte from input device, no waiting
                        	  7290: ; returns with carry set if byte in A
                        	  7291: 
                        	  7292: INGET
01:DF00 20EAE0          	  7293: 	JSR	V_INPT		; call scan input device
01:DF03 B009            	  7294: 	BCS	LAB_FB95		; if byte go reset timer
                        	  7295: 
01:DF05 AD0202          	  7296: 	LDA	ccnull		; get countdown
01:DF08 F009            	  7297: 	BEQ	LAB_FB96		; exit if empty
                        	  7298: 
01:DF0A AD0102          	  7299: 	LDA	ccbyte		; get last received byte
01:DF0D 38              	  7300: 	SEC				; flag we got a byte
                        	  7301: LAB_FB95
01:DF0E A200            	  7302: 	LDX	#$00			; clear X
01:DF10 8E0202          	  7303: 	STX	ccnull		; clear timer because we got a byte
                        	  7304: LAB_FB96
01:DF13 60              	  7305: 	RTS
                        	  7306: 
                        	  7307: ; these routines only enable the interrupts if the set-up flag is set
                        	  7308: ; if not they have no effect
                        	  7309: 
                        	  7310: ; perform IRQ {ON|OFF|CLEAR}
                        	  7311: 
                        	  7312: LAB_IRQ
01:DF14 A2DF            	  7313: 	LDX	#IrqBase		; set pointer to IRQ values
01:DF16 2C              	  7314: 	.byte	$2C			; make next line BIT abs.
                        	  7315: 
                        	  7316: ; perform NMI {ON|OFF|CLEAR}
                        	  7317: 
                        	  7318: LAB_NMI
01:DF17 A2DC            	  7319: 	LDX	#NmiBase		; set pointer to NMI values
01:DF19 C993            	  7320: 	CMP	#TK_ON		; compare with token for ON
01:DF1B F011            	  7321: 	BEQ	LAB_INON		; go turn on interrupt
                        	  7322: 
01:DF1D C9B5            	  7323: 	CMP	#TK_OFF		; compare with token for OFF
01:DF1F F007            	  7324: 	BEQ	LAB_IOFF		; go turn off interrupt
                        	  7325: 
01:DF21 49A2            	  7326: 	EOR	#TK_CLEAR		; compare with token for CLEAR, A = $00 if = TK_CLEAR
01:DF23 F00E            	  7327: 	BEQ	LAB_INEX		; go clear interrupt flags and return
                        	  7328: 
01:DF25 4C02CC          	  7329: 	JMP	LAB_SNER		; do syntax error then warm start
                        	  7330: 
                        	  7331: LAB_IOFF
01:DF28 A97F            	  7332: 	LDA	#$7F			; clear A
01:DF2A 3500            	  7333: 	AND	PLUS_0,X		; AND with interrupt setup flag
01:DF2C 1005            	  7334: 	BPL	LAB_INEX		; go clear interrupt enabled flag and return
                        	  7335: 
                        	  7336: LAB_INON
01:DF2E B500            	  7337: 	LDA	PLUS_0,X		; get interrupt setup flag
01:DF30 0A              	  7338: 	ASL				; Shift bit to enabled flag
01:DF31 1500            	  7339: 	ORA	PLUS_0,X		; OR with flag byte
                        	  7340: LAB_INEX
01:DF33 9500            	  7341: 	STA	PLUS_0,X		; save interrupt flag byte
01:DF35 4CBC00          	  7342: 	JMP	LAB_IGBY		; update BASIC execute pointer and return
                        	  7343: 
                        	  7344: ; these routines set up the pointers and flags for the interrupt routines
                        	  7345: ; note that the interrupts are also enabled by these commands
                        	  7346: 
                        	  7347: ; perform ON IRQ
                        	  7348: 
                        	  7349: LAB_SIRQ
01:DF38 58              	  7350: 	CLI				; enable interrupts
01:DF39 A2DF            	  7351: 	LDX	#IrqBase		; set pointer to IRQ values
01:DF3B 2C              	  7352: 	.byte	$2C			; make next line BIT abs.
                        	  7353: 
                        	  7354: ; perform ON NMI
                        	  7355: 
                        	  7356: LAB_SNMI
01:DF3C A2DC            	  7357: 	LDX	#NmiBase		; set pointer to NMI values
                        	  7358: 
01:DF3E 8678            	  7359: 	STX	TempB			; save interrupt pointer
01:DF40 20BC00          	  7360: 	JSR	LAB_IGBY		; increment and scan memory (past token)
01:DF43 2055C7          	  7361: 	JSR	LAB_GFPN		; get fixed-point number into temp integer
01:DF46 A579            	  7362: 	LDA	Smeml			; get start of mem low byte
01:DF48 A67A            	  7363: 	LDX	Smemh			; get start of mem high byte
01:DF4A 2028C3          	  7364: 	JSR	LAB_SHLN		; search Basic for temp integer line number from AX
01:DF4D B003            	  7365: 	BCS	LAB_LFND		; if carry set go set-up interrupt
                        	  7366: 
01:DF4F 4C72C6          	  7367: 	JMP	LAB_16F7		; else go do "Undefined statement" error and warm start
                        	  7368: 
                        	  7369: LAB_LFND
01:DF52 A678            	  7370: 	LDX	TempB			; get interrupt pointer
01:DF54 A5AA            	  7371: 	LDA	Baslnl		; get pointer low byte
01:DF56 E901            	  7372: 	SBC	#$01			; -1 (carry already set for subtract)
01:DF58 9501            	  7373: 	STA	PLUS_1,X		; save as interrupt pointer low byte
01:DF5A A5AB            	  7374: 	LDA	Baslnh		; get pointer high byte
01:DF5C E900            	  7375: 	SBC	#$00			; subtract carry
01:DF5E 9502            	  7376: 	STA	PLUS_2,X		; save as interrupt pointer high byte
                        	  7377: 
01:DF60 A9C0            	  7378: 	LDA	#$C0			; set interrupt enabled/setup bits
01:DF62 9500            	  7379: 	STA	PLUS_0,X		; set interrupt flags
                        	  7380: LAB_IRTS
01:DF64 60              	  7381: 	RTS
                        	  7382: 
                        	  7383: ; return from IRQ service, restores the enabled flag.
                        	  7384: 
                        	  7385: ; perform RETIRQ
                        	  7386: 
                        	  7387: LAB_RETIRQ
01:DF65 D0FD            	  7388: 	BNE	LAB_IRTS		; exit if following token (to allow syntax error)
                        	  7389: 
01:DF67 A5DF            	  7390: 	LDA	IrqBase		; get interrupt flags
01:DF69 0A              	  7391: 	ASL				; copy setup to enabled (b7)
01:DF6A 05DF            	  7392: 	ORA	IrqBase		; OR in setup flag
01:DF6C 85DF            	  7393: 	STA	IrqBase		; save enabled flag
01:DF6E 4C79C6          	  7394: 	JMP	LAB_16E8		; go do rest of RETURN
                        	  7395: 
                        	  7396: ; return from NMI service, restores the enabled flag.
                        	  7397: 
                        	  7398: ; perform RETNMI
                        	  7399: 
                        	  7400: LAB_RETNMI
01:DF71 D0F1            	  7401: 	BNE	LAB_IRTS		; exit if following token (to allow syntax error)
                        	  7402: 
01:DF73 A5DC            	  7403: 	LDA	NmiBase		; get set-up flag
01:DF75 0A              	  7404: 	ASL				; copy setup to enabled (b7)
01:DF76 05DC            	  7405: 	ORA	NmiBase		; OR in setup flag
01:DF78 85DC            	  7406: 	STA	NmiBase		; save enabled flag
01:DF7A 4C79C6          	  7407: 	JMP	LAB_16E8		; go do rest of RETURN
                        	  7408: 
                        	  7409: ; MAX() MIN() pre process
                        	  7410: 
                        	  7411: LAB_MMPP
01:DF7D 20E9CA          	  7412: 	JSR	LAB_EVEZ		; process expression
01:DF80 4CD0CA          	  7413: 	JMP	LAB_CTNM		; check if source is numeric, else do type mismatch
                        	  7414: 
                        	  7415: ; perform MAX()
                        	  7416: 
                        	  7417: LAB_MAX
01:DF83 20B1DF          	  7418: 	JSR	LAB_PHFA		; push FAC1, evaluate expression,
                        	  7419: 					; pull FAC2 and compare with FAC1
01:DF86 10FB            	  7420: 	BPL	LAB_MAX		; branch if no swap to do
                        	  7421: 
01:DF88 A5B4            	  7422: 	LDA	FAC2_1		; get FAC2 mantissa1
01:DF8A 0980            	  7423: 	ORA	#$80			; set top bit (clear sign from compare)
01:DF8C 85B4            	  7424: 	STA	FAC2_1		; save FAC2 mantissa1
01:DF8E 20C3D5          	  7425: 	JSR	LAB_279B		; copy FAC2 to FAC1
01:DF91 F0F0            	  7426: 	BEQ	LAB_MAX		; go do next (branch always)
                        	  7427: 
                        	  7428: ; perform MIN()
                        	  7429: 
                        	  7430: LAB_MIN
01:DF93 20B1DF          	  7431: 	JSR	LAB_PHFA		; push FAC1, evaluate expression,
                        	  7432: 					; pull FAC2 and compare with FAC1
01:DF96 30FB            	  7433: 	BMI	LAB_MIN		; branch if no swap to do
                        	  7434: 
01:DF98 F0F9            	  7435: 	BEQ	LAB_MIN		; branch if no swap to do
                        	  7436: 
01:DF9A A5B4            	  7437: 	LDA	FAC2_1		; get FAC2 mantissa1
01:DF9C 0980            	  7438: 	ORA	#$80			; set top bit (clear sign from compare)
01:DF9E 85B4            	  7439: 	STA	FAC2_1		; save FAC2 mantissa1
01:DFA0 20C3D5          	  7440: 	JSR	LAB_279B		; copy FAC2 to FAC1
01:DFA3 F0EE            	  7441: 	BEQ	LAB_MIN		; go do next (branch always)
                        	  7442: 
                        	  7443: ; exit routine. don't bother returning to the loop code
                        	  7444: ; check for correct exit, else so syntax error
                        	  7445: 
                        	  7446: LAB_MMEC
01:DFA5 C929            	  7447: 	CMP	#')'			; is it end of function?
01:DFA7 D005            	  7448: 	BNE	LAB_MMSE		; if not do MAX MIN syntax error
                        	  7449: 
01:DFA9 68              	  7450: 	PLA				; dump return address low byte
01:DFAA 68              	  7451: 	PLA				; dump return address high byte
01:DFAB 4CBC00          	  7452: 	JMP	LAB_IGBY		; update BASIC execute pointer (to chr past ")")
                        	  7453: 
                        	  7454: LAB_MMSE
01:DFAE 4C02CC          	  7455: 	JMP	LAB_SNER		; do syntax error then warm start
                        	  7456: 
                        	  7457: ; check for next, evaluate and return or exit
                        	  7458: ; this is the routine that does most of the work
                        	  7459: 
                        	  7460: LAB_PHFA
01:DFB1 20C200          	  7461: 	JSR	LAB_GBYT		; get next BASIC byte
01:DFB4 C92C            	  7462: 	CMP	#','			; is there more ?
01:DFB6 D0ED            	  7463: 	BNE	LAB_MMEC		; if not go do end check
                        	  7464: 
                        	  7465: 					; push FAC1
01:DFB8 20D9D8          	  7466: 	JSR	LAB_27BA		; round FAC1
01:DFBB A5B0            	  7467: 	LDA	FAC1_s		; get FAC1 sign
01:DFBD 097F            	  7468: 	ORA	#$7F			; set all non sign bits
01:DFBF 25AD            	  7469: 	AND	FAC1_1		; AND FAC1 mantissa1 (AND in sign bit)
01:DFC1 48              	  7470: 	PHA				; push on stack
01:DFC2 A5AE            	  7471: 	LDA	FAC1_2		; get FAC1 mantissa2
01:DFC4 48              	  7472: 	PHA				; push on stack
01:DFC5 A5AF            	  7473: 	LDA	FAC1_3		; get FAC1 mantissa3
01:DFC7 48              	  7474: 	PHA				; push on stack
01:DFC8 A5AC            	  7475: 	LDA	FAC1_e		; get FAC1 exponent
01:DFCA 48              	  7476: 	PHA				; push on stack
                        	  7477: 
01:DFCB 20BC00          	  7478: 	JSR	LAB_IGBY		; scan and get next BASIC byte (after ",")
01:DFCE 20CDCA          	  7479: 	JSR	LAB_EVNM		; evaluate expression and check is numeric,
                        	  7480: 					; else do type mismatch
                        	  7481: 
                        	  7482: 					; pop FAC2 (MAX/MIN expression so far)
01:DFD1 68              	  7483: 	PLA				; pop exponent
01:DFD2 85B3            	  7484: 	STA	FAC2_e		; save FAC2 exponent
01:DFD4 68              	  7485: 	PLA				; pop mantissa3
01:DFD5 85B6            	  7486: 	STA	FAC2_3		; save FAC2 mantissa3
01:DFD7 68              	  7487: 	PLA				; pop mantissa1
01:DFD8 85B5            	  7488: 	STA	FAC2_2		; save FAC2 mantissa2
01:DFDA 68              	  7489: 	PLA				; pop sign/mantissa1
01:DFDB 85B4            	  7490: 	STA	FAC2_1		; save FAC2 sign/mantissa1
01:DFDD 85B7            	  7491: 	STA	FAC2_s		; save FAC2 sign
                        	  7492: 
                        	  7493: 					; compare FAC1 with (packed) FAC2
01:DFDF A9B3            	  7494: 	LDA	#<FAC2_e		; set pointer low byte to FAC2
01:DFE1 A000            	  7495: 	LDY	#>FAC2_e		; set pointer high byte to FAC2
01:DFE3 4C17D9          	  7496: 	JMP	LAB_27F8		; compare FAC1 with FAC2 (AY) and return
                        	  7497: 					; returns A=$00 if FAC1 = (AY)
                        	  7498: 					; returns A=$01 if FAC1 > (AY)
                        	  7499: 					; returns A=$FF if FAC1 < (AY)
                        	  7500: 
                        	  7501: ; perform WIDTH
                        	  7502: 
                        	  7503: LAB_WDTH
01:DFE6 C92C            	  7504: 	CMP	#','			; is next byte ","
01:DFE8 F01B            	  7505: 	BEQ	LAB_TBSZ		; if so do tab size
                        	  7506: 
01:DFEA 208CD4          	  7507: 	JSR	LAB_GTBY		; get byte parameter
01:DFED 8A              	  7508: 	TXA				; copy width to A
01:DFEE F00A            	  7509: 	BEQ	LAB_NSTT		; branch if set for infinite line
                        	  7510: 
01:DFF0 E010            	  7511: 	CPX	#$10			; else make min width = 16d
01:DFF2 9045            	  7512: 	BCC	TabErr		; if less do function call error and exit
                        	  7513: 
                        	  7514: ; this next compare ensures that we can't exit WIDTH via an error leaving the
                        	  7515: ; tab size greater than the line length.
                        	  7516: 
01:DFF4 E464            	  7517: 	CPX	TabSiz		; compare with tab size
01:DFF6 B002            	  7518: 	BCS	LAB_NSTT		; branch if >= tab size
                        	  7519: 
01:DFF8 8664            	  7520: 	STX	TabSiz		; else make tab size = terminal width
                        	  7521: LAB_NSTT
01:DFFA 860F            	  7522: 	STX	TWidth		; set the terminal width
01:DFFC 20C200          	  7523: 	JSR	LAB_GBYT		; get BASIC byte back
01:DFFF F01A            	  7524: 	BEQ	WExit			; exit if no following
                        	  7525: 
01:E001 C92C            	  7526: 	CMP	#','			; else is it ","
01:E003 D0A9            	  7527: 	BNE	LAB_MMSE		; if not do syntax error
                        	  7528: 
                        	  7529: LAB_TBSZ
01:E005 2089D4          	  7530: 	JSR	LAB_SGBY		; scan and get byte parameter
01:E008 8A              	  7531: 	TXA				; copy TAB size
01:E009 302E            	  7532: 	BMI	TabErr		; if >127 do function call error and exit
                        	  7533: 
01:E00B E001            	  7534: 	CPX	#$01			; compare with min-1
01:E00D 902A            	  7535: 	BCC	TabErr		; if <=1 do function call error and exit
                        	  7536: 
01:E00F A50F            	  7537: 	LDA	TWidth		; set flags for width
01:E011 F006            	  7538: 	BEQ	LAB_SVTB		; skip check if infinite line
                        	  7539: 
01:E013 E40F            	  7540: 	CPX	TWidth		; compare TAB with width
01:E015 F002            	  7541: 	BEQ	LAB_SVTB		; ok if =
                        	  7542: 
01:E017 B020            	  7543: 	BCS	TabErr		; branch if too big
                        	  7544: 
                        	  7545: LAB_SVTB
01:E019 8664            	  7546: 	STX	TabSiz		; save TAB size
                        	  7547: 
                        	  7548: ; calculate tab column limit from TAB size. The Iclim is set to the last tab
                        	  7549: ; position on a line that still has at least one whole tab width between it
                        	  7550: ; and the end of the line.
                        	  7551: 
                        	  7552: WExit
01:E01B A50F            	  7553: 	LDA	TWidth		; get width
01:E01D F006            	  7554: 	BEQ	LAB_SULP		; branch if infinite line
                        	  7555: 
01:E01F C564            	  7556: 	CMP	TabSiz		; compare with tab size
01:E021 B003            	  7557: 	BCS	LAB_WDLP		; branch if >= tab size
                        	  7558: 
01:E023 8564            	  7559: 	STA	TabSiz		; else make tab size = terminal width
                        	  7560: LAB_SULP
01:E025 38              	  7561: 	SEC				; set carry for subtract
                        	  7562: LAB_WDLP
01:E026 E564            	  7563: 	SBC	TabSiz		; subtract tab size
01:E028 B0FC            	  7564: 	BCS	LAB_WDLP		; loop while no borrow
                        	  7565: 
01:E02A 6564            	  7566: 	ADC	TabSiz		; add tab size back
01:E02C 18              	  7567: 	CLC				; clear carry for add
01:E02D 6564            	  7568: 	ADC	TabSiz		; add tab size back again
01:E02F 8510            	  7569: 	STA	Iclim			; save for now
01:E031 A50F            	  7570: 	LDA	TWidth		; get width back
01:E033 38              	  7571: 	SEC				; set carry for subtract
01:E034 E510            	  7572: 	SBC	Iclim			; subtract remainder
01:E036 8510            	  7573: 	STA	Iclim			; save tab column limit
                        	  7574: LAB_NOSQ
01:E038 60              	  7575: 	RTS
                        	  7576: 
                        	  7577: TabErr
01:E039 4C29CF          	  7578: 	JMP	LAB_FCER		; do function call error then warm start
                        	  7579: 
                        	  7580: ; perform SQR()
                        	  7581: 
                        	  7582: LAB_SQR
01:E03C A5B0            	  7583: 	LDA	FAC1_s		; get FAC1 sign
01:E03E 30F9            	  7584: 	BMI	TabErr		; if -ve do function call error
                        	  7585: 
01:E040 A5AC            	  7586: 	LDA	FAC1_e		; get exponent
01:E042 F0F4            	  7587: 	BEQ	LAB_NOSQ		; if zero just return
                        	  7588: 
                        	  7589: 					; else do root
01:E044 20CAD8          	  7590: 	JSR	LAB_27AB		; round and copy FAC1 to FAC2
01:E047 A900            	  7591: 	LDA	#$00			; clear A
                        	  7592: 
01:E049 8577            	  7593: 	STA	FACt_3		; clear remainder
01:E04B 8576            	  7594: 	STA	FACt_2		; ..
01:E04D 8575            	  7595: 	STA	FACt_1		; ..
01:E04F 8578            	  7596: 	STA	TempB			; ..
                        	  7597: 
01:E051 85AF            	  7598: 	STA	FAC1_3		; clear root
01:E053 85AE            	  7599: 	STA	FAC1_2		; ..
01:E055 85AD            	  7600: 	STA	FAC1_1		; ..
                        	  7601: 
01:E057 A218            	  7602: 	LDX	#$18			; 24 pairs of bits to do
01:E059 A5B3            	  7603: 	LDA	FAC2_e		; get exponent
01:E05B 4A              	  7604: 	LSR				; check odd/even
01:E05C B00E            	  7605: 	BCS	LAB_SQE2		; if odd only 1 shift first time
                        	  7606: 
                        	  7607: LAB_SQE1
01:E05E 06B6            	  7608: 	ASL	FAC2_3		; shift highest bit of number ..
01:E060 26B5            	  7609: 	ROL	FAC2_2		; ..
01:E062 26B4            	  7610: 	ROL	FAC2_1		; ..
01:E064 2677            	  7611: 	ROL	FACt_3		; .. into remainder
01:E066 2676            	  7612: 	ROL	FACt_2		; ..
01:E068 2675            	  7613: 	ROL	FACt_1		; ..
01:E06A 2678            	  7614: 	ROL	TempB			; .. never overflows
                        	  7615: LAB_SQE2
01:E06C 06B6            	  7616: 	ASL	FAC2_3		; shift highest bit of number ..
01:E06E 26B5            	  7617: 	ROL	FAC2_2		; ..
01:E070 26B4            	  7618: 	ROL	FAC2_1		; ..
01:E072 2677            	  7619: 	ROL	FACt_3		; .. into remainder
01:E074 2676            	  7620: 	ROL	FACt_2		; ..
01:E076 2675            	  7621: 	ROL	FACt_1		; ..
01:E078 2678            	  7622: 	ROL	TempB			; .. never overflows
                        	  7623: 
01:E07A 06AF            	  7624: 	ASL	FAC1_3		; root = root * 2
01:E07C 26AE            	  7625: 	ROL	FAC1_2		; ..
01:E07E 26AD            	  7626: 	ROL	FAC1_1		; .. never overflows
                        	  7627: 
01:E080 A5AF            	  7628: 	LDA	FAC1_3		; get root low byte
01:E082 2A              	  7629: 	ROL				; *2
01:E083 855B            	  7630: 	STA	Temp3			; save partial low byte
01:E085 A5AE            	  7631: 	LDA	FAC1_2		; get root low mid byte
01:E087 2A              	  7632: 	ROL				; *2
01:E088 855C            	  7633: 	STA	Temp3+1		; save partial low mid byte
01:E08A A5AD            	  7634: 	LDA	FAC1_1		; get root high mid byte
01:E08C 2A              	  7635: 	ROL				; *2
01:E08D 855D            	  7636: 	STA	Temp3+2		; save partial high mid byte
01:E08F A900            	  7637: 	LDA	#$00			; get root high byte (always $00)
01:E091 2A              	  7638: 	ROL				; *2
01:E092 855E            	  7639: 	STA	Temp3+3		; save partial high byte
                        	  7640: 
                        	  7641: 					; carry clear for subtract +1
01:E094 A577            	  7642: 	LDA	FACt_3		; get remainder low byte
01:E096 E55B            	  7643: 	SBC	Temp3			; subtract partial low byte
01:E098 855B            	  7644: 	STA	Temp3			; save partial low byte
                        	  7645: 
01:E09A A576            	  7646: 	LDA	FACt_2		; get remainder low mid byte
01:E09C E55C            	  7647: 	SBC	Temp3+1		; subtract partial low mid byte
01:E09E 855C            	  7648: 	STA	Temp3+1		; save partial low mid byte
                        	  7649: 
01:E0A0 A575            	  7650: 	LDA	FACt_1		; get remainder high mid byte
01:E0A2 E55D            	  7651: 	SBC	Temp3+2		; subtract partial high mid byte
01:E0A4 A8              	  7652: 	TAY				; copy partial high mid byte
                        	  7653: 
01:E0A5 A578            	  7654: 	LDA	TempB			; get remainder high byte
01:E0A7 E55E            	  7655: 	SBC	Temp3+3		; subtract partial high byte
01:E0A9 900E            	  7656: 	BCC	LAB_SQNS		; skip sub if remainder smaller
                        	  7657: 
01:E0AB 8578            	  7658: 	STA	TempB			; save remainder high byte
                        	  7659: 
01:E0AD 8475            	  7660: 	STY	FACt_1		; save remainder high mid byte
                        	  7661: 
01:E0AF A55C            	  7662: 	LDA	Temp3+1		; get remainder low mid byte
01:E0B1 8576            	  7663: 	STA	FACt_2		; save remainder low mid byte
                        	  7664: 
01:E0B3 A55B            	  7665: 	LDA	Temp3			; get partial low byte
01:E0B5 8577            	  7666: 	STA	FACt_3		; save remainder low byte
                        	  7667: 
01:E0B7 E6AF            	  7668: 	INC	FAC1_3		; increment root low byte (never any rollover)
                        	  7669: LAB_SQNS
01:E0B9 CA              	  7670: 	DEX				; decrement bit pair count
01:E0BA D0A2            	  7671: 	BNE	LAB_SQE1		; loop if not all done
                        	  7672: 
01:E0BC 38              	  7673: 	SEC				; set carry for subtract
01:E0BD A5B3            	  7674: 	LDA	FAC2_e		; get exponent
01:E0BF E980            	  7675: 	SBC	#$80			; normalise
01:E0C1 6A              	  7676: 	ROR				; /2 and re-bias to $80
01:E0C2 6900            	  7677: 	ADC	#$00			; add bit zero back in (allow for half shift)
01:E0C4 85AC            	  7678: 	STA	FAC1_e		; save it
01:E0C6 4C34D6          	  7679: 	JMP	LAB_24D5		; normalise FAC1 and return
                        	  7680: 
                        	  7681: ; perform VARPTR()
                        	  7682: 
                        	  7683: LAB_VARPTR
01:E0C9 20BC00          	  7684: 	JSR	LAB_IGBY		; increment and scan memory
01:E0CC 20AACD          	  7685: 	JSR	LAB_GVAR		; get var address
01:E0CF 20EFCB          	  7686: 	JSR	LAB_1BFB		; scan for ")" , else do syntax error then warm start
01:E0D2 A495            	  7687: 	LDY	Cvaral		; get var address low byte
01:E0D4 A596            	  7688: 	LDA	Cvarah		; get var address high byte
01:E0D6 4C59D0          	  7689: 	JMP	LAB_AYFC		; save and convert integer AY to FAC1 and return
                        	  7690: 
                        	  7691: ; perform PI
                        	  7692: 
                        	  7693: LAB_PI
01:E0D9 A9BB            	  7694: 	LDA	#<LAB_2C7C		; set (2*pi) pointer low byte
01:E0DB A0E1            	  7695: 	LDY	#>LAB_2C7C		; set (2*pi) pointer high byte
01:E0DD 207DD8          	  7696: 	JSR	LAB_UFAC		; unpack memory (AY) into FAC1
01:E0E0 C6AC            	  7697: 	DEC	FAC1_e		; make result = PI
01:E0E2 60              	  7698: 	RTS
                        	  7699: 
                        	  7700: ; perform TWOPI
                        	  7701: 
                        	  7702: LAB_TWOPI
01:E0E3 A9BB            	  7703: 	LDA	#<LAB_2C7C		; set (2*pi) pointer low byte
01:E0E5 A0E1            	  7704: 	LDY	#>LAB_2C7C		; set (2*pi) pointer high byte
01:E0E7 4C7DD8          	  7705: 	JMP	LAB_UFAC		; unpack memory (AY) into FAC1 and return
                        	  7706: 
                        	  7707: ; system dependant i/o vectors
                        	  7708: ; these are in RAM and are set by the monitor at start-up
                        	  7709: 
                        	  7710: V_INPT
01:E0EA 6C0502          	  7711: 	JMP	(VEC_IN)		; non halting scan input device
                        	  7712: V_OUTP
01:E0ED 6C0702          	  7713: 	JMP	(VEC_OUT)		; send byte to output device
                        	  7714: V_LOAD
01:E0F0 6C0902          	  7715: 	JMP	(VEC_LD)		; load BASIC program
                        	  7716: V_SAVE
01:E0F3 6C0B02          	  7717: 	JMP	(VEC_SV)		; save BASIC program
                        	  7718: 
                        	  7719: ; The rest are tables messages and code for RAM
                        	  7720: 
                        	  7721: ; the rest of the code is tables and BASIC start-up code
                        	  7722: 
                        	  7723: PG2_TABS
01:E0F6 00              	  7724: 	.byte	$00			; ctrl-c flag		-	$00 = enabled
01:E0F7 00              	  7725: 	.byte	$00			; ctrl-c byte		-	GET needs this
01:E0F8 00              	  7726: 	.byte	$00			; ctrl-c byte timeout	-	GET needs this
01:E0F9 A8DE            	  7727: 	.word	CTRLC			; ctrl c check vector
                        	  7728: ;	.word	xxxx			; non halting key input	-	monitor to set this
                        	  7729: ;	.word	xxxx			; output vector		-	monitor to set this
                        	  7730: ;	.word	xxxx			; load vector		-	monitor to set this
                        	  7731: ;	.word	xxxx			; save vector		-	monitor to set this
                        	  7732: PG2_TABE
                        	  7733: 
                        	  7734: ; character get subroutine for zero page
                        	  7735: 
                        	  7736: ; For a 1.8432MHz 6502 including the JSR and RTS
                        	  7737: ; fastest (>=":")	=  29 cycles =  15.7uS
                        	  7738: ; slowest (<":")	=  40 cycles =  21.7uS
                        	  7739: ; space skip	= +21 cycles = +11.4uS
                        	  7740: ; inc across page	=  +4 cycles =  +2.2uS
                        	  7741: 
                        	  7742: ; the target address for the LDA at LAB_2CF4 becomes the BASIC execute pointer once the
                        	  7743: ; block is copied to it's destination, any non zero page address will do at assembly
                        	  7744: ; time, to assemble a three byte instruction.
                        	  7745: 
                        	  7746: ; page 0 initialisation table from $BC
                        	  7747: ; increment and scan memory
                        	  7748: 
                        	  7749: LAB_2CEE
01:E0FB E6C3            	  7750: 	INC	Bpntrl		; increment BASIC execute pointer low byte
01:E0FD D002            	  7751: 	BNE	LAB_2CF4		; branch if no carry
                        	  7752: 					; else
01:E0FF E6C4            	  7753: 	INC	Bpntrh		; increment BASIC execute pointer high byte
                        	  7754: 
                        	  7755: ; page 0 initialisation table from $C2
                        	  7756: ; scan memory
                        	  7757: 
                        	  7758: LAB_2CF4
01:E101 ADFFFF          	  7759: 	LDA	$FFFF			; get byte to scan (addr set by call routine)
01:E104 C9AC            	  7760: 	CMP	#TK_ELSE		; compare with the token for ELSE
01:E106 F00E            	  7761: 	BEQ	LAB_2D05		; exit if ELSE, not numeric, carry set
                        	  7762: 
01:E108 C93A            	  7763: 	CMP	#':'			; compare with ":"
01:E10A B00A            	  7764: 	BCS	LAB_2D05		; exit if >= ":", not numeric, carry set
                        	  7765: 
01:E10C C920            	  7766: 	CMP	#' '			; compare with " "
01:E10E F0EB            	  7767: 	BEQ	LAB_2CEE		; if " " go do next
                        	  7768: 
01:E110 38              	  7769: 	SEC				; set carry for SBC
01:E111 E930            	  7770: 	SBC	#'0'			; subtract "0"
01:E113 38              	  7771: 	SEC				; set carry for SBC
01:E114 E9D0            	  7772: 	SBC	#$D0			; subtract -"0"
                        	  7773: 					; clear carry if byte = "0"-"9"
                        	  7774: LAB_2D05
01:E116 60              	  7775: 	RTS
                        	  7776: 
                        	  7777: ; page zero initialisation table $00-$12 inclusive
                        	  7778: 
                        	  7779: StrTab
01:E117 4C              	  7780: 	.byte	$4C			; JMP opcode
01:E118 00C0            	  7781: 	.word LAB_COLD		; initial warm start vector (cold start)
                        	  7782: 
01:E11A 00              	  7783: 	.byte	$00			; these bytes are not used by BASIC
01:E11B 0000            	  7784: 	.word	$0000			; 
01:E11D 0000            	  7785: 	.word	$0000			; 
01:E11F 0000            	  7786: 	.word	$0000			; 
                        	  7787: 
01:E121 4C              	  7788: 	.byte	$4C			; JMP opcode
01:E122 29CF            	  7789: 	.word	LAB_FCER		; initial user function vector ("Function call" error)
01:E124 00              	  7790: 	.byte	$00			; default NULL count
01:E125 00              	  7791: 	.byte	$00			; clear terminal position
01:E126 00              	  7792: 	.byte	$00			; default terminal width byte
01:E127 F2              	  7793: 	.byte	$F2			; default limit for TAB = 14
01:E128 0003            	  7794: 	.word	Ram_base		; start of user RAM
                        	  7795: EndTab
                        	  7796: 
                        	  7797: LAB_MSZM
01:E12A 0D              	  7798: 	.byte	$0D,$0A,"Memory size ",$00
01:E12B 0A
01:E12C 4D656D6F72792073
01:E134 697A6520
01:E138 00
                        	  7799: 
                        	  7800: LAB_SMSG
01:E139 2042797465732066	  7801: 	.byte	" Bytes free",$0D,$0A,$0A
01:E141 726565
01:E144 0D
01:E145 0A
01:E146 0A
01:E147 456E68616E636564	  7802: 	.byte	"Enhanced BASIC 2.22",$0A,$00
01:E14F 2042415349432032
01:E157 2E3232
01:E15A 0A
01:E15B 00
                        	  7803: 
                        	  7804: ; numeric constants and series
                        	  7805: 
                        	  7806: 					; constants and series for LOG(n)
                        	  7807: LAB_25A0
01:E15C 02              	  7808: 	.byte	$02			; counter
01:E15D 80              	  7809: 	.byte	$80,$19,$56,$62	; 0.59898
01:E15E 19
01:E15F 56
01:E160 62
01:E161 80              	  7810: 	.byte	$80,$76,$22,$F3	; 0.96147
01:E162 76
01:E163 22
01:E164 F3
                        	  7811: ;##	.byte	$80,$76,$22,$F1	; 0.96147
01:E165 82              	  7812: 	.byte	$82,$38,$AA,$40	; 2.88539
01:E166 38
01:E167 AA
01:E168 40
                        	  7813: ;##	.byte	$82,$38,$AA,$45	; 2.88539
                        	  7814: 
                        	  7815: LAB_25AD
01:E169 80              	  7816: 	.byte	$80,$35,$04,$F3	; 0.70711	1/root 2
01:E16A 35
01:E16B 04
01:E16C F3
                        	  7817: LAB_25B1
01:E16D 81              	  7818: 	.byte	$81,$35,$04,$F3	; 1.41421	root 2
01:E16E 35
01:E16F 04
01:E170 F3
                        	  7819: LAB_25B5
01:E171 80              	  7820: 	.byte	$80,$80,$00,$00	; -0.5
01:E172 80
01:E173 00
01:E174 00
                        	  7821: LAB_25B9
01:E175 80              	  7822: 	.byte	$80,$31,$72,$18	; 0.69315	LOG(2)
01:E176 31
01:E177 72
01:E178 18
                        	  7823: 
                        	  7824: 					; numeric PRINT constants
                        	  7825: LAB_2947
01:E179 91              	  7826: 	.byte	$91,$43,$4F,$F8	; 99999.9375 (max value with at least one decimal)
01:E17A 43
01:E17B 4F
01:E17C F8
                        	  7827: LAB_294B
01:E17D 94              	  7828: 	.byte	$94,$74,$23,$F7	; 999999.4375 (max value before scientific notation)
01:E17E 74
01:E17F 23
01:E180 F7
                        	  7829: LAB_294F
01:E181 94              	  7830: 	.byte	$94,$74,$24,$00	; 1000000
01:E182 74
01:E183 24
01:E184 00
                        	  7831: 
                        	  7832: 					; EXP(n) constants and series
                        	  7833: LAB_2AFA
01:E185 81              	  7834: 	.byte	$81,$38,$AA,$3B	; 1.4427	(1/LOG base 2 e)
01:E186 38
01:E187 AA
01:E188 3B
                        	  7835: LAB_2AFE
01:E189 06              	  7836: 	.byte	$06			; counter
01:E18A 74              	  7837: 	.byte	$74,$63,$90,$8C	; 2.17023e-4
01:E18B 63
01:E18C 90
01:E18D 8C
01:E18E 77              	  7838: 	.byte	$77,$23,$0C,$AB	; 0.00124
01:E18F 23
01:E190 0C
01:E191 AB
01:E192 7A              	  7839: 	.byte	$7A,$1E,$94,$00	; 0.00968
01:E193 1E
01:E194 94
01:E195 00
01:E196 7C              	  7840: 	.byte	$7C,$63,$42,$80	; 0.05548
01:E197 63
01:E198 42
01:E199 80
01:E19A 7E              	  7841: 	.byte	$7E,$75,$FE,$D0	; 0.24023
01:E19B 75
01:E19C FE
01:E19D D0
01:E19E 80              	  7842: 	.byte	$80,$31,$72,$15	; 0.69315
01:E19F 31
01:E1A0 72
01:E1A1 15
01:E1A2 81              	  7843: 	.byte	$81,$00,$00,$00	; 1.00000
01:E1A3 00
01:E1A4 00
01:E1A5 00
                        	  7844: 
                        	  7845: ;##	.byte	$07			; counter
                        	  7846: ;##	.byte	$74,$94,$2E,$40	; -1/7! (-1/5040)
                        	  7847: ;##	.byte	$77,$2E,$4F,$70	;  1/6! ( 1/720)
                        	  7848: ;##	.byte	$7A,$88,$02,$6E	; -1/5! (-1/120)
                        	  7849: ;##	.byte	$7C,$2A,$A0,$E6	;  1/4! ( 1/24)
                        	  7850: ;##	.byte	$7E,$AA,$AA,$50	; -1/3! (-1/6)
                        	  7851: ;##	.byte	$7F,$7F,$FF,$FF	;  1/2! ( 1/2)
                        	  7852: ;##	.byte	$81,$80,$00,$00	; -1/1! (-1/1)
                        	  7853: ;##	.byte	$81,$00,$00,$00	;  1/0! ( 1/1)
                        	  7854: 
                        	  7855: 					; trigonometric constants and series
                        	  7856: LAB_2C78
01:E1A6 81              	  7857: 	.byte	$81,$49,$0F,$DB	; 1.570796371 (pi/2) as floating #
01:E1A7 49
01:E1A8 0F
01:E1A9 DB
                        	  7858: LAB_2C84
01:E1AA 04              	  7859: 	.byte	$04			; counter
01:E1AB 86              	  7860: 	.byte	$86,$1E,$D7,$FB	; 39.7109
01:E1AC 1E
01:E1AD D7
01:E1AE FB
                        	  7861: ;##	.byte	$86,$1E,$D7,$BA	; 39.7109
01:E1AF 87              	  7862: 	.byte	$87,$99,$26,$65	;-76.575
01:E1B0 99
01:E1B1 26
01:E1B2 65
                        	  7863: ;##	.byte	$87,$99,$26,$64	;-76.575
01:E1B3 87              	  7864: 	.byte	$87,$23,$34,$58	; 81.6022
01:E1B4 23
01:E1B5 34
01:E1B6 58
01:E1B7 86              	  7865: 	.byte	$86,$A5,$5D,$E1	;-41.3417
01:E1B8 A5
01:E1B9 5D
01:E1BA E1
                        	  7866: ;##	.byte	$86,$A5,$5D,$E0	;-41.3417
                        	  7867: LAB_2C7C
01:E1BB 83              	  7868: 	.byte	$83,$49,$0F,$DB	; 6.28319 (2*pi) as floating #
01:E1BC 49
01:E1BD 0F
01:E1BE DB
                        	  7869: ;##	.byte	$83,$49,$0F,$DA	; 6.28319 (2*pi) as floating #
                        	  7870: 
                        	  7871: LAB_2CC9
01:E1BF 08              	  7872: 	.byte	$08			; counter
01:E1C0 78              	  7873: 	.byte	$78,$3A,$C5,$37	; 0.00285
01:E1C1 3A
01:E1C2 C5
01:E1C3 37
01:E1C4 7B              	  7874: 	.byte	$7B,$83,$A2,$5C	;-0.0160686
01:E1C5 83
01:E1C6 A2
01:E1C7 5C
01:E1C8 7C              	  7875: 	.byte	$7C,$2E,$DD,$4D	; 0.0426915
01:E1C9 2E
01:E1CA DD
01:E1CB 4D
01:E1CC 7D              	  7876: 	.byte	$7D,$99,$B0,$1E	;-0.0750429
01:E1CD 99
01:E1CE B0
01:E1CF 1E
01:E1D0 7D              	  7877: 	.byte	$7D,$59,$ED,$24	; 0.106409
01:E1D1 59
01:E1D2 ED
01:E1D3 24
01:E1D4 7E              	  7878: 	.byte	$7E,$91,$72,$00	;-0.142036
01:E1D5 91
01:E1D6 72
01:E1D7 00
01:E1D8 7E              	  7879: 	.byte	$7E,$4C,$B9,$73	; 0.199926
01:E1D9 4C
01:E1DA B9
01:E1DB 73
01:E1DC 7F              	  7880: 	.byte	$7F,$AA,$AA,$53	;-0.333331
01:E1DD AA
01:E1DE AA
01:E1DF 53
                        	  7881: 
                        	  7882: ;##	.byte	$08			; counter
                        	  7883: ;##	.byte	$78,$3B,$D7,$4A	; 1/17
                        	  7884: ;##	.byte	$7B,$84,$6E,$02	;-1/15
                        	  7885: ;##	.byte	$7C,$2F,$C1,$FE	; 1/13
                        	  7886: ;##	.byte	$7D,$9A,$31,$74	;-1/11
                        	  7887: ;##	.byte	$7D,$5A,$3D,$84	; 1/9
                        	  7888: ;##	.byte	$7E,$91,$7F,$C8	;-1/7
                        	  7889: ;##	.byte	$7E,$4C,$BB,$E4	; 1/5
                        	  7890: ;##	.byte	$7F,$AA,$AA,$6C	;-1/3
                        	  7891: 
                        	  7892: LAB_1D96	= *+1			; $00,$00 used for undefined variables
                        	  7893: LAB_259C
01:E1E0 81              	  7894: 	.byte	$81,$00,$00,$00	; 1.000000, used for INC
01:E1E1 00
01:E1E2 00
01:E1E3 00
                        	  7895: LAB_2AFD
01:E1E4 81              	  7896: 	.byte	$81,$80,$00,$00	; -1.00000, used for DEC. must be on the same page as +1.00
01:E1E5 80
01:E1E6 00
01:E1E7 00
                        	  7897: 
                        	  7898: 					; misc constants
                        	  7899: LAB_1DF7
01:E1E8 90              	  7900: 	.byte	$90			;-32768 (uses first three bytes from 0.5)
                        	  7901: LAB_2A96
01:E1E9 80              	  7902: 	.byte	$80,$00,$00,$00	; 0.5
01:E1EA 00
01:E1EB 00
01:E1EC 00
                        	  7903: LAB_2C80
01:E1ED 7F              	  7904: 	.byte	$7F,$00,$00,$00	; 0.25
01:E1EE 00
01:E1EF 00
01:E1F0 00
                        	  7905: LAB_26B5
01:E1F1 84              	  7906: 	.byte	$84,$20,$00,$00	; 10.0000 divide by 10 constant
01:E1F2 20
01:E1F3 00
01:E1F4 00
                        	  7907: 
                        	  7908: ; This table is used in converting numbers to ASCII.
                        	  7909: 
                        	  7910: LAB_2A9A
                        	  7911: LAB_2A9B = LAB_2A9A+1
                        	  7912: LAB_2A9C = LAB_2A9B+1
01:E1F5 FE              	  7913: 	.byte	$FE,$79,$60		; -100000
01:E1F6 79
01:E1F7 60
01:E1F8 00              	  7914: 	.byte	$00,$27,$10		; 10000
01:E1F9 27
01:E1FA 10
01:E1FB FF              	  7915: 	.byte	$FF,$FC,$18		; -1000
01:E1FC FC
01:E1FD 18
01:E1FE 00              	  7916: 	.byte	$00,$00,$64		; 100
01:E1FF 00
01:E200 64
01:E201 FF              	  7917: 	.byte	$FF,$FF,$F6		; -10
01:E202 FF
01:E203 F6
01:E204 00              	  7918: 	.byte	$00,$00,$01		; 1
01:E205 00
01:E206 01
                        	  7919: 
                        	  7920: LAB_CTBL
01:E207 1AC5            	  7921: 	.word	LAB_END-1		; END
01:E209 57C4            	  7922: 	.word	LAB_FOR-1		; FOR
01:E20B 64CA            	  7923: 	.word	LAB_NEXT-1		; NEXT
01:E20D 8BC6            	  7924: 	.word	LAB_DATA-1		; DATA
01:E20F 46C9            	  7925: 	.word	LAB_INPUT-1		; INPUT
01:E211 5ECD            	  7926: 	.word	LAB_DIM-1		; DIM
01:E213 66C9            	  7927: 	.word	LAB_READ-1		; READ
01:E215 B3C7            	  7928: 	.word	LAB_LET-1		; LET
01:E217 85C7            	  7929: 	.word	LAB_DEC-1		; DEC			new command
01:E219 EAC5            	  7930: 	.word	LAB_GOTO-1		; GOTO
01:E21B A9C5            	  7931: 	.word	LAB_RUN-1		; RUN
01:E21D B9C6            	  7932: 	.word	LAB_IF-1		; IF
01:E21F 41C5            	  7933: 	.word	LAB_RESTORE-1	; RESTORE		modified command
01:E221 CDC5            	  7934: 	.word	LAB_GOSUB-1		; GOSUB
01:E223 64DF            	  7935: 	.word	LAB_RETIRQ-1	; RETIRQ		new command
01:E225 70DF            	  7936: 	.word	LAB_RETNMI-1	; RETNMI		new command
01:E227 76C6            	  7937: 	.word	LAB_RETURN-1	; RETURN
01:E229 1DC7            	  7938: 	.word	LAB_REM-1		; REM
01:E22B 18C5            	  7939: 	.word	LAB_STOP-1		; STOP
01:E22D 26C7            	  7940: 	.word	LAB_ON-1		; ON			modified command
01:E22F 7FC5            	  7941: 	.word	LAB_NULL-1		; NULL		modified command
01:E231 88C7            	  7942: 	.word	LAB_INC-1		; INC			new command
01:E233 88D5            	  7943: 	.word	LAB_WAIT-1		; WAIT
01:E235 EFE0            	  7944: 	.word	V_LOAD-1		; LOAD
01:E237 F2E0            	  7945: 	.word	V_SAVE-1		; SAVE
01:E239 73D0            	  7946: 	.word	LAB_DEF-1		; DEF
01:E23B 0DD5            	  7947: 	.word	LAB_POKE-1		; POKE
01:E23D 29D5            	  7948: 	.word	LAB_DOKE-1		; DOKE		new command
01:E23F 76D5            	  7949: 	.word	LAB_CALL-1		; CALL		new command
01:E241 B3C5            	  7950: 	.word	LAB_DO-1		; DO			new command
01:E243 1CC6            	  7951: 	.word	LAB_LOOP-1		; LOOP		new command
01:E245 54C8            	  7952: 	.word	LAB_PRINT-1		; PRINT
01:E247 85C5            	  7953: 	.word	LAB_CONT-1		; CONT
01:E249 A2C3            	  7954: 	.word	LAB_LIST-1		; LIST
01:E24B 9FC3            	  7955: 	.word	LAB_CLEAR-1		; CLEAR
01:E24D 4DC3            	  7956: 	.word	LAB_NEW-1		; NEW
01:E24F E5DF            	  7957: 	.word	LAB_WDTH-1		; WIDTH		new command
01:E251 23C8            	  7958: 	.word	LAB_GET-1		; GET			new command
01:E253 4ED5            	  7959: 	.word	LAB_SWAP-1		; SWAP		new command
01:E255 81DD            	  7960: 	.word	LAB_BITSET-1	; BITSET		new command
01:E257 95DD            	  7961: 	.word	LAB_BITCLR-1	; BITCLR		new command
01:E259 13DF            	  7962: 	.word	LAB_IRQ-1		; IRQ			new command
01:E25B 16DF            	  7963: 	.word	LAB_NMI-1		; NMI			new command
                        	  7964: 
                        	  7965: ; function pre process routine table
                        	  7966: 
                        	  7967: LAB_FTPL
                        	  7968: LAB_FTPM	= LAB_FTPL+$01
01:E25D 64CC            	  7969: 	.word	LAB_PPFN-1		; SGN(n)	process numeric expression in ()
01:E25F 64CC            	  7970: 	.word	LAB_PPFN-1		; INT(n)		"
01:E261 64CC            	  7971: 	.word	LAB_PPFN-1		; ABS(n)		"
01:E263 E8CA            	  7972: 	.word	LAB_EVEZ-1		; USR(x)	process any expression
01:E265 EBCB            	  7973: 	.word	LAB_1BF7-1		; FRE(x)		"
01:E267 EBCB            	  7974: 	.word	LAB_1BF7-1		; POS(x)		"
01:E269 64CC            	  7975: 	.word	LAB_PPFN-1		; SQR(n)	process numeric expression in ()
01:E26B 64CC            	  7976: 	.word	LAB_PPFN-1		; RND(n)		"
01:E26D 64CC            	  7977: 	.word	LAB_PPFN-1		; LOG(n)		"
01:E26F 64CC            	  7978: 	.word	LAB_PPFN-1		; EXP(n)		"
01:E271 64CC            	  7979: 	.word	LAB_PPFN-1		; COS(n)		"
01:E273 64CC            	  7980: 	.word	LAB_PPFN-1		; SIN(n)		"
01:E275 64CC            	  7981: 	.word	LAB_PPFN-1		; TAN(n)		"
01:E277 64CC            	  7982: 	.word	LAB_PPFN-1		; ATN(n)		"
01:E279 64CC            	  7983: 	.word	LAB_PPFN-1		; PEEK(n)		"
01:E27B 64CC            	  7984: 	.word	LAB_PPFN-1		; DEEK(n)		"
01:E27D 0000            	  7985: 	.word	$0000			; SADD()	none
01:E27F 5ECC            	  7986: 	.word	LAB_PPFS-1		; LEN($)	process string expression in ()
01:E281 64CC            	  7987: 	.word	LAB_PPFN-1		; STR$(n)	process numeric expression in ()
01:E283 5ECC            	  7988: 	.word	LAB_PPFS-1		; VAL($)	process string expression in ()
01:E285 5ECC            	  7989: 	.word	LAB_PPFS-1		; ASC($)		"
01:E287 5ECC            	  7990: 	.word	LAB_PPFS-1		; UCASE$($)		"
01:E289 5ECC            	  7991: 	.word	LAB_PPFS-1		; LCASE$($)		"
01:E28B 64CC            	  7992: 	.word	LAB_PPFN-1		; CHR$(n)	process numeric expression in ()
01:E28D 8BCC            	  7993: 	.word	LAB_BHSS-1		; HEX$(n)		"
01:E28F 8BCC            	  7994: 	.word	LAB_BHSS-1		; BIN$(n)		"
01:E291 0000            	  7995: 	.word	$0000			; BITTST()	none
01:E293 7CDF            	  7996: 	.word	LAB_MMPP-1		; MAX()	process numeric expression
01:E295 7CDF            	  7997: 	.word	LAB_MMPP-1		; MIN()		"
01:E297 6ACC            	  7998: 	.word	LAB_PPBI-1		; PI		advance pointer
01:E299 6ACC            	  7999: 	.word	LAB_PPBI-1		; TWOPI		"
01:E29B 0000            	  8000: 	.word	$0000			; VARPTR()	none
01:E29D 6FCC            	  8001: 	.word	LAB_LRMS-1		; LEFT$()	process string expression
01:E29F 6FCC            	  8002: 	.word	LAB_LRMS-1		; RIGHT$()		"
01:E2A1 6FCC            	  8003: 	.word	LAB_LRMS-1		; MID$()		"
                        	  8004: 
                        	  8005: ; action addresses for functions
                        	  8006: 
                        	  8007: LAB_FTBL
                        	  8008: LAB_FTBM	= LAB_FTBL+$01
01:E2A3 F6D8            	  8009: 	.word	LAB_SGN-1		; SGN()
01:E2A5 80D9            	  8010: 	.word	LAB_INT-1		; INT()
01:E2A7 13D9            	  8011: 	.word	LAB_ABS-1		; ABS()
01:E2A9 4CDD            	  8012: 	.word	LAB_USR-1		; USR()
01:E2AB 44D0            	  8013: 	.word	LAB_FRE-1		; FRE()
01:E2AD 63D0            	  8014: 	.word	LAB_POS-1		; POS()
01:E2AF 3BE0            	  8015: 	.word	LAB_SQR-1		; SQR()
01:E2B1 9CDC            	  8016: 	.word	LAB_RND-1		; RND()		modified function
01:E2B3 FAD6            	  8017: 	.word	LAB_LOG-1		; LOG()
01:E2B5 FEDB            	  8018: 	.word	LAB_EXP-1		; EXP()
01:E2B7 D0DC            	  8019: 	.word	LAB_COS-1		; COS()
01:E2B9 D7DC            	  8020: 	.word	LAB_SIN-1		; SIN()
01:E2BB 20DD            	  8021: 	.word	LAB_TAN-1		; TAN()
01:E2BD 52DD            	  8022: 	.word	LAB_ATN-1		; ATN()
01:E2BF 02D5            	  8023: 	.word	LAB_PEEK-1		; PEEK()
01:E2C1 16D5            	  8024: 	.word	LAB_DEEK-1		; DEEK()		new function
01:E2C3 54D4            	  8025: 	.word	LAB_SADD-1		; SADD()		new function
01:E2C5 6DD4            	  8026: 	.word	LAB_LENS-1		; LEN()
01:E2C7 25D1            	  8027: 	.word	LAB_STRS-1		; STR$()
01:E2C9 9AD4            	  8028: 	.word	LAB_VAL-1		; VAL()
01:E2CB 78D4            	  8029: 	.word	LAB_ASC-1		; ASC()
01:E2CD 32D4            	  8030: 	.word	LAB_UCASE-1		; UCASE$()		new function
01:E2CF 11D4            	  8031: 	.word	LAB_LCASE-1		; LCASE$()		new function
01:E2D1 83D3            	  8032: 	.word	LAB_CHRS-1		; CHR$()
01:E2D3 22DE            	  8033: 	.word	LAB_HEXS-1		; HEX$()		new function
01:E2D5 D3DD            	  8034: 	.word	LAB_BINS-1		; BIN$()		new function
01:E2D7 ABDD            	  8035: 	.word	LAB_BTST-1		; BITTST()		new function
01:E2D9 82DF            	  8036: 	.word	LAB_MAX-1		; MAX()		new function
01:E2DB 92DF            	  8037: 	.word	LAB_MIN-1		; MIN()		new function
01:E2DD D8E0            	  8038: 	.word	LAB_PI-1		; PI			new function
01:E2DF E2E0            	  8039: 	.word	LAB_TWOPI-1		; TWOPI		new function
01:E2E1 C8E0            	  8040: 	.word	LAB_VARPTR-1	; VARPTR()		new function
01:E2E3 95D3            	  8041: 	.word	LAB_LEFT-1		; LEFT$()
01:E2E5 9ED3            	  8042: 	.word	LAB_RIGHT-1		; RIGHT$()
01:E2E7 CDD3            	  8043: 	.word	LAB_MIDS-1		; MID$()
                        	  8044: 
                        	  8045: ; hierarchy and action addresses for operator
                        	  8046: 
                        	  8047: LAB_OPPT
01:E2E9 79              	  8048: 	.byte	$79			; +
01:E2EA C0D5            	  8049: 	.word	LAB_ADD-1
01:E2EC 79              	  8050: 	.byte	$79			; -
01:E2ED A5D5            	  8051: 	.word	LAB_SUBTRACT-1
01:E2EF 7B              	  8052: 	.byte	$7B			; *
01:E2F0 3BD7            	  8053: 	.word	LAB_MULTIPLY-1
01:E2F2 7B              	  8054: 	.byte	$7B			; /
01:E2F3 03D8            	  8055: 	.word	LAB_DIVIDE-1
01:E2F5 7F              	  8056: 	.byte	$7F			; ^
01:E2F6 BADB            	  8057: 	.word	LAB_POWER-1
01:E2F8 50              	  8058: 	.byte	$50			; AND
01:E2F9 D4CC            	  8059: 	.word	LAB_AND-1
01:E2FB 46              	  8060: 	.byte	$46			; EOR			new operator
01:E2FC BACC            	  8061: 	.word	LAB_EOR-1
01:E2FE 46              	  8062: 	.byte	$46			; OR
01:E2FF C7CC            	  8063: 	.word	LAB_OR-1
01:E301 56              	  8064: 	.byte	$56			; >>			new operator
01:E302 80CD            	  8065: 	.word	LAB_RSHIFT-1
01:E304 56              	  8066: 	.byte	$56			; <<			new operator
01:E305 68CD            	  8067: 	.word	LAB_LSHIFT-1
01:E307 7D              	  8068: 	.byte	$7D			; >
01:E308 F3DB            	  8069: 	.word	LAB_GTHAN-1
01:E30A 5A              	  8070: 	.byte	$5A			; =
01:E30B 16CC            	  8071: 	.word	LAB_EQUAL-1
01:E30D 64              	  8072: 	.byte	$64			; <
01:E30E F5CC            	  8073: 	.word	LAB_LTHAN-1
                        	  8074: 
                        	  8075: ; keywords start with ..
                        	  8076: ; this is the first character table and must be in alphabetic order
                        	  8077: 
                        	  8078: TAB_1STC
01:E310 2A              	  8079: 	.byte	"*"
01:E311 2B              	  8080: 	.byte	"+"
01:E312 2D              	  8081: 	.byte	"-"
01:E313 2F              	  8082: 	.byte	"/"
01:E314 3C              	  8083: 	.byte	"<"
01:E315 3D              	  8084: 	.byte	"="
01:E316 3E              	  8085: 	.byte	">"
01:E317 3F              	  8086: 	.byte	"?"
01:E318 41              	  8087: 	.byte	"A"
01:E319 42              	  8088: 	.byte	"B"
01:E31A 43              	  8089: 	.byte	"C"
01:E31B 44              	  8090: 	.byte	"D"
01:E31C 45              	  8091: 	.byte	"E"
01:E31D 46              	  8092: 	.byte	"F"
01:E31E 47              	  8093: 	.byte	"G"
01:E31F 48              	  8094: 	.byte	"H"
01:E320 49              	  8095: 	.byte	"I"
01:E321 4C              	  8096: 	.byte	"L"
01:E322 4D              	  8097: 	.byte	"M"
01:E323 4E              	  8098: 	.byte	"N"
01:E324 4F              	  8099: 	.byte	"O"
01:E325 50              	  8100: 	.byte	"P"
01:E326 52              	  8101: 	.byte	"R"
01:E327 53              	  8102: 	.byte	"S"
01:E328 54              	  8103: 	.byte	"T"
01:E329 55              	  8104: 	.byte	"U"
01:E32A 56              	  8105: 	.byte	"V"
01:E32B 57              	  8106: 	.byte	"W"
01:E32C 5E              	  8107: 	.byte	"^"
01:E32D 00              	  8108: 	.byte	$00			; table terminator
                        	  8109: 
                        	  8110: ; pointers to keyword tables
                        	  8111: 
                        	  8112: TAB_CHRT
01:E32E 68E3            	  8113: 	.word	TAB_STAR		; table for "*"
01:E330 6AE3            	  8114: 	.word	TAB_PLUS		; table for "+"
01:E332 6CE3            	  8115: 	.word	TAB_MNUS		; table for "-"
01:E334 6EE3            	  8116: 	.word	TAB_SLAS		; table for "/"
01:E336 70E3            	  8117: 	.word	TAB_LESS		; table for "<"
01:E338 74E3            	  8118: 	.word	TAB_EQUL		; table for "="
01:E33A 76E3            	  8119: 	.word	TAB_MORE		; table for ">"
01:E33C 7AE3            	  8120: 	.word	TAB_QEST		; table for "?"
01:E33E 7CE3            	  8121: 	.word	TAB_ASCA		; table for "A"
01:E340 8CE3            	  8122: 	.word	TAB_ASCB		; table for "B"
01:E342 A5E3            	  8123: 	.word	TAB_ASCC		; table for "C"
01:E344 BCE3            	  8124: 	.word	TAB_ASCD		; table for "D"
01:E346 D5E3            	  8125: 	.word	TAB_ASCE		; table for "E"
01:E348 E4E3            	  8126: 	.word	TAB_ASCF		; table for "F"
01:E34A EEE3            	  8127: 	.word	TAB_ASCG		; table for "G"
01:E34C FBE3            	  8128: 	.word	TAB_ASCH		; table for "H"
01:E34E 01E4            	  8129: 	.word	TAB_ASCI		; table for "I"
01:E350 13E4            	  8130: 	.word	TAB_ASCL		; table for "L"
01:E352 38E4            	  8131: 	.word	TAB_ASCM		; table for "M"
01:E354 46E4            	  8132: 	.word	TAB_ASCN		; table for "N"
01:E356 58E4            	  8133: 	.word	TAB_ASCO		; table for "O"
01:E358 60E4            	  8134: 	.word	TAB_ASCP		; table for "P"
01:E35A 75E4            	  8135: 	.word	TAB_ASCR		; table for "R"
01:E35C A4E4            	  8136: 	.word	TAB_ASCS		; table for "S"
01:E35E CFE4            	  8137: 	.word	TAB_ASCT		; table for "T"
01:E360 E3E4            	  8138: 	.word	TAB_ASCU		; table for "U"
01:E362 F4E4            	  8139: 	.word	TAB_ASCV		; table for "V"
01:E364 00E5            	  8140: 	.word	TAB_ASCW		; table for "W"
01:E366 0FE5            	  8141: 	.word	TAB_POWR		; table for "^"
                        	  8142: 
                        	  8143: ; tables for each start character, note if a longer keyword with the same start
                        	  8144: ; letters as a shorter one exists then it must come first, else the list is in
                        	  8145: ; alphabetical order as follows ..
                        	  8146: 
                        	  8147: ; [keyword,token
                        	  8148: ; [keyword,token]]
                        	  8149: ; end marker (#$00)
                        	  8150: 
                        	  8151: TAB_STAR
01:E368 B8              	  8152: 	.byte TK_MUL,$00		; *
01:E369 00
                        	  8153: TAB_PLUS
01:E36A B6              	  8154: 	.byte TK_PLUS,$00		; +
01:E36B 00
                        	  8155: TAB_MNUS
01:E36C B7              	  8156: 	.byte TK_MINUS,$00	; -
01:E36D 00
                        	  8157: TAB_SLAS
01:E36E B9              	  8158: 	.byte TK_DIV,$00		; /
01:E36F 00
                        	  8159: TAB_LESS
                        	  8160: LBB_LSHIFT
01:E370 3C              	  8161: 	.byte	"<",TK_LSHIFT	; <<	note - "<<" must come before "<"
01:E371 BF
01:E372 C2              	  8162: 	.byte TK_LT			; <
01:E373 00              	  8163: 	.byte	$00
                        	  8164: TAB_EQUL
01:E374 C1              	  8165: 	.byte TK_EQUAL,$00	; =
01:E375 00
                        	  8166: TAB_MORE
                        	  8167: LBB_RSHIFT
01:E376 3E              	  8168: 	.byte	">",TK_RSHIFT	; >>	note - ">>" must come before ">"
01:E377 BE
01:E378 C0              	  8169: 	.byte TK_GT			; >
01:E379 00              	  8170: 	.byte	$00
                        	  8171: TAB_QEST
01:E37A 9F              	  8172: 	.byte TK_PRINT,$00	; ?
01:E37B 00
                        	  8173: TAB_ASCA
                        	  8174: LBB_ABS
01:E37C 425328          	  8175: 	.byte	"BS(",TK_ABS	; ABS(
01:E37F C5
                        	  8176: LBB_AND
01:E380 4E44            	  8177: 	.byte	"ND",TK_AND		; AND
01:E382 BB
                        	  8178: LBB_ASC
01:E383 534328          	  8179: 	.byte	"SC(",TK_ASC	; ASC(
01:E386 D7
                        	  8180: LBB_ATN
01:E387 544E28          	  8181: 	.byte	"TN(",TK_ATN	; ATN(
01:E38A D0
01:E38B 00              	  8182: 	.byte	$00
                        	  8183: TAB_ASCB
                        	  8184: LBB_BINS
01:E38C 494E2428        	  8185: 	.byte	"IN$(",TK_BINS	; BIN$(
01:E390 DC
                        	  8186: LBB_BITCLR
01:E391 4954434C52      	  8187: 	.byte	"ITCLR",TK_BITCLR	; BITCLR
01:E396 A8
                        	  8188: LBB_BITSET
01:E397 4954534554      	  8189: 	.byte	"ITSET",TK_BITSET	; BITSET
01:E39C A7
                        	  8190: LBB_BITTST
01:E39D 495454535428    	  8191: 	.byte	"ITTST(",TK_BITTST
01:E3A3 DD
                        	  8192: 					; BITTST(
01:E3A4 00              	  8193: 	.byte	$00
                        	  8194: TAB_ASCC
                        	  8195: LBB_CALL
01:E3A5 414C4C          	  8196: 	.byte	"ALL",TK_CALL	; CALL
01:E3A8 9C
                        	  8197: LBB_CHRS
01:E3A9 48522428        	  8198: 	.byte	"HR$(",TK_CHRS	; CHR$(
01:E3AD DA
                        	  8199: LBB_CLEAR
01:E3AE 4C454152        	  8200: 	.byte	"LEAR",TK_CLEAR	; CLEAR
01:E3B2 A2
                        	  8201: LBB_CONT
01:E3B3 4F4E54          	  8202: 	.byte	"ONT",TK_CONT	; CONT
01:E3B6 A0
                        	  8203: LBB_COS
01:E3B7 4F5328          	  8204: 	.byte	"OS(",TK_COS	; COS(
01:E3BA CD
01:E3BB 00              	  8205: 	.byte	$00
                        	  8206: TAB_ASCD
                        	  8207: LBB_DATA
01:E3BC 415441          	  8208: 	.byte	"ATA",TK_DATA	; DATA
01:E3BF 83
                        	  8209: LBB_DEC
01:E3C0 4543            	  8210: 	.byte	"EC",TK_DEC		; DEC
01:E3C2 88
                        	  8211: LBB_DEEK
01:E3C3 45454B28        	  8212: 	.byte	"EEK(",TK_DEEK	; DEEK(
01:E3C7 D2
                        	  8213: LBB_DEF
01:E3C8 4546            	  8214: 	.byte	"EF",TK_DEF		; DEF
01:E3CA 99
                        	  8215: LBB_DIM
01:E3CB 494D            	  8216: 	.byte	"IM",TK_DIM		; DIM
01:E3CD 85
                        	  8217: LBB_DOKE
01:E3CE 4F4B45          	  8218: 	.byte	"OKE",TK_DOKE	; DOKE note - "DOKE" must come before "DO"
01:E3D1 9B
                        	  8219: LBB_DO
01:E3D2 4F              	  8220: 	.byte	"O",TK_DO		; DO
01:E3D3 9D
01:E3D4 00              	  8221: 	.byte	$00
                        	  8222: TAB_ASCE
                        	  8223: LBB_ELSE
01:E3D5 4C5345          	  8224: 	.byte	"LSE",TK_ELSE	; ELSE
01:E3D8 AC
                        	  8225: LBB_END
01:E3D9 4E44            	  8226: 	.byte	"ND",TK_END		; END
01:E3DB 80
                        	  8227: LBB_EOR
01:E3DC 4F52            	  8228: 	.byte	"OR",TK_EOR		; EOR
01:E3DE BC
                        	  8229: LBB_EXP
01:E3DF 585028          	  8230: 	.byte	"XP(",TK_EXP	; EXP(
01:E3E2 CC
01:E3E3 00              	  8231: 	.byte	$00
                        	  8232: TAB_ASCF
                        	  8233: LBB_FN
01:E3E4 4E              	  8234: 	.byte	"N",TK_FN		; FN
01:E3E5 AE
                        	  8235: LBB_FOR
01:E3E6 4F52            	  8236: 	.byte	"OR",TK_FOR		; FOR
01:E3E8 81
                        	  8237: LBB_FRE
01:E3E9 524528          	  8238: 	.byte	"RE(",TK_FRE	; FRE(
01:E3EC C7
01:E3ED 00              	  8239: 	.byte	$00
                        	  8240: TAB_ASCG
                        	  8241: LBB_GET
01:E3EE 4554            	  8242: 	.byte	"ET",TK_GET		; GET
01:E3F0 A5
                        	  8243: LBB_GOSUB
01:E3F1 4F535542        	  8244: 	.byte	"OSUB",TK_GOSUB	; GOSUB
01:E3F5 8D
                        	  8245: LBB_GOTO
01:E3F6 4F544F          	  8246: 	.byte	"OTO",TK_GOTO	; GOTO
01:E3F9 89
01:E3FA 00              	  8247: 	.byte	$00
                        	  8248: TAB_ASCH
                        	  8249: LBB_HEXS
01:E3FB 45582428        	  8250: 	.byte	"EX$(",TK_HEXS	; HEX$(
01:E3FF DB
01:E400 00              	  8251: 	.byte	$00
                        	  8252: TAB_ASCI
                        	  8253: LBB_IF
01:E401 46              	  8254: 	.byte	"F",TK_IF		; IF
01:E402 8B
                        	  8255: LBB_INC
01:E403 4E43            	  8256: 	.byte	"NC",TK_INC		; INC
01:E405 95
                        	  8257: LBB_INPUT
01:E406 4E505554        	  8258: 	.byte	"NPUT",TK_INPUT	; INPUT
01:E40A 84
                        	  8259: LBB_INT
01:E40B 4E5428          	  8260: 	.byte	"NT(",TK_INT	; INT(
01:E40E C4
                        	  8261: LBB_IRQ
01:E40F 5251            	  8262: 	.byte	"RQ",TK_IRQ		; IRQ
01:E411 A9
01:E412 00              	  8263: 	.byte	$00
                        	  8264: TAB_ASCL
                        	  8265: LBB_LCASES
01:E413 434153452428    	  8266: 	.byte	"CASE$(",TK_LCASES
01:E419 D9
                        	  8267: 					; LCASE$(
                        	  8268: LBB_LEFTS
01:E41A 4546542428      	  8269: 	.byte	"EFT$(",TK_LEFTS	; LEFT$(
01:E41F E3
                        	  8270: LBB_LEN
01:E420 454E28          	  8271: 	.byte	"EN(",TK_LEN	; LEN(
01:E423 D4
                        	  8272: LBB_LET
01:E424 4554            	  8273: 	.byte	"ET",TK_LET		; LET
01:E426 87
                        	  8274: LBB_LIST
01:E427 495354          	  8275: 	.byte	"IST",TK_LIST	; LIST
01:E42A A1
                        	  8276: LBB_LOAD
01:E42B 4F4144          	  8277: 	.byte	"OAD",TK_LOAD	; LOAD
01:E42E 97
                        	  8278: LBB_LOG
01:E42F 4F4728          	  8279: 	.byte	"OG(",TK_LOG	; LOG(
01:E432 CB
                        	  8280: LBB_LOOP
01:E433 4F4F50          	  8281: 	.byte	"OOP",TK_LOOP	; LOOP
01:E436 9E
01:E437 00              	  8282: 	.byte	$00
                        	  8283: TAB_ASCM
                        	  8284: LBB_MAX
01:E438 415828          	  8285: 	.byte	"AX(",TK_MAX	; MAX(
01:E43B DE
                        	  8286: LBB_MIDS
01:E43C 49442428        	  8287: 	.byte	"ID$(",TK_MIDS	; MID$(
01:E440 E5
                        	  8288: LBB_MIN
01:E441 494E28          	  8289: 	.byte	"IN(",TK_MIN	; MIN(
01:E444 DF
01:E445 00              	  8290: 	.byte	$00
                        	  8291: TAB_ASCN
                        	  8292: LBB_NEW
01:E446 4557            	  8293: 	.byte	"EW",TK_NEW		; NEW
01:E448 A3
                        	  8294: LBB_NEXT
01:E449 455854          	  8295: 	.byte	"EXT",TK_NEXT	; NEXT
01:E44C 82
                        	  8296: LBB_NMI
01:E44D 4D49            	  8297: 	.byte	"MI",TK_NMI		; NMI
01:E44F AA
                        	  8298: LBB_NOT
01:E450 4F54            	  8299: 	.byte	"OT",TK_NOT		; NOT
01:E452 B1
                        	  8300: LBB_NULL
01:E453 554C4C          	  8301: 	.byte	"ULL",TK_NULL	; NULL
01:E456 94
01:E457 00              	  8302: 	.byte	$00
                        	  8303: TAB_ASCO
                        	  8304: LBB_OFF
01:E458 4646            	  8305: 	.byte	"FF",TK_OFF		; OFF
01:E45A B5
                        	  8306: LBB_ON
01:E45B 4E              	  8307: 	.byte	"N",TK_ON		; ON
01:E45C 93
                        	  8308: LBB_OR
01:E45D 52              	  8309: 	.byte	"R",TK_OR		; OR
01:E45E BD
01:E45F 00              	  8310: 	.byte	$00
                        	  8311: TAB_ASCP
                        	  8312: LBB_PEEK
01:E460 45454B28        	  8313: 	.byte	"EEK(",TK_PEEK	; PEEK(
01:E464 D1
                        	  8314: LBB_PI
01:E465 49              	  8315: 	.byte	"I",TK_PI		; PI
01:E466 E0
                        	  8316: LBB_POKE
01:E467 4F4B45          	  8317: 	.byte	"OKE",TK_POKE	; POKE
01:E46A 9A
                        	  8318: LBB_POS
01:E46B 4F5328          	  8319: 	.byte	"OS(",TK_POS	; POS(
01:E46E C8
                        	  8320: LBB_PRINT
01:E46F 52494E54        	  8321: 	.byte	"RINT",TK_PRINT	; PRINT
01:E473 9F
01:E474 00              	  8322: 	.byte	$00
                        	  8323: TAB_ASCR
                        	  8324: LBB_READ
01:E475 454144          	  8325: 	.byte	"EAD",TK_READ	; READ
01:E478 86
                        	  8326: LBB_REM
01:E479 454D            	  8327: 	.byte	"EM",TK_REM		; REM
01:E47B 91
                        	  8328: LBB_RESTORE
01:E47C 4553544F5245    	  8329: 	.byte	"ESTORE",TK_RESTORE
01:E482 8C
                        	  8330: 					; RESTORE
                        	  8331: LBB_RETIRQ
01:E483 4554495251      	  8332: 	.byte	"ETIRQ",TK_RETIRQ	; RETIRQ
01:E488 8E
                        	  8333: LBB_RETNMI
01:E489 45544E4D49      	  8334: 	.byte	"ETNMI",TK_RETNMI	; RETNMI
01:E48E 8F
                        	  8335: LBB_RETURN
01:E48F 455455524E      	  8336: 	.byte	"ETURN",TK_RETURN	; RETURN
01:E494 90
                        	  8337: LBB_RIGHTS
01:E495 494748542428    	  8338: 	.byte	"IGHT$(",TK_RIGHTS
01:E49B E4
                        	  8339: 					; RIGHT$(
                        	  8340: LBB_RND
01:E49C 4E4428          	  8341: 	.byte	"ND(",TK_RND	; RND(
01:E49F CA
                        	  8342: LBB_RUN
01:E4A0 554E            	  8343: 	.byte	"UN",TK_RUN		; RUN
01:E4A2 8A
01:E4A3 00              	  8344: 	.byte	$00
                        	  8345: TAB_ASCS
                        	  8346: LBB_SADD
01:E4A4 41444428        	  8347: 	.byte	"ADD(",TK_SADD	; SADD(
01:E4A8 D3
                        	  8348: LBB_SAVE
01:E4A9 415645          	  8349: 	.byte	"AVE",TK_SAVE	; SAVE
01:E4AC 98
                        	  8350: LBB_SGN
01:E4AD 474E28          	  8351: 	.byte	"GN(",TK_SGN	; SGN(
01:E4B0 C3
                        	  8352: LBB_SIN
01:E4B1 494E28          	  8353: 	.byte	"IN(",TK_SIN	; SIN(
01:E4B4 CE
                        	  8354: LBB_SPC
01:E4B5 504328          	  8355: 	.byte	"PC(",TK_SPC	; SPC(
01:E4B8 AF
                        	  8356: LBB_SQR
01:E4B9 515228          	  8357: 	.byte	"QR(",TK_SQR	; SQR(
01:E4BC C9
                        	  8358: LBB_STEP
01:E4BD 544550          	  8359: 	.byte	"TEP",TK_STEP	; STEP
01:E4C0 B2
                        	  8360: LBB_STOP
01:E4C1 544F50          	  8361: 	.byte	"TOP",TK_STOP	; STOP
01:E4C4 92
                        	  8362: LBB_STRS
01:E4C5 54522428        	  8363: 	.byte	"TR$(",TK_STRS	; STR$(
01:E4C9 D5
                        	  8364: LBB_SWAP
01:E4CA 574150          	  8365: 	.byte	"WAP",TK_SWAP	; SWAP
01:E4CD A6
01:E4CE 00              	  8366: 	.byte	$00
                        	  8367: TAB_ASCT
                        	  8368: LBB_TAB
01:E4CF 414228          	  8369: 	.byte	"AB(",TK_TAB	; TAB(
01:E4D2 AB
                        	  8370: LBB_TAN
01:E4D3 414E28          	  8371: 	.byte	"AN(",TK_TAN	; TAN(
01:E4D6 CF
                        	  8372: LBB_THEN
01:E4D7 48454E          	  8373: 	.byte	"HEN",TK_THEN	; THEN
01:E4DA B0
                        	  8374: LBB_TO
01:E4DB 4F              	  8375: 	.byte	"O",TK_TO		; TO
01:E4DC AD
                        	  8376: LBB_TWOPI
01:E4DD 574F5049        	  8377: 	.byte	"WOPI",TK_TWOPI	; TWOPI
01:E4E1 E1
01:E4E2 00              	  8378: 	.byte	$00
                        	  8379: TAB_ASCU
                        	  8380: LBB_UCASES
01:E4E3 434153452428    	  8381: 	.byte	"CASE$(",TK_UCASES
01:E4E9 D8
                        	  8382: 					; UCASE$(
                        	  8383: LBB_UNTIL
01:E4EA 4E54494C        	  8384: 	.byte	"NTIL",TK_UNTIL	; UNTIL
01:E4EE B3
                        	  8385: LBB_USR
01:E4EF 535228          	  8386: 	.byte	"SR(",TK_USR	; USR(
01:E4F2 C6
01:E4F3 00              	  8387: 	.byte	$00
                        	  8388: TAB_ASCV
                        	  8389: LBB_VAL
01:E4F4 414C28          	  8390: 	.byte	"AL(",TK_VAL	; VAL(
01:E4F7 D6
                        	  8391: LBB_VPTR
01:E4F8 415250545228    	  8392: 	.byte	"ARPTR(",TK_VPTR	; VARPTR(
01:E4FE E2
01:E4FF 00              	  8393: 	.byte	$00
                        	  8394: TAB_ASCW
                        	  8395: LBB_WAIT
01:E500 414954          	  8396: 	.byte	"AIT",TK_WAIT	; WAIT
01:E503 96
                        	  8397: LBB_WHILE
01:E504 48494C45        	  8398: 	.byte	"HILE",TK_WHILE	; WHILE
01:E508 B4
                        	  8399: LBB_WIDTH
01:E509 49445448        	  8400: 	.byte	"IDTH",TK_WIDTH	; WIDTH
01:E50D A4
01:E50E 00              	  8401: 	.byte	$00
                        	  8402: TAB_POWR
01:E50F BA              	  8403: 	.byte	TK_POWER,$00	; ^
01:E510 00
                        	  8404: 
                        	  8405: ; new decode table for LIST
                        	  8406: ; Table is ..
                        	  8407: ; byte - keyword length, keyword first character
                        	  8408: ; word - pointer to rest of keyword from dictionary
                        	  8409: 
                        	  8410: ; note if length is 1 then the pointer is ignored
                        	  8411: 
                        	  8412: LAB_KEYT
01:E511 03              	  8413: 	.byte	3,'E'
01:E512 45
01:E513 D9E3            	  8414: 	.word	LBB_END		; END
01:E515 03              	  8415: 	.byte	3,'F'
01:E516 46
01:E517 E6E3            	  8416: 	.word	LBB_FOR		; FOR
01:E519 04              	  8417: 	.byte	4,'N'
01:E51A 4E
01:E51B 49E4            	  8418: 	.word	LBB_NEXT		; NEXT
01:E51D 04              	  8419: 	.byte	4,'D'
01:E51E 44
01:E51F BCE3            	  8420: 	.word	LBB_DATA		; DATA
01:E521 05              	  8421: 	.byte	5,'I'
01:E522 49
01:E523 06E4            	  8422: 	.word	LBB_INPUT		; INPUT
01:E525 03              	  8423: 	.byte	3,'D'
01:E526 44
01:E527 CBE3            	  8424: 	.word	LBB_DIM		; DIM
01:E529 04              	  8425: 	.byte	4,'R'
01:E52A 52
01:E52B 75E4            	  8426: 	.word	LBB_READ		; READ
01:E52D 03              	  8427: 	.byte	3,'L'
01:E52E 4C
01:E52F 24E4            	  8428: 	.word	LBB_LET		; LET
01:E531 03              	  8429: 	.byte	3,'D'
01:E532 44
01:E533 C0E3            	  8430: 	.word	LBB_DEC		; DEC
01:E535 04              	  8431: 	.byte	4,'G'
01:E536 47
01:E537 F6E3            	  8432: 	.word	LBB_GOTO		; GOTO
01:E539 03              	  8433: 	.byte	3,'R'
01:E53A 52
01:E53B A0E4            	  8434: 	.word	LBB_RUN		; RUN
01:E53D 02              	  8435: 	.byte	2,'I'
01:E53E 49
01:E53F 01E4            	  8436: 	.word	LBB_IF		; IF
01:E541 07              	  8437: 	.byte	7,'R'
01:E542 52
01:E543 7CE4            	  8438: 	.word	LBB_RESTORE		; RESTORE
01:E545 05              	  8439: 	.byte	5,'G'
01:E546 47
01:E547 F1E3            	  8440: 	.word	LBB_GOSUB		; GOSUB
01:E549 06              	  8441: 	.byte	6,'R'
01:E54A 52
01:E54B 83E4            	  8442: 	.word	LBB_RETIRQ		; RETIRQ
01:E54D 06              	  8443: 	.byte	6,'R'
01:E54E 52
01:E54F 89E4            	  8444: 	.word	LBB_RETNMI		; RETNMI
01:E551 06              	  8445: 	.byte	6,'R'
01:E552 52
01:E553 8FE4            	  8446: 	.word	LBB_RETURN		; RETURN
01:E555 03              	  8447: 	.byte	3,'R'
01:E556 52
01:E557 79E4            	  8448: 	.word	LBB_REM		; REM
01:E559 04              	  8449: 	.byte	4,'S'
01:E55A 53
01:E55B C1E4            	  8450: 	.word	LBB_STOP		; STOP
01:E55D 02              	  8451: 	.byte	2,'O'
01:E55E 4F
01:E55F 5BE4            	  8452: 	.word	LBB_ON		; ON
01:E561 04              	  8453: 	.byte	4,'N'
01:E562 4E
01:E563 53E4            	  8454: 	.word	LBB_NULL		; NULL
01:E565 03              	  8455: 	.byte	3,'I'
01:E566 49
01:E567 03E4            	  8456: 	.word	LBB_INC		; INC
01:E569 04              	  8457: 	.byte	4,'W'
01:E56A 57
01:E56B 00E5            	  8458: 	.word	LBB_WAIT		; WAIT
01:E56D 04              	  8459: 	.byte	4,'L'
01:E56E 4C
01:E56F 2BE4            	  8460: 	.word	LBB_LOAD		; LOAD
01:E571 04              	  8461: 	.byte	4,'S'
01:E572 53
01:E573 A9E4            	  8462: 	.word	LBB_SAVE		; SAVE
01:E575 03              	  8463: 	.byte	3,'D'
01:E576 44
01:E577 C8E3            	  8464: 	.word	LBB_DEF		; DEF
01:E579 04              	  8465: 	.byte	4,'P'
01:E57A 50
01:E57B 67E4            	  8466: 	.word	LBB_POKE		; POKE
01:E57D 04              	  8467: 	.byte	4,'D'
01:E57E 44
01:E57F CEE3            	  8468: 	.word	LBB_DOKE		; DOKE
01:E581 04              	  8469: 	.byte	4,'C'
01:E582 43
01:E583 A5E3            	  8470: 	.word	LBB_CALL		; CALL
01:E585 02              	  8471: 	.byte	2,'D'
01:E586 44
01:E587 D2E3            	  8472: 	.word	LBB_DO		; DO
01:E589 04              	  8473: 	.byte	4,'L'
01:E58A 4C
01:E58B 33E4            	  8474: 	.word	LBB_LOOP		; LOOP
01:E58D 05              	  8475: 	.byte	5,'P'
01:E58E 50
01:E58F 6FE4            	  8476: 	.word	LBB_PRINT		; PRINT
01:E591 04              	  8477: 	.byte	4,'C'
01:E592 43
01:E593 B3E3            	  8478: 	.word	LBB_CONT		; CONT
01:E595 04              	  8479: 	.byte	4,'L'
01:E596 4C
01:E597 27E4            	  8480: 	.word	LBB_LIST		; LIST
01:E599 05              	  8481: 	.byte	5,'C'
01:E59A 43
01:E59B AEE3            	  8482: 	.word	LBB_CLEAR		; CLEAR
01:E59D 03              	  8483: 	.byte	3,'N'
01:E59E 4E
01:E59F 46E4            	  8484: 	.word	LBB_NEW		; NEW
01:E5A1 05              	  8485: 	.byte	5,'W'
01:E5A2 57
01:E5A3 09E5            	  8486: 	.word	LBB_WIDTH		; WIDTH
01:E5A5 03              	  8487: 	.byte	3,'G'
01:E5A6 47
01:E5A7 EEE3            	  8488: 	.word	LBB_GET		; GET
01:E5A9 04              	  8489: 	.byte	4,'S'
01:E5AA 53
01:E5AB CAE4            	  8490: 	.word	LBB_SWAP		; SWAP
01:E5AD 06              	  8491: 	.byte	6,'B'
01:E5AE 42
01:E5AF 97E3            	  8492: 	.word	LBB_BITSET		; BITSET
01:E5B1 06              	  8493: 	.byte	6,'B'
01:E5B2 42
01:E5B3 91E3            	  8494: 	.word	LBB_BITCLR		; BITCLR
01:E5B5 03              	  8495: 	.byte	3,'I'
01:E5B6 49
01:E5B7 0FE4            	  8496: 	.word	LBB_IRQ		; IRQ
01:E5B9 03              	  8497: 	.byte	3,'N'
01:E5BA 4E
01:E5BB 4DE4            	  8498: 	.word	LBB_NMI		; NMI
                        	  8499: 
                        	  8500: ; secondary commands (can't start a statement)
                        	  8501: 
01:E5BD 04              	  8502: 	.byte	4,'T'
01:E5BE 54
01:E5BF CFE4            	  8503: 	.word	LBB_TAB		; TAB
01:E5C1 04              	  8504: 	.byte	4,'E'
01:E5C2 45
01:E5C3 D5E3            	  8505: 	.word	LBB_ELSE		; ELSE
01:E5C5 02              	  8506: 	.byte	2,'T'
01:E5C6 54
01:E5C7 DBE4            	  8507: 	.word	LBB_TO		; TO
01:E5C9 02              	  8508: 	.byte	2,'F'
01:E5CA 46
01:E5CB E4E3            	  8509: 	.word	LBB_FN		; FN
01:E5CD 04              	  8510: 	.byte	4,'S'
01:E5CE 53
01:E5CF B5E4            	  8511: 	.word	LBB_SPC		; SPC
01:E5D1 04              	  8512: 	.byte	4,'T'
01:E5D2 54
01:E5D3 D7E4            	  8513: 	.word	LBB_THEN		; THEN
01:E5D5 03              	  8514: 	.byte	3,'N'
01:E5D6 4E
01:E5D7 50E4            	  8515: 	.word	LBB_NOT		; NOT
01:E5D9 04              	  8516: 	.byte	4,'S'
01:E5DA 53
01:E5DB BDE4            	  8517: 	.word	LBB_STEP		; STEP
01:E5DD 05              	  8518: 	.byte	5,'U'
01:E5DE 55
01:E5DF EAE4            	  8519: 	.word	LBB_UNTIL		; UNTIL
01:E5E1 05              	  8520: 	.byte	5,'W'
01:E5E2 57
01:E5E3 04E5            	  8521: 	.word	LBB_WHILE		; WHILE
01:E5E5 03              	  8522: 	.byte	3,'O'
01:E5E6 4F
01:E5E7 58E4            	  8523: 	.word	LBB_OFF		; OFF
                        	  8524: 
                        	  8525: ; opperators
                        	  8526: 
01:E5E9 01              	  8527: 	.byte	1,'+'
01:E5EA 2B
01:E5EB 0000            	  8528: 	.word	$0000			; +
01:E5ED 01              	  8529: 	.byte	1,'-'
01:E5EE 2D
01:E5EF 0000            	  8530: 	.word	$0000			; -
01:E5F1 01              	  8531: 	.byte	1,'*'
01:E5F2 2A
01:E5F3 0000            	  8532: 	.word	$0000			; *
01:E5F5 01              	  8533: 	.byte	1,'/'
01:E5F6 2F
01:E5F7 0000            	  8534: 	.word	$0000			; /
01:E5F9 01              	  8535: 	.byte	1,'^'
01:E5FA 5E
01:E5FB 0000            	  8536: 	.word	$0000			; ^
01:E5FD 03              	  8537: 	.byte	3,'A'
01:E5FE 41
01:E5FF 80E3            	  8538: 	.word	LBB_AND		; AND
01:E601 03              	  8539: 	.byte	3,'E'
01:E602 45
01:E603 DCE3            	  8540: 	.word	LBB_EOR		; EOR
01:E605 02              	  8541: 	.byte	2,'O'
01:E606 4F
01:E607 5DE4            	  8542: 	.word	LBB_OR		; OR
01:E609 02              	  8543: 	.byte	2,'>'
01:E60A 3E
01:E60B 76E3            	  8544: 	.word	LBB_RSHIFT		; >>
01:E60D 02              	  8545: 	.byte	2,'<'
01:E60E 3C
01:E60F 70E3            	  8546: 	.word	LBB_LSHIFT		; <<
01:E611 01              	  8547: 	.byte	1,'>'
01:E612 3E
01:E613 0000            	  8548: 	.word	$0000			; >
01:E615 01              	  8549: 	.byte	1,'='
01:E616 3D
01:E617 0000            	  8550: 	.word	$0000			; =
01:E619 01              	  8551: 	.byte	1,'<'
01:E61A 3C
01:E61B 0000            	  8552: 	.word	$0000			; <
                        	  8553: 
                        	  8554: ; functions
                        	  8555: 
01:E61D 04              	  8556: 	.byte	4,'S'			;
01:E61E 53
01:E61F ADE4            	  8557: 	.word	LBB_SGN		; SGN
01:E621 04              	  8558: 	.byte	4,'I'			;
01:E622 49
01:E623 0BE4            	  8559: 	.word	LBB_INT		; INT
01:E625 04              	  8560: 	.byte	4,'A'			;
01:E626 41
01:E627 7CE3            	  8561: 	.word	LBB_ABS		; ABS
01:E629 04              	  8562: 	.byte	4,'U'			;
01:E62A 55
01:E62B EFE4            	  8563: 	.word	LBB_USR		; USR
01:E62D 04              	  8564: 	.byte	4,'F'			;
01:E62E 46
01:E62F E9E3            	  8565: 	.word	LBB_FRE		; FRE
01:E631 04              	  8566: 	.byte	4,'P'			;
01:E632 50
01:E633 6BE4            	  8567: 	.word	LBB_POS		; POS
01:E635 04              	  8568: 	.byte	4,'S'			;
01:E636 53
01:E637 B9E4            	  8569: 	.word	LBB_SQR		; SQR
01:E639 04              	  8570: 	.byte	4,'R'			;
01:E63A 52
01:E63B 9CE4            	  8571: 	.word	LBB_RND		; RND
01:E63D 04              	  8572: 	.byte	4,'L'			;
01:E63E 4C
01:E63F 2FE4            	  8573: 	.word	LBB_LOG		; LOG
01:E641 04              	  8574: 	.byte	4,'E'			;
01:E642 45
01:E643 DFE3            	  8575: 	.word	LBB_EXP		; EXP
01:E645 04              	  8576: 	.byte	4,'C'			;
01:E646 43
01:E647 B7E3            	  8577: 	.word	LBB_COS		; COS
01:E649 04              	  8578: 	.byte	4,'S'			;
01:E64A 53
01:E64B B1E4            	  8579: 	.word	LBB_SIN		; SIN
01:E64D 04              	  8580: 	.byte	4,'T'			;
01:E64E 54
01:E64F D3E4            	  8581: 	.word	LBB_TAN		; TAN
01:E651 04              	  8582: 	.byte	4,'A'			;
01:E652 41
01:E653 87E3            	  8583: 	.word	LBB_ATN		; ATN
01:E655 05              	  8584: 	.byte	5,'P'			;
01:E656 50
01:E657 60E4            	  8585: 	.word	LBB_PEEK		; PEEK
01:E659 05              	  8586: 	.byte	5,'D'			;
01:E65A 44
01:E65B C3E3            	  8587: 	.word	LBB_DEEK		; DEEK
01:E65D 05              	  8588: 	.byte	5,'S'			;
01:E65E 53
01:E65F A4E4            	  8589: 	.word	LBB_SADD		; SADD
01:E661 04              	  8590: 	.byte	4,'L'			;
01:E662 4C
01:E663 20E4            	  8591: 	.word	LBB_LEN		; LEN
01:E665 05              	  8592: 	.byte	5,'S'			;
01:E666 53
01:E667 C5E4            	  8593: 	.word	LBB_STRS		; STR$
01:E669 04              	  8594: 	.byte	4,'V'			;
01:E66A 56
01:E66B F4E4            	  8595: 	.word	LBB_VAL		; VAL
01:E66D 04              	  8596: 	.byte	4,'A'			;
01:E66E 41
01:E66F 83E3            	  8597: 	.word	LBB_ASC		; ASC
01:E671 07              	  8598: 	.byte	7,'U'			;
01:E672 55
01:E673 E3E4            	  8599: 	.word	LBB_UCASES		; UCASE$
01:E675 07              	  8600: 	.byte	7,'L'			;
01:E676 4C
01:E677 13E4            	  8601: 	.word	LBB_LCASES		; LCASE$
01:E679 05              	  8602: 	.byte	5,'C'			;
01:E67A 43
01:E67B A9E3            	  8603: 	.word	LBB_CHRS		; CHR$
01:E67D 05              	  8604: 	.byte	5,'H'			;
01:E67E 48
01:E67F FBE3            	  8605: 	.word	LBB_HEXS		; HEX$
01:E681 05              	  8606: 	.byte	5,'B'			;
01:E682 42
01:E683 8CE3            	  8607: 	.word	LBB_BINS		; BIN$
01:E685 07              	  8608: 	.byte	7,'B'			;
01:E686 42
01:E687 9DE3            	  8609: 	.word	LBB_BITTST		; BITTST
01:E689 04              	  8610: 	.byte	4,'M'			;
01:E68A 4D
01:E68B 38E4            	  8611: 	.word	LBB_MAX		; MAX
01:E68D 04              	  8612: 	.byte	4,'M'			;
01:E68E 4D
01:E68F 41E4            	  8613: 	.word	LBB_MIN		; MIN
01:E691 02              	  8614: 	.byte	2,'P'			;
01:E692 50
01:E693 65E4            	  8615: 	.word	LBB_PI		; PI
01:E695 05              	  8616: 	.byte	5,'T'			;
01:E696 54
01:E697 DDE4            	  8617: 	.word	LBB_TWOPI		; TWOPI
01:E699 07              	  8618: 	.byte	7,'V'			;
01:E69A 56
01:E69B F8E4            	  8619: 	.word	LBB_VPTR		; VARPTR
01:E69D 06              	  8620: 	.byte	6,'L'			;
01:E69E 4C
01:E69F 1AE4            	  8621: 	.word	LBB_LEFTS		; LEFT$
01:E6A1 07              	  8622: 	.byte	7,'R'			;
01:E6A2 52
01:E6A3 95E4            	  8623: 	.word	LBB_RIGHTS		; RIGHT$
01:E6A5 05              	  8624: 	.byte	5,'M'			;
01:E6A6 4D
01:E6A7 3CE4            	  8625: 	.word	LBB_MIDS		; MID$
                        	  8626: 
                        	  8627: ; BASIC messages, mostly error messages
                        	  8628: 
                        	  8629: LAB_BAER
01:E6A9 CDE6            	  8630: 	.word	ERR_NF		;$00 NEXT without FOR
01:E6AB DEE6            	  8631: 	.word	ERR_SN		;$02 syntax
01:E6AD E5E6            	  8632: 	.word	ERR_RG		;$04 RETURN without GOSUB
01:E6AF FAE6            	  8633: 	.word	ERR_OD		;$06 out of data
01:E6B1 06E7            	  8634: 	.word	ERR_FC		;$08 function call
01:E6B3 14E7            	  8635: 	.word	ERR_OV		;$0A overflow
01:E6B5 1DE7            	  8636: 	.word	ERR_OM		;$0C out of memory
01:E6B7 2BE7            	  8637: 	.word	ERR_US		;$0E undefined statement
01:E6B9 3FE7            	  8638: 	.word	ERR_BS		;$10 array bounds
01:E6BB 4CE7            	  8639: 	.word	ERR_DD		;$12 double dimension array
01:E6BD 5DE7            	  8640: 	.word	ERR_D0		;$14 divide by 0
01:E6BF 6CE7            	  8641: 	.word	ERR_ID		;$16 illegal direct
01:E6C1 7BE7            	  8642: 	.word	ERR_TM		;$18 type mismatch
01:E6C3 89E7            	  8643: 	.word	ERR_LS		;$1A long string
01:E6C5 99E7            	  8644: 	.word	ERR_ST		;$1C string too complex
01:E6C7 ACE7            	  8645: 	.word	ERR_CN		;$1E continue error
01:E6C9 BBE7            	  8646: 	.word	ERR_UF		;$20 undefined function
01:E6CB CEE7            	  8647: 	.word ERR_LD		;$22 LOOP without DO
                        	  8648: 
                        	  8649: ; I may implement these two errors to force definition of variables and
                        	  8650: ; dimensioning of arrays before use.
                        	  8651: 
                        	  8652: ;	.word ERR_UV		;$24 undefined variable
                        	  8653: 
                        	  8654: ; the above error has been tested and works (see code and comments below LAB_1D8B)
                        	  8655: 
                        	  8656: ;	.word ERR_UA		;$26 undimensioned array
                        	  8657: 
01:E6CD 4E45585420776974	  8658: ERR_NF	.byte	"NEXT without FOR",$00
01:E6D5 686F757420464F52
01:E6DD 00
01:E6DE 53796E746178    	  8659: ERR_SN	.byte	"Syntax",$00
01:E6E4 00
01:E6E5 52455455524E2077	  8660: ERR_RG	.byte	"RETURN without GOSUB",$00
01:E6ED 6974686F75742047
01:E6F5 4F535542
01:E6F9 00
01:E6FA 4F7574206F662044	  8661: ERR_OD	.byte	"Out of DATA",$00
01:E702 415441
01:E705 00
01:E706 46756E6374696F6E	  8662: ERR_FC	.byte	"Function call",$00
01:E70E 2063616C6C
01:E713 00
01:E714 4F766572666C6F77	  8663: ERR_OV	.byte	"Overflow",$00
01:E71C 00
01:E71D 4F7574206F66206D	  8664: ERR_OM	.byte	"Out of memory",$00
01:E725 656D6F7279
01:E72A 00
01:E72B 556E646566696E65	  8665: ERR_US	.byte	"Undefined statement",$00
01:E733 642073746174656D
01:E73B 656E74
01:E73E 00
01:E73F 417272617920626F	  8666: ERR_BS	.byte	"Array bounds",$00
01:E747 756E6473
01:E74B 00
01:E74C 446F75626C652064	  8667: ERR_DD	.byte	"Double dimension",$00
01:E754 696D656E73696F6E
01:E75C 00
01:E75D 4469766964652062	  8668: ERR_D0	.byte	"Divide by zero",$00
01:E765 79207A65726F
01:E76B 00
01:E76C 496C6C6567616C20	  8669: ERR_ID	.byte	"Illegal direct",$00
01:E774 646972656374
01:E77A 00
01:E77B 54797065206D6973	  8670: ERR_TM	.byte	"Type mismatch",$00
01:E783 6D61746368
01:E788 00
01:E789 537472696E672074	  8671: ERR_LS	.byte	"String too long",$00
01:E791 6F6F206C6F6E67
01:E798 00
01:E799 537472696E672074	  8672: ERR_ST	.byte	"String too complex",$00
01:E7A1 6F6F20636F6D706C
01:E7A9 6578
01:E7AB 00
01:E7AC 43616E277420636F	  8673: ERR_CN	.byte	"Can't continue",$00
01:E7B4 6E74696E7565
01:E7BA 00
01:E7BB 556E646566696E65	  8674: ERR_UF	.byte	"Undefined function",$00
01:E7C3 642066756E637469
01:E7CB 6F6E
01:E7CD 00
01:E7CE 4C4F4F5020776974	  8675: ERR_LD	.byte	"LOOP without DO",$00
01:E7D6 686F757420444F
01:E7DD 00
                        	  8676: 
                        	  8677: ;ERR_UV	.byte	"Undefined variable",$00
                        	  8678: 
                        	  8679: ; the above error has been tested and works (see code and comments below LAB_1D8B)
                        	  8680: 
                        	  8681: ;ERR_UA	.byte	"Undimensioned array",$00
                        	  8682: 
01:E7DE 0D              	  8683: LAB_BMSG	.byte	$0D,$0A,"Break",$00
01:E7DF 0A
01:E7E0 427265616B
01:E7E5 00
01:E7E6 204572726F72    	  8684: LAB_EMSG	.byte	" Error",$00
01:E7EC 00
01:E7ED 20696E206C696E65	  8685: LAB_LMSG	.byte	" in line ",$00
01:E7F5 20
01:E7F6 00
01:E7F7 0D              	  8686: LAB_RMSG	.byte	$0D,$0A,"Ready",$0D,$0A,$00
01:E7F8 0A
01:E7F9 5265616479
01:E7FE 0D
01:E7FF 0A
01:E800 00
                        	  8687: 
01:E801 2045787472612069	  8688: LAB_IMSG	.byte	" Extra ignored",$0D,$0A,$00
01:E809 676E6F726564
01:E80F 0D
01:E810 0A
01:E811 00
01:E812 205265646F206672	  8689: LAB_REDO	.byte	" Redo from start",$0D,$0A,$00
01:E81A 6F6D207374617274
01:E822 0D
01:E823 0A
01:E824 00
                        	  8690: 
                        	  8691: AA_end_basic
                        	  8692: 

Source: "/home/dimanchique/Projects/resim/applications/MOS6502/basic/src/min_mon.asm"
                        	     9: 
                        	    10: ; put the IRQ and MNI code in RAM so that it can be changed
                        	    11: 
                        	    12: IRQ_vec	= VEC_SV+2		; IRQ code vector
                        	    13: NMI_vec	= IRQ_vec+$0A	; NMI code vector
                        	    14: 
                        	    15: ; setup for the 6502 simulator environment
                        	    16: 
                        	    17: IO_AREA	= $F000		; set I/O area for this monitor
                        	    18: 
                        	    19: ACIAsimwr	= IO_AREA+$01	; simulated ACIA write port
                        	    20: ACIAsimrd	= IO_AREA+$04	; simulated ACIA read port
                        	    21: 
                        	    22: ; now the code. all this does is set up the vectors and interrupt code
                        	    23: ; and wait for the user to select [C]old or [W]arm start. nothing else
                        	    24: ; fits in less than 128 bytes
                        	    25: 
                        	    26: 	*=	$FF80			; pretend this is in a 1/8K ROM
                        	    27: 
                        	    28: ; reset vector points here
                        	    29: 
                        	    30: RES_vec
02:FF80 D8              	    31: 	CLD				; clear decimal mode
02:FF81 A2FF            	    32: 	LDX	#$FF			; empty stack
02:FF83 9A              	    33: 	TXS				; set the stack
                        	    34: 
                        	    35: ; set up vectors and interrupt code, copy them to page 2
                        	    36: 
02:FF84 A01C            	    37: 	LDY	#END_CODE-LAB_vec	; set index/count
                        	    38: LAB_stlp
02:FF86 B9BBFF          	    39: 	LDA	LAB_vec-1,Y		; get byte from interrupt code
02:FF89 990402          	    40: 	STA	VEC_IN-1,Y		; save to RAM
02:FF8C 88              	    41: 	DEY				; decrement index/count
02:FF8D D0F7            	    42: 	BNE	LAB_stlp		; loop if more to do
                        	    43: 
                        	    44: ; now do the signon message, Y = $00 here
                        	    45: 
                        	    46: LAB_signon
02:FF8F B9D8FF          	    47: 	LDA	LAB_mess,Y		; get byte from sign on message
02:FF92 F006            	    48: 	BEQ	LAB_nokey		; exit loop if done
                        	    49: 
02:FF94 20EDE0          	    50: 	JSR	V_OUTP		; output character
02:FF97 C8              	    51: 	INY				; increment index
02:FF98 D0F5            	    52: 	BNE	LAB_signon		; loop, branch always
                        	    53: 
                        	    54: LAB_nokey
02:FF9A 20EAE0          	    55: 	JSR	V_INPT		; call scan input device
02:FF9D 90FB            	    56: 	BCC	LAB_nokey		; loop if no key
                        	    57: 
02:FF9F 29DF            	    58: 	AND	#$DF			; mask xx0x xxxx, ensure upper case
02:FFA1 C957            	    59: 	CMP	#'W'			; compare with [W]arm start
02:FFA3 F007            	    60: 	BEQ	LAB_dowarm		; branch if [W]arm start
                        	    61: 
02:FFA5 C943            	    62: 	CMP	#'C'			; compare with [C]old start
02:FFA7 D0D7            	    63: 	BNE	RES_vec		; loop if not [C]old start
                        	    64: 
02:FFA9 4C00C0          	    65: 	JMP	LAB_COLD		; do EhBASIC cold start
                        	    66: 
                        	    67: LAB_dowarm
02:FFAC 4C0000          	    68: 	JMP	LAB_WARM		; do EhBASIC warm start
                        	    69: 
                        	    70: ; byte out to simulated ACIA
                        	    71: 
                        	    72: ACIAout
02:FFAF 8D01F0          	    73: 	STA	ACIAsimwr		; save byte to simulated ACIA
02:FFB2 60              	    74: 	RTS
                        	    75: 
                        	    76: ; byte in from simulated ACIA
                        	    77: 
                        	    78: ACIAin
02:FFB3 AD04F0          	    79: 	LDA	ACIAsimrd		; get byte from simulated ACIA
02:FFB6 F002            	    80: 	BEQ	LAB_nobyw		; branch if no byte waiting
                        	    81: 
02:FFB8 38              	    82: 	SEC				; flag byte received
02:FFB9 60              	    83: 	RTS
                        	    84: 
                        	    85: LAB_nobyw
02:FFBA 18              	    86: 	CLC				; flag no byte received
                        	    87: no_load				; empty load vector for EhBASIC
                        	    88: no_save				; empty save vector for EhBASIC
02:FFBB 60              	    89: 	RTS
                        	    90: 
                        	    91: ; vector tables
                        	    92: 
                        	    93: LAB_vec
02:FFBC B3FF            	    94: 	.word	ACIAin		; byte in from simulated ACIA
02:FFBE AFFF            	    95: 	.word	ACIAout		; byte out to simulated ACIA
02:FFC0 BBFF            	    96: 	.word	no_load		; null load vector for EhBASIC
02:FFC2 BBFF            	    97: 	.word	no_save		; null save vector for EhBASIC
                        	    98: 
                        	    99: ; EhBASIC IRQ support
                        	   100: 
                        	   101: IRQ_CODE
02:FFC4 48              	   102: 	PHA				; save A
02:FFC5 A5DF            	   103: 	LDA	IrqBase		; get the IRQ flag byte
02:FFC7 4A              	   104: 	LSR				; shift the set b7 to b6, and on down ...
02:FFC8 05DF            	   105: 	ORA	IrqBase		; OR the original back in
02:FFCA 85DF            	   106: 	STA	IrqBase		; save the new IRQ flag byte
02:FFCC 68              	   107: 	PLA				; restore A
02:FFCD 40              	   108: 	RTI
                        	   109: 
                        	   110: ; EhBASIC NMI support
                        	   111: 
                        	   112: NMI_CODE
02:FFCE 48              	   113: 	PHA				; save A
02:FFCF A5DC            	   114: 	LDA	NmiBase		; get the NMI flag byte
02:FFD1 4A              	   115: 	LSR				; shift the set b7 to b6, and on down ...
02:FFD2 05DC            	   116: 	ORA	NmiBase		; OR the original back in
02:FFD4 85DC            	   117: 	STA	NmiBase		; save the new NMI flag byte
02:FFD6 68              	   118: 	PLA				; restore A
02:FFD7 40              	   119: 	RTI
                        	   120: 
                        	   121: END_CODE
                        	   122: 
                        	   123: LAB_mess
02:FFD8 0D              	   124: 	.byte	$0D,$0A,"6502 EhBASIC [C]old/[W]arm ?",$00
02:FFD9 0A
02:FFDA 3635303220456842
02:FFE2 41534943205B435D
02:FFEA 6F6C642F5B575D61
02:FFF2 726D203F
02:FFF6 00
                        	   125: 					; sign on string
                        	   126: 
                        	   127: ; system vectors
                        	   128: 
                        	   129: 	.org	$FFFA
                        	   130: 
03:FFFA 1702            	   131: 	.word	NMI_vec		; NMI vector
03:FFFC 80FF            	   132: 	.word	RES_vec		; RESET vector
03:FFFE 0D02            	   133: 	.word	IRQ_vec		; IRQ vector
                        	   134: 
                        	   135: 


Symbols by name:
AA_end_basic                     A:E825
ACIAin                           A:FFB3
ACIAout                          A:FFAF
ACIAsimrd                        E:F004
ACIAsimwr                        E:F001
Adatah                           E:00A5
Adatal                           E:00A4
Aspth                            E:00BB
Asptl                            E:00BA
Asrch                            E:005C
Astrth                           E:00AB
Astrtl                           E:00AA
Baslnh                           E:00AB
Baslnl                           E:00AA
BinFErr                          A:DE20
Blineh                           E:008A
Blinel                           E:0089
Bpntrh                           E:00C4
Bpntrl                           E:00C3
Btmph                            E:00BB
Btmpl                            E:00BA
CTRLC                            A:DEA8
CallExit                         A:D586
Cflag                            E:0063
Clineh                           E:0088
Clinel                           E:0087
CopyPRNG                         A:DCC0
Cpntrh                           E:008C
Cpntrl                           E:008B
Cptrh                            E:00BB
Cptrl                            E:00BA
Cvarah                           E:0096
Cvaral                           E:0095
Decss                            E:00EF
Decssp1                          E:00F0
Deekh                            A:D525
Defdim                           E:005E
Dimcnt                           E:005D
Dlineh                           E:008E
Dlinel                           E:008D
DoCmp                            A:C647
DoRest                           A:C639
Dokeh                            A:D548
Dptrh                            E:0090
Dptrl                            E:008F
Dtypef                           E:005F
END_CODE                         A:FFD8
ERR_BS                           A:E73F
ERR_CN                           A:E7AC
ERR_D0                           A:E75D
ERR_DD                           A:E74C
ERR_FC                           A:E706
ERR_ID                           A:E76C
ERR_LD                           A:E7CE
ERR_LS                           A:E789
ERR_NF                           A:E6CD
ERR_OD                           A:E6FA
ERR_OM                           A:E71D
ERR_OV                           A:E714
ERR_RG                           A:E6E5
ERR_SN                           A:E6DE
ERR_ST                           A:E799
ERR_TM                           A:E77B
ERR_UF                           A:E7BB
ERR_US                           A:E72B
Earryh                           E:0080
Earryl                           E:007F
Ememh                            E:0086
Ememl                            E:0085
EndBHS                           A:DDFE
EndTab                           A:E12A
FAC1_1                           E:00AD
FAC1_2                           E:00AE
FAC1_3                           E:00AF
FAC1_e                           E:00AC
FAC1_o                           E:00B2
FAC1_r                           E:00B9
FAC1_s                           E:00B0
FAC2_1                           E:00B4
FAC2_2                           E:00B5
FAC2_3                           E:00B6
FAC2_e                           E:00B3
FAC2_r                           E:00A3
FAC2_s                           E:00B7
FAC_sc                           E:00B8
FACt_1                           E:0075
FACt_2                           E:0076
FACt_3                           E:0077
FCError                          A:DDA9
Fnxjmp                           E:00A1
Fnxjph                           E:00A3
Fnxjpl                           E:00A2
Frnxth                           E:0098
Frnxtl                           E:0097
Gclctd                           E:0060
GetFirst                         A:CCE2
GetPair                          A:CD9F
GoPr                             A:DE0C
GoPr1                            A:DE0D
GoPr2                            A:DE18
GoPr3                            A:DE0B
Histrh                           E:00AB
Histrl                           E:00AA
INGET                            A:DF00
IO_AREA                          E:F000
IRQ_CODE                         A:FFC4
IRQ_vec                          E:020D
Ibptr                            E:005D
Ibuffe                           E:0268
Ibuffs                           E:0221
Iclim                            E:0010
Imode                            E:0062
IncrErr                          A:C7B1
IrqBase                          E:00DF
Itemph                           E:0012
Itempl                           E:0011
LAB_11A1                         A:CA37
LAB_11A6                         A:CA3C
LAB_11BB                         A:CA51
LAB_11C7                         A:CA5D
LAB_11CE                         A:CA64
LAB_11CF                         A:C0C1
LAB_11D6                         A:C0C8
LAB_11F3                         A:C0E3
LAB_11FF                         A:C0F0
LAB_1203                         A:C0F4
LAB_120A                         A:C0FB
LAB_1212                         A:C103
LAB_121F                         A:C10B
LAB_1229                         A:C115
LAB_122D                         A:C119
LAB_1238                         A:C124
LAB_124B                         A:C139
LAB_1269                         A:C14F
LAB_1274                         A:C15A
LAB_127D                         A:C167
LAB_1280                         A:C16A
LAB_1295                         A:C17F
LAB_12D0                         A:C1BA
LAB_12D8                         A:C1C2
LAB_12E6                         A:C1D0
LAB_1301                         A:C1EA
LAB_1311                         A:C1FC
LAB_1319                         A:C214
LAB_1325                         A:C21D
LAB_1330                         A:C227
LAB_133E                         A:C23D
LAB_134B                         A:C248
LAB_1357                         A:C24D
LAB_1359                         A:C24F
LAB_1374                         A:C266
LAB_1378                         A:C26A
LAB_137F                         A:C272
LAB_1384                         A:C277
LAB_138E                         A:C27A
LAB_13A6                         A:C27E
LAB_13AC                         A:C288
LAB_13CC                         A:C2A3
LAB_13D0                         A:C2B5
LAB_13D1                         A:C2BE
LAB_13D6                         A:C2CF
LAB_13D8                         A:C2D2
LAB_13EA                         A:C2DC
LAB_13EC                         A:C2DE
LAB_13FF                         A:C2EF
LAB_1401                         A:C2F1
LAB_1408                         A:C2F7
LAB_1410                         A:C300
LAB_1417                         A:C307
LAB_141B                         A:C309
LAB_142A                         A:C319
LAB_1455                         A:C33F
LAB_1456                         A:C341
LAB_145E                         A:C34A
LAB_145F                         A:C34C
LAB_1460                         A:C34D
LAB_1463                         A:C350
LAB_1477                         A:C365
LAB_147A                         A:C372
LAB_1491                         A:C389
LAB_14A6                         A:C39F
LAB_14BD                         A:C3AB
LAB_14D4                         A:C3C2
LAB_14E2                         A:C3CE
LAB_14FF                         A:C3EB
LAB_1501                         A:C3ED
LAB_1508                         A:C3F4
LAB_150C                         A:C3F8
LAB_1519                         A:C405
LAB_152B                         A:C417
LAB_152E                         A:C418
LAB_152F                         A:C426
LAB_1530                         A:C42B
LAB_1540                         A:C44D
LAB_159F                         A:C497
LAB_15B3                         A:C4AB
LAB_15C2                         A:C4BC
LAB_15D1                         A:C4CC
LAB_15D9                         A:C4D6
LAB_15DC                         A:C4D9
LAB_15F6                         A:C4F3
LAB_15F9                         A:C4F6
LAB_15FC                         A:C4F9
LAB_15FF                         A:C4FC
LAB_1602                         A:C4FE
LAB_1609                         A:C504
LAB_161A                         A:C544
LAB_1624                         A:C54E
LAB_1628                         A:C552
LAB_1629                         A:C514
LAB_1636                         A:C517
LAB_163B                         A:C51C
LAB_1647                         A:C52C
LAB_164F                         A:C534
LAB_1651                         A:C536
LAB_165E                         A:C53F
LAB_166C                         A:C591
LAB_167A                         A:C585
LAB_1696                         A:C5AF
LAB_16B0                         A:C5E2
LAB_16D0                         A:C602
LAB_16D4                         A:C606
LAB_16E5                         A:C617
LAB_16E8                         A:C679
LAB_16F4                         A:C66F
LAB_16F7                         A:C672
LAB_16FC                         A:C69A
LAB_16FD                         A:C724
LAB_16FF                         A:C680
LAB_170F                         A:C68F
LAB_1719                         A:C699
LAB_1725                         A:C6A6
LAB_172D                         A:C6AB
LAB_174B                         A:C6D5
LAB_174C                         A:C6DE
LAB_174D                         A:C6E1
LAB_174E                         A:C6F4
LAB_174G                         A:C6E8
LAB_1750                         A:C6F8
LAB_1752                         A:C704
LAB_1753                         A:C70C
LAB_1754                         A:C716
LAB_1767                         A:C73F
LAB_176B                         A:C741
LAB_1773                         A:C749
LAB_177E                         A:C753
LAB_177F                         A:C754
LAB_1785                         A:C759
LAB_17B3                         A:C780
LAB_17B5                         A:C78B
LAB_17B7                         A:C78C
LAB_17D5                         A:C7D0
LAB_17E6                         A:C7E1
LAB_17F4                         A:C7EF
LAB_17FB                         A:C7F6
LAB_1811                         A:C80C
LAB_1829                         A:C84F
LAB_182C                         A:C852
LAB_1831                         A:C857
LAB_185E                         A:C884
LAB_1866                         A:C889
LAB_1880                         A:C919
LAB_1886                         A:C921
LAB_188A                         A:C925
LAB_188B                         A:C89B
LAB_188C                         A:C927
LAB_1897                         A:C8A6
LAB_1898                         A:C8A7
LAB_18A2                         A:C8B1
LAB_18B6                         A:C8C3
LAB_18B7                         A:C8C4
LAB_18BA                         A:C8C7
LAB_18BD                         A:C8CD
LAB_18C3                         A:C8D3
LAB_18C6                         A:C8D6
LAB_18CD                         A:C8DE
LAB_18E0                         A:C8E8
LAB_18E3                         A:C8EB
LAB_18F0                         A:C900
LAB_18F7                         A:C907
LAB_18F9                         A:C90A
LAB_1904                         A:C928
LAB_1910                         A:C934
LAB_1913                         A:C937
LAB_1934                         A:C956
LAB_1953                         A:C96D
LAB_195B                         A:C973
LAB_1985                         A:C99D
LAB_1988                         A:C9A0
LAB_1999                         A:C9B1
LAB_19A4                         A:C9BC
LAB_19B0                         A:C9C8
LAB_19B6                         A:C9CE
LAB_19C2                         A:C9DA
LAB_19C5                         A:C9DD
LAB_19DD                         A:C9F8
LAB_19F6                         A:CA11
LAB_1A03                         A:CA1E
LAB_1A0E                         A:CA29
LAB_1A1B                         A:CA30
LAB_1A46                         A:CA6B
LAB_1A49                         A:CA6E
LAB_1A54                         A:CA79
LAB_1A56                         A:CA7B
LAB_1A98                         A:CAB8
LAB_1A9B                         A:CABB
LAB_1AB9                         A:CAD9
LAB_1ABA                         A:CADA
LAB_1ABC                         A:CADC
LAB_1ABE                         A:CADE
LAB_1AC7                         A:CAE7
LAB_1ACC                         A:CAEB
LAB_1ADB                         A:CAF8
LAB_1ADE                         A:CAFB
LAB_1AFA                         A:CB17
LAB_1B0B                         A:CB2A
LAB_1B13                         A:CB30
LAB_1B1C                         A:CB39
LAB_1B1D                         A:CB3A
LAB_1B2A                         A:CB47
LAB_1B34                         A:CB53
LAB_1B3C                         A:CB5B
LAB_1B43                         A:CB62
LAB_1B53                         A:CB76
LAB_1B5B                         A:CB79
LAB_1B66                         A:CB84
LAB_1B78                         A:CB96
LAB_1B7B                         A:CB99
LAB_1B7D                         A:CB9B
LAB_1B84                         A:CBA2
LAB_1B86                         A:CBA4
LAB_1B9D                         A:CBBB
LAB_1BA9                         A:CBD2
LAB_1BAC                         A:CBD5
LAB_1BC1                         A:CBBE
LAB_1BCA                         A:CBC7
LAB_1BD0                         A:CC07
LAB_1BE7                         A:CC26
LAB_1BEE                         A:CC2D
LAB_1BF7                         A:CBEC
LAB_1BFB                         A:CBEF
LAB_1BFE                         A:CBFA
LAB_1C01                         A:CBFE
LAB_1C11                         A:CC34
LAB_1C13                         A:CC36
LAB_1C18                         A:CC3B
LAB_1C18p2                       E:CC3D
LAB_1C24                         A:CC46
LAB_1C25                         A:CC49
LAB_1C27                         A:CC4A
LAB_1C54                         A:CCB7
LAB_1C56                         A:CC5E
LAB_1C95                         A:CCF5
LAB_1CAE                         A:CD0E
LAB_1CD6                         A:CD34
LAB_1CDB                         A:CD39
LAB_1CE1                         A:CD3F
LAB_1CE6                         A:CD44
LAB_1CF2                         A:CD50
LAB_1CFB                         A:CD59
LAB_1CFE                         A:CD5C
LAB_1D10                         A:CDAF
LAB_1D12                         A:CDB1
LAB_1D1F                         A:CDBD
LAB_1D2D                         A:CDCB
LAB_1D2E                         A:CDCC
LAB_1D38                         A:CDD6
LAB_1D47                         A:CDE5
LAB_1D53                         A:CDF0
LAB_1D5D                         A:CDFA
LAB_1D5F                         A:CDFC
LAB_1D69                         A:CE06
LAB_1D77                         A:CE14
LAB_1D82                         A:CE22
LAB_1D83                         A:CE2C
LAB_1D8A                         A:CE2B
LAB_1D8B                         A:CE32
LAB_1D96                         E:E1E1
LAB_1D98                         A:CE3D
LAB_1DAE                         A:CE53
LAB_1DD7                         A:CE7C
LAB_1DE1                         A:CE86
LAB_1DE6                         A:CE8B
LAB_1DF2                         A:CE97
LAB_1DF7                         A:E1E8
LAB_1E12                         A:CEB3
LAB_1E14                         A:CEB5
LAB_1E17                         A:CEB8
LAB_1E1F                         A:CEC0
LAB_1E5C                         A:CEFD
LAB_1E68                         A:CF09
LAB_1E77                         A:CF18
LAB_1E85                         A:CF26
LAB_1E8A                         A:CF2B
LAB_1E8D                         A:CF2E
LAB_1EA1                         A:CF42
LAB_1EC0                         A:CF5E
LAB_1ED0                         A:CF6D
LAB_1EF3                         A:CF90
LAB_1F02                         A:CF9F
LAB_1F07                         A:CFA4
LAB_1F24                         A:CFC1
LAB_1F28                         A:CFC5
LAB_1F2C                         A:CFC9
LAB_1F42                         A:CFDF
LAB_1F45                         A:CFE2
LAB_1F48                         A:CFE5
LAB_1F49                         A:CFE6
LAB_1F5A                         A:CFF6
LAB_1F7B                         A:D013
LAB_1F7C                         A:D014
LAB_1F8F                         A:D027
LAB_1FA8                         A:D040
LAB_1FB4                         A:D04C
LAB_1FD0                         A:D066
LAB_1FD9                         A:D06F
LAB_1FDB                         A:D071
LAB_200B                         A:D0A5
LAB_201E                         A:D0B4
LAB_2043                         A:D0DD
LAB_2074                         A:D10E
LAB_207A                         A:D114
LAB_209C                         A:D132
LAB_20AE                         A:D144
LAB_20B4                         A:D14A
LAB_20BE                         A:D154
LAB_20CB                         A:D161
LAB_20CF                         A:D165
LAB_20D0                         A:D166
LAB_20DC                         A:D172
LAB_20F5                         A:D18D
LAB_20F8                         A:D190
LAB_2115                         A:D1AD
LAB_2117                         A:D1AF
LAB_2122                         A:D1BA
LAB_212C                         A:D1C4
LAB_2137                         A:D1CF
LAB_214B                         A:D1E3
LAB_2161                         A:D1F9
LAB_216A                         A:D202
LAB_2176                         A:D20C
LAB_217E                         A:D214
LAB_2183                         A:D219
LAB_218B                         A:D221
LAB_218F                         A:D225
LAB_219A                         A:D22D
LAB_21C4                         A:D250
LAB_21CC                         A:D258
LAB_21D1                         A:D25D
LAB_21D7                         A:D263
LAB_21EC                         A:D278
LAB_21F6                         A:D282
LAB_2206                         A:D292
LAB_2207                         A:D293
LAB_2208                         A:D295
LAB_2211                         A:D29D
LAB_2216                         A:D2A2
LAB_224D                         A:D2D4
LAB_226D                         A:D2F4
LAB_228A                         A:D311
LAB_2298                         A:D31F
LAB_229C                         A:D323
LAB_22A0                         A:D328
LAB_22A9                         A:D331
LAB_22B2                         A:D33A
LAB_22B6                         A:D33E
LAB_22BA                         A:D342
LAB_22E5                         A:D36D
LAB_22E6                         A:D36E
LAB_22EB                         A:D373
LAB_22FB                         A:D383
LAB_2316                         A:D3A8
LAB_231C                         A:D3AE
LAB_231D                         A:D3AF
LAB_231E                         A:D3B0
LAB_2335                         A:D3C7
LAB_2358                         A:D3E0
LAB_236F                         A:D3F7
LAB_23A8                         A:D486
LAB_23C5                         A:D4A3
LAB_23F3                         A:D4CF
LAB_2441                         A:D598
LAB_2445                         A:D59A
LAB_244D                         A:D5A2
LAB_244E                         A:D5BA
LAB_2455                         A:D5A3
LAB_2467                         A:D5B5
LAB_246C                         A:D5BE
LAB_2474                         A:D5D3
LAB_247C                         A:D5DB
LAB_2498                         A:D5F7
LAB_249C                         A:D5FB
LAB_24A8                         A:D607
LAB_24B4                         A:D613
LAB_24D0                         A:D62F
LAB_24D5                         A:D634
LAB_24D9                         A:D638
LAB_24F1                         A:D650
LAB_24F3                         A:D652
LAB_24F5                         A:D654
LAB_24F8                         A:D657
LAB_2511                         A:D670
LAB_251B                         A:D67A
LAB_2528                         A:D687
LAB_252A                         A:D689
LAB_2536                         A:D695
LAB_2537                         A:D696
LAB_253D                         A:D69C
LAB_2559                         A:D6B8
LAB_2563                         A:D6C2
LAB_2564                         A:D6C3
LAB_2569                         A:D6C8
LAB_256B                         A:D6CA
LAB_257B                         A:D6DA
LAB_2588                         A:D6E7
LAB_258E                         A:D6ED
LAB_2592                         A:D6F1
LAB_259A                         A:D6F9
LAB_259C                         A:E1E0
LAB_25A0                         A:E15C
LAB_25AD                         A:E169
LAB_25B1                         A:E16D
LAB_25B5                         A:E171
LAB_25B9                         A:E175
LAB_25C4                         A:D702
LAB_25C7                         A:D705
LAB_25FB                         A:D739
LAB_2622                         A:D760
LAB_2627                         A:D765
LAB_262A                         A:D768
LAB_2640                         A:D77E
LAB_264C                         A:D78A
LAB_264D                         A:D78B
LAB_2673                         A:D7B1
LAB_2675                         A:D7B3
LAB_2680                         A:D7BE
LAB_268B                         A:D7C9
LAB_268F                         A:D7CD
LAB_2690                         A:D7CE
LAB_2696                         A:D7D2
LAB_269B                         A:D7ED
LAB_269E                         A:D7D7
LAB_26B5                         A:E1F1
LAB_26B9                         A:D7F0
LAB_26C2                         A:D7F9
LAB_26CA                         A:D801
LAB_26E4                         A:D81B
LAB_26F4                         A:D82B
LAB_2701                         A:D83A
LAB_2702                         A:D83D
LAB_2704                         A:D854
LAB_272B                         A:D860
LAB_2737                         A:D869
LAB_273C                         A:D86E
LAB_276E                         A:D89D
LAB_2770                         A:D89F
LAB_2778                         A:D8A7
LAB_279B                         A:D5C3
LAB_279D                         A:D5C5
LAB_27A1                         A:D5C9
LAB_27AB                         A:D8CA
LAB_27AE                         A:D8CD
LAB_27B0                         A:D8CF
LAB_27B9                         A:D8D8
LAB_27BA                         A:D8D9
LAB_27C2                         A:D8E1
LAB_27CA                         A:D8E9
LAB_27CE                         A:D8ED
LAB_27D0                         A:D8EF
LAB_27D7                         A:D8F6
LAB_27DB                         A:D8FA
LAB_27E3                         A:D902
LAB_27F8                         A:D917
LAB_27FA                         A:D919
LAB_2828                         A:D947
LAB_282E                         A:D94D
LAB_2831                         A:D950
LAB_2845                         A:D964
LAB_2850                         A:D96F
LAB_2851                         A:D970
LAB_287F                         A:D99E
LAB_2886                         A:D9A5
LAB_2887                         A:D9A6
LAB_288B                         A:D9AC
LAB_289A                         A:D9BB
LAB_289C                         A:D9BF
LAB_289D                         A:D9C4
LAB_289E                         A:D9D2
LAB_28A1                         A:D9D5
LAB_28A3                         A:D9D7
LAB_28C2                         A:D9F6
LAB_28C4                         A:D9F8
LAB_28C7                         A:D9FB
LAB_28C9                         A:D9FD
LAB_28D5                         A:DA09
LAB_28DB                         A:DA0F
LAB_28DD                         A:DA11
LAB_28E6                         A:DA1A
LAB_28EF                         A:DA23
LAB_28F6                         A:DA2A
LAB_28FB                         A:DA2F
LAB_28FE                         A:DA32
LAB_2905                         A:DA39
LAB_2912                         A:DA45
LAB_2925                         A:DA58
LAB_2934                         A:DA67
LAB_2942                         A:DA72
LAB_2947                         A:E179
LAB_294B                         A:E17D
LAB_294F                         A:E181
LAB_2953                         A:DA77
LAB_295E                         A:DA82
LAB_296E                         A:DA95
LAB_2978                         A:DA9F
LAB_297B                         A:DAA2
LAB_2989                         A:DAB0
LAB_299A                         A:DABF
LAB_299C                         A:DAC1
LAB_29A7                         A:DACC
LAB_29B2                         A:DAD7
LAB_29B9                         A:DADE
LAB_29C0                         A:DAE5
LAB_29C3                         A:DAE8
LAB_29D8                         A:DAFD
LAB_29D9                         A:DAFE
LAB_29E4                         A:DB09
LAB_29F5                         A:DB1A
LAB_29F7                         A:DB1C
LAB_29FB                         A:DB20
LAB_2A18                         A:DB3D
LAB_2A1A                         A:DB3F
LAB_2A21                         A:DB46
LAB_2A3B                         A:DB60
LAB_2A4B                         A:DB70
LAB_2A58                         A:DB7D
LAB_2A68                         A:DB8D
LAB_2A74                         A:DB99
LAB_2A89                         A:DBAE
LAB_2A8C                         A:DBB1
LAB_2A91                         A:DBB6
LAB_2A96                         A:E1E9
LAB_2A9A                         A:E1F5
LAB_2A9B                         E:E1F6
LAB_2A9C                         E:E1F7
LAB_2ABF                         A:DBC4
LAB_2AD9                         A:DBDE
LAB_2AF9                         A:DBFE
LAB_2AFA                         A:E185
LAB_2AFD                         A:E1E4
LAB_2AFE                         A:E189
LAB_2B2B                         A:DC0F
LAB_2B36                         A:DC1A
LAB_2B39                         A:DC1D
LAB_2B49                         A:DC2D
LAB_2B6E                         A:DC51
LAB_2B84                         A:DC67
LAB_2B88                         A:DC6B
LAB_2B97                         A:DC7C
LAB_2B9B                         A:DC80
LAB_2BA8                         A:DC8D
LAB_2C35                         A:DD0A
LAB_2C38                         A:DD0D
LAB_2C45                         A:DD1A
LAB_2C74                         A:DD49
LAB_2C78                         A:E1A6
LAB_2C7C                         A:E1BB
LAB_2C80                         A:E1ED
LAB_2C84                         A:E1AA
LAB_2CA1                         A:DD5B
LAB_2CAF                         A:DD69
LAB_2CC2                         A:DD7C
LAB_2CC9                         A:E1BF
LAB_2CEE                         A:E0FB
LAB_2CF4                         A:E101
LAB_2D04                         A:DD95
LAB_2D05                         A:E116
LAB_2D13                         A:C002
LAB_2D4E                         A:C016
LAB_2D93                         A:C056
LAB_2D99                         A:C062
LAB_2DAA                         A:C073
LAB_2DB6                         A:C07F
LAB_2E05                         A:C09C
LAB_A2HX                         A:DE51
LAB_ABS                          A:D914
LAB_ADD                          A:D5C1
LAB_AL2X                         A:DE5C
LAB_AND                          A:CCD5
LAB_ASC                          A:D479
LAB_ATN                          A:DD53
LAB_AYFC                         A:D059
LAB_BAER                         A:E6A9
LAB_BHER                         A:CCB8
LAB_BHSS                         A:CC8C
LAB_BINS                         A:DDD4
LAB_BITCLR                       A:DD96
LAB_BITSET                       A:DD82
LAB_BMSG                         A:E7DE
LAB_BTST                         A:DDAC
LAB_CALL                         A:D577
LAB_CASC                         A:CE1E
LAB_CBIN                         A:DE9C
LAB_CFAC                         A:CC9D
LAB_CHEX                         A:DE6E
LAB_CHRS                         A:D384
LAB_CKIN                         A:DED0
LAB_CKRN                         A:D06A
LAB_CKTM                         A:CAD3
LAB_CLEAR                        A:C3A0
LAB_COLD                         A:C000
LAB_CONT                         A:C586
LAB_COS                          A:DCD1
LAB_CRLF                         A:C892
LAB_CRTS                         A:DECF
LAB_CTBL                         A:E207
LAB_CTNM                         A:CAD0
LAB_CTST                         A:CAD2
LAB_DATA                         A:C68C
LAB_DEC                          A:C786
LAB_DEEK                         A:D517
LAB_DEF                          A:D074
LAB_DIM                          A:CD5F
LAB_DIVIDE                       A:D804
LAB_DO                           A:C5B4
LAB_DOKE                         A:D52A
LAB_DONOK                        A:C618
LAB_EMSG                         A:E7E6
LAB_END                          A:C51B
LAB_EOR                          A:CCBB
LAB_EQUAL                        A:CC17
LAB_ESGL                         A:D474
LAB_EVBY                         A:D48F
LAB_EVEX                         A:CAE1
LAB_EVEZ                         A:CAE9
LAB_EVIN                         A:CE9C
LAB_EVIR                         A:CEA6
LAB_EVNM                         A:CACD
LAB_EVPI                         A:CEA2
LAB_EVST                         A:D33B
LAB_EXCH                         A:DEA5
LAB_EXP                          A:DBFF
LAB_F2FU                         A:D4F7
LAB_F2FX                         A:D4F1
LAB_FB95                         A:DF0E
LAB_FB96                         A:DF13
LAB_FBA0                         A:DEBD
LAB_FBA2                         A:DEC5
LAB_FCER                         A:CF29
LAB_FOR                          A:C458
LAB_FRE                          A:D045
LAB_FTBL                         A:E2A3
LAB_FTBM                         E:E2A4
LAB_FTPL                         A:E25D
LAB_FTPM                         E:E25E
LAB_GADB                         A:D4D8
LAB_GARB                         A:D1DF
LAB_GBYT                         E:00C2
LAB_GET                          A:C824
LAB_GETS                         A:C839
LAB_GFPN                         A:C755
LAB_GMEM                         A:C01E
LAB_GOSUB                        A:C5CE
LAB_GOTO                         A:C5EB
LAB_GTBY                         A:D48C
LAB_GTHAN                        A:DBF4
LAB_GVAL                         A:CBCD
LAB_GVAR                         A:CDAA
LAB_HEXS                         A:DE23
LAB_IF                           A:C6BA
LAB_IGBY                         E:00BC
LAB_IMSG                         A:E801
LAB_INC                          A:C789
LAB_INEX                         A:DF33
LAB_INLN                         A:C240
LAB_INON                         A:DF2E
LAB_INPUT                        A:C947
LAB_INT                          A:D981
LAB_IOFF                         A:DF28
LAB_IRQ                          A:DF14
LAB_IRTS                         A:DF64
LAB_ISHN                         A:DE7D
LAB_IsByte                       A:C83F
LAB_KEYT                         A:E511
LAB_LCASE                        A:D412
LAB_LEFT                         A:D396
LAB_LENS                         A:D46E
LAB_LET                          A:C7B4
LAB_LFND                         A:DF52
LAB_LIST                         A:C3A3
LAB_LMSG                         A:E7ED
LAB_LOG                          A:D6FB
LAB_LOOP                         A:C61D
LAB_LRMS                         A:CC70
LAB_LSHIFT                       A:CD69
LAB_LTHAN                        A:CCF6
LAB_MAX                          A:DF83
LAB_MIDS                         A:D3CE
LAB_MIN                          A:DF93
LAB_MLBT                         A:DE96
LAB_MLTE                         A:DE68
LAB_MLTO                         A:DE88
LAB_MMEC                         A:DFA5
LAB_MMPP                         A:DF7D
LAB_MMSE                         A:DFAE
LAB_MSSP                         A:D13A
LAB_MSZM                         A:E12A
LAB_MULTIPLY                     A:D73C
LAB_NEW                          A:C34E
LAB_NEXT                         A:CA65
LAB_NHEX                         A:D9CB
LAB_NLTO                         A:DE64
LAB_NMI                          A:DF17
LAB_NOIN                         A:C72E
LAB_NONM                         A:C735
LAB_NOSQ                         A:E038
LAB_NOTT                         A:DDD1
LAB_NSTT                         A:DFFA
LAB_NULL                         A:C580
LAB_NXCH                         A:DE8B
LAB_NoSt                         A:C849
LAB_OMER                         A:C13A
LAB_ON                           A:C727
LAB_OPPT                         A:E2E9
LAB_OR                           A:CCC8
LAB_PEEK                         A:D503
LAB_PFAC                         A:D8A3
LAB_PHFA                         A:DFB1
LAB_PI                           A:E0D9
LAB_POKE                         A:D50E
LAB_POS                          A:D064
LAB_POWER                        A:DBBB
LAB_PPBI                         A:CC6B
LAB_PPFN                         A:CC65
LAB_PPFS                         A:CC5F
LAB_PRINT                        A:C855
LAB_PRNA                         A:C8ED
LAB_READ                         A:C967
LAB_REDO                         A:E812
LAB_REM                          A:C71E
LAB_RESTORE                      A:C542
LAB_RESTOREn                     A:C553
LAB_RETIRQ                       A:DF65
LAB_RETNMI                       A:DF71
LAB_RETURN                       A:C677
LAB_RIGHT                        A:D39F
LAB_RMSG                         A:E7F7
LAB_RND                          A:DC9D
LAB_RSHIFT                       A:CD81
LAB_RTST                         A:D185
LAB_RUN                          A:C5AA
LAB_SADD                         A:D455
LAB_SCCA                         A:CBF1
LAB_SCGB                         A:D4DE
LAB_SGBY                         A:D489
LAB_SGN                          A:D8F7
LAB_SHLN                         A:C328
LAB_SIN                          A:DCD8
LAB_SIRQ                         A:DF38
LAB_SKFE                         E:01FE
LAB_SKFF                         E:01FF
LAB_SMSG                         A:E139
LAB_SNBL                         A:C6A0
LAB_SNBS                         A:C69D
LAB_SNER                         A:CC02
LAB_SNMI                         A:DF3C
LAB_SQE1                         A:E05E
LAB_SQE2                         A:E06C
LAB_SQNS                         A:E0B9
LAB_SQR                          A:E03C
LAB_SSLN                         A:C324
LAB_STAK                         E:0100
LAB_STFA                         A:D907
LAB_STOP                         A:C519
LAB_STRS                         A:D126
LAB_SUBTRACT                     A:D5A6
LAB_SULP                         A:E025
LAB_SVTB                         A:E019
LAB_SWAP                         A:D54F
LAB_TAN                          A:DD21
LAB_TBSZ                         A:E005
LAB_TWOPI                        A:E0E3
LAB_UCASE                        A:D433
LAB_UFAC                         A:D87D
LAB_USR                          A:DD4D
LAB_VAL                          A:D49B
LAB_VARPTR                       A:E0C9
LAB_WAIT                         A:D589
LAB_WARM                         E:0000
LAB_WDLP                         A:E026
LAB_WDTH                         A:DFE6
LAB_XERR                         A:C13C
LAB_dowarm                       A:FFAC
LAB_go_search                    A:C56E
LAB_line_found                   A:C576
LAB_mess                         A:FFD8
LAB_nobyw                        A:FFBA
LAB_nokey                        A:FF9A
LAB_reset_search                 A:C56A
LAB_signon                       A:FF8F
LAB_stlp                         A:FF86
LAB_uflow                        A:C54D
LAB_vec                          A:FFBC
LBB_ABS                          A:E37C
LBB_AND                          A:E380
LBB_ASC                          A:E383
LBB_ATN                          A:E387
LBB_BINS                         A:E38C
LBB_BITCLR                       A:E391
LBB_BITSET                       A:E397
LBB_BITTST                       A:E39D
LBB_CALL                         A:E3A5
LBB_CHRS                         A:E3A9
LBB_CLEAR                        A:E3AE
LBB_CONT                         A:E3B3
LBB_COS                          A:E3B7
LBB_DATA                         A:E3BC
LBB_DEC                          A:E3C0
LBB_DEEK                         A:E3C3
LBB_DEF                          A:E3C8
LBB_DIM                          A:E3CB
LBB_DO                           A:E3D2
LBB_DOKE                         A:E3CE
LBB_ELSE                         A:E3D5
LBB_END                          A:E3D9
LBB_EOR                          A:E3DC
LBB_EXP                          A:E3DF
LBB_FN                           A:E3E4
LBB_FOR                          A:E3E6
LBB_FRE                          A:E3E9
LBB_GET                          A:E3EE
LBB_GOSUB                        A:E3F1
LBB_GOTO                         A:E3F6
LBB_HEXS                         A:E3FB
LBB_IF                           A:E401
LBB_INC                          A:E403
LBB_INPUT                        A:E406
LBB_INT                          A:E40B
LBB_IRQ                          A:E40F
LBB_LCASES                       A:E413
LBB_LEFTS                        A:E41A
LBB_LEN                          A:E420
LBB_LET                          A:E424
LBB_LIST                         A:E427
LBB_LOAD                         A:E42B
LBB_LOG                          A:E42F
LBB_LOOP                         A:E433
LBB_LSHIFT                       A:E370
LBB_MAX                          A:E438
LBB_MIDS                         A:E43C
LBB_MIN                          A:E441
LBB_NEW                          A:E446
LBB_NEXT                         A:E449
LBB_NMI                          A:E44D
LBB_NOT                          A:E450
LBB_NULL                         A:E453
LBB_OFF                          A:E458
LBB_ON                           A:E45B
LBB_OR                           A:E45D
LBB_PEEK                         A:E460
LBB_PI                           A:E465
LBB_POKE                         A:E467
LBB_POS                          A:E46B
LBB_PRINT                        A:E46F
LBB_READ                         A:E475
LBB_REM                          A:E479
LBB_RESTORE                      A:E47C
LBB_RETIRQ                       A:E483
LBB_RETNMI                       A:E489
LBB_RETURN                       A:E48F
LBB_RIGHTS                       A:E495
LBB_RND                          A:E49C
LBB_RSHIFT                       A:E376
LBB_RUN                          A:E4A0
LBB_SADD                         A:E4A4
LBB_SAVE                         A:E4A9
LBB_SGN                          A:E4AD
LBB_SIN                          A:E4B1
LBB_SPC                          A:E4B5
LBB_SQR                          A:E4B9
LBB_STEP                         A:E4BD
LBB_STOP                         A:E4C1
LBB_STRS                         A:E4C5
LBB_SWAP                         A:E4CA
LBB_TAB                          A:E4CF
LBB_TAN                          A:E4D3
LBB_THEN                         A:E4D7
LBB_TO                           A:E4DB
LBB_TWOPI                        A:E4DD
LBB_UCASES                       A:E4E3
LBB_UNTIL                        A:E4EA
LBB_USR                          A:E4EF
LBB_VAL                          A:E4F4
LBB_VPTR                         A:E4F8
LBB_WAIT                         A:E500
LBB_WHILE                        A:E504
LBB_WIDTH                        A:E509
LC_loop                          A:D422
LoopAlways                       A:C64C
LoopDone                         A:C666
LoopPRN                          A:DCAC
Ls_loop                          A:CD76
Lvarph                           E:0098
Lvarpl                           E:0097
NMI_CODE                         A:FFCE
NMI_vec                          E:0217
Nbendh                           E:00A5
Nbendl                           E:00A4
NextB1                           A:DDE3
NextB2                           A:DDFF
NextPRN                          A:DCA8
Ninc1                            A:DCBB
NmiBase                          E:00DC
NoLcase                          A:D44D
NoShift                          A:CD94
NoString                         A:D452
NoUcase                          A:D42C
Nullct                           E:000D
Obendh                           E:00A7
Obendl                           E:00A6
Oquote                           E:0060
Ostrth                           E:00AB
Ostrtl                           E:00AA
PG2_TABE                         A:E0FB
PG2_TABS                         A:E0F6
PLUS_0                           E:0000
PLUS_1                           E:0001
PLUS_2                           E:0002
PLUS_3                           E:0003
RES_vec                          A:FF80
Ram_base                         E:0300
Ram_top                          E:C000
Rbyte1                           E:00D9
Rbyte2                           E:00DA
Rbyte3                           E:00DB
Rbyte4                           E:00D8
Rdptrh                           E:0092
Rdptrl                           E:0091
Rs_loop                          A:CD8E
S_Bitc                           A:DD9F
S_Bits                           A:DD8C
Sarryh                           E:007E
Sarryl                           E:007D
Scnquo                           E:005C
Sendh                            E:00BB
Sendl                            E:00BA
Smemh                            E:007A
Smeml                            E:0079
Srchc                            E:005B
Sstorh                           E:0082
Sstorl                           E:0081
StrTab                           A:E117
Sufnxf                           E:0061
Sutilh                           E:0084
Sutill                           E:0083
Svarh                            E:007C
Svarl                            E:007B
SwapErr                          A:D574
SwapLp                           A:D566
TAB_1STC                         A:E310
TAB_ASCA                         A:E37C
TAB_ASCB                         A:E38C
TAB_ASCC                         A:E3A5
TAB_ASCD                         A:E3BC
TAB_ASCE                         A:E3D5
TAB_ASCF                         A:E3E4
TAB_ASCG                         A:E3EE
TAB_ASCH                         A:E3FB
TAB_ASCI                         A:E401
TAB_ASCL                         A:E413
TAB_ASCM                         A:E438
TAB_ASCN                         A:E446
TAB_ASCO                         A:E458
TAB_ASCP                         A:E460
TAB_ASCR                         A:E475
TAB_ASCS                         A:E4A4
TAB_ASCT                         A:E4CF
TAB_ASCU                         A:E4E3
TAB_ASCV                         A:E4F4
TAB_ASCW                         A:E500
TAB_CHRT                         A:E32E
TAB_EQUL                         A:E374
TAB_LESS                         A:E370
TAB_MNUS                         A:E36C
TAB_MORE                         A:E376
TAB_PLUS                         A:E36A
TAB_POWR                         A:E50F
TAB_QEST                         A:E37A
TAB_SLAS                         A:E36E
TAB_STAR                         A:E368
TK_ABS                           E:00C5
TK_AND                           E:00BB
TK_ASC                           E:00D7
TK_ATN                           E:00D0
TK_BINS                          E:00DC
TK_BITCLR                        E:00A8
TK_BITSET                        E:00A7
TK_BITTST                        E:00DD
TK_CALL                          E:009C
TK_CHRS                          E:00DA
TK_CLEAR                         E:00A2
TK_CONT                          E:00A0
TK_COS                           E:00CD
TK_DATA                          E:0083
TK_DEC                           E:0088
TK_DEEK                          E:00D2
TK_DEF                           E:0099
TK_DIM                           E:0085
TK_DIV                           E:00B9
TK_DO                            E:009D
TK_DOKE                          E:009B
TK_ELSE                          E:00AC
TK_END                           E:0080
TK_EOR                           E:00BC
TK_EQUAL                         E:00C1
TK_EQUAL_PLUS                    E:000B
TK_EXP                           E:00CC
TK_FN                            E:00AE
TK_FOR                           E:0081
TK_FRE                           E:00C7
TK_GET                           E:00A5
TK_GOSUB                         E:008D
TK_GOTO                          E:0089
TK_GT                            E:00C0
TK_GT_PLUS                       E:000A
TK_HEXS                          E:00DB
TK_IF                            E:008B
TK_INC                           E:0095
TK_INPUT                         E:0084
TK_INT                           E:00C4
TK_IRQ                           E:00A9
TK_LCASES                        E:00D9
TK_LEFTS                         E:00E3
TK_LEN                           E:00D4
TK_LET                           E:0087
TK_LIST                          E:00A1
TK_LOAD                          E:0097
TK_LOG                           E:00CB
TK_LOOP                          E:009E
TK_LSHIFT                        E:00BF
TK_LT                            E:00C2
TK_LT_PLUS                       E:000C
TK_MAX                           E:00DE
TK_MIDS                          E:00E5
TK_MIN                           E:00DF
TK_MINUS                         E:00B7
TK_MUL                           E:00B8
TK_NEW                           E:00A3
TK_NEXT                          E:0082
TK_NMI                           E:00AA
TK_NOT                           E:00B1
TK_NULL                          E:0094
TK_OFF                           E:00B5
TK_ON                            E:0093
TK_OR                            E:00BD
TK_PEEK                          E:00D1
TK_PI                            E:00E0
TK_PLUS                          E:00B6
TK_POKE                          E:009A
TK_POS                           E:00C8
TK_POWER                         E:00BA
TK_PRINT                         E:009F
TK_READ                          E:0086
TK_REM                           E:0091
TK_RESTORE                       E:008C
TK_RETIRQ                        E:008E
TK_RETNMI                        E:008F
TK_RETURN                        E:0090
TK_RIGHTS                        E:00E4
TK_RND                           E:00CA
TK_RSHIFT                        E:00BE
TK_RUN                           E:008A
TK_SADD                          E:00D3
TK_SAVE                          E:0098
TK_SGN                           E:00C3
TK_SIN                           E:00CE
TK_SPC                           E:00AF
TK_SQR                           E:00C9
TK_STEP                          E:00B2
TK_STOP                          E:0092
TK_STRS                          E:00D5
TK_SWAP                          E:00A6
TK_TAB                           E:00AB
TK_TAN                           E:00CF
TK_THEN                          E:00B0
TK_TO                            E:00AD
TK_TWOPI                         E:00E1
TK_UCASES                        E:00D8
TK_UNTIL                         E:00B3
TK_USR                           E:00C6
TK_VAL                           E:00D6
TK_VPTR                          E:00E2
TK_WAIT                          E:0096
TK_WHILE                         E:00B4
TK_WIDTH                         E:00A4
TPos                             E:000E
TST_OK                           A:DDC0
TWidth                           E:000F
T_Bits                           A:DDC6
TabErr                           A:E039
TabLoop                          A:C020
TabSiz                           E:0064
Temp3                            E:005B
TempB                            E:0078
Tidx1                            E:0097
TooBig                           A:CD99
UC_loop                          A:D443
Usrjmp                           E:000A
VEC_CC                           E:0203
VEC_IN                           E:0205
VEC_LD                           E:0209
VEC_OUT                          E:0207
VEC_SV                           E:020B
V_INPT                           A:E0EA
V_LOAD                           A:E0F0
V_OUTP                           A:E0ED
V_SAVE                           A:E0F3
Varnm1                           E:0093
Varnm2                           E:0094
Vrschh                           E:00AB
Vrschl                           E:00AA
WExit                            A:E01B
Wrmjph                           E:0002
Wrmjpl                           E:0001
XOAw_h                           E:005C
XOAw_l                           E:005B
ccbyte                           E:0201
ccflag                           E:0200
ccnull                           E:0202
comp_f                           E:009B
csidx                            E:00BA
des_2h                           E:009F
des_2l                           E:009E
des_ph                           E:00AF
des_pl                           E:00AE
des_sk                           E:0068
dims_h                           E:0077
dims_l                           E:0076
expcnt                           E:00A9
expneg                           E:00AB
func_h                           E:009D
func_l                           E:009C
g_indx                           E:00A2
g_step                           E:00A0
garb_h                           E:009D
garb_l                           E:009C
last_sh                          E:0067
last_sl                          E:0066
mids_l                           E:00AF
negnum                           E:00B1
next_s                           E:0065
no_load                          A:FFBB
no_save                          A:FFBB
numbit                           E:00A8
numcon                           E:00B1
numdpf                           E:00AA
numexp                           E:00A8
nums_1                           E:0011
nums_2                           E:0012
nums_3                           E:0013
prstk                            E:0099
sdescr                           E:00B8
ssptr_h                          E:00B9
ssptr_l                          E:00B8
str_ln                           E:00AC
str_ph                           E:00AE
str_pl                           E:00AD
ut1_ph                           E:0072
ut1_pl                           E:0071
ut2_ph                           E:0074
ut2_pl                           E:0073

Symbols by value:
0000 LAB_WARM
0000 PLUS_0
0001 PLUS_1
0001 Wrmjpl
0002 PLUS_2
0002 Wrmjph
0003 PLUS_3
000A TK_GT_PLUS
000A Usrjmp
000B TK_EQUAL_PLUS
000C TK_LT_PLUS
000D Nullct
000E TPos
000F TWidth
0010 Iclim
0011 Itempl
0011 nums_1
0012 Itemph
0012 nums_2
0013 nums_3
005B Srchc
005B Temp3
005B XOAw_l
005C Asrch
005C Scnquo
005C XOAw_h
005D Dimcnt
005D Ibptr
005E Defdim
005F Dtypef
0060 Gclctd
0060 Oquote
0061 Sufnxf
0062 Imode
0063 Cflag
0064 TabSiz
0065 next_s
0066 last_sl
0067 last_sh
0068 des_sk
0071 ut1_pl
0072 ut1_ph
0073 ut2_pl
0074 ut2_ph
0075 FACt_1
0076 FACt_2
0076 dims_l
0077 FACt_3
0077 dims_h
0078 TempB
0079 Smeml
007A Smemh
007B Svarl
007C Svarh
007D Sarryl
007E Sarryh
007F Earryl
0080 Earryh
0080 TK_END
0081 Sstorl
0081 TK_FOR
0082 Sstorh
0082 TK_NEXT
0083 Sutill
0083 TK_DATA
0084 Sutilh
0084 TK_INPUT
0085 Ememl
0085 TK_DIM
0086 Ememh
0086 TK_READ
0087 Clinel
0087 TK_LET
0088 Clineh
0088 TK_DEC
0089 Blinel
0089 TK_GOTO
008A Blineh
008A TK_RUN
008B Cpntrl
008B TK_IF
008C Cpntrh
008C TK_RESTORE
008D Dlinel
008D TK_GOSUB
008E Dlineh
008E TK_RETIRQ
008F Dptrl
008F TK_RETNMI
0090 Dptrh
0090 TK_RETURN
0091 Rdptrl
0091 TK_REM
0092 Rdptrh
0092 TK_STOP
0093 TK_ON
0093 Varnm1
0094 TK_NULL
0094 Varnm2
0095 Cvaral
0095 TK_INC
0096 Cvarah
0096 TK_WAIT
0097 Frnxtl
0097 Lvarpl
0097 TK_LOAD
0097 Tidx1
0098 Frnxth
0098 Lvarph
0098 TK_SAVE
0099 TK_DEF
0099 prstk
009A TK_POKE
009B TK_DOKE
009B comp_f
009C TK_CALL
009C func_l
009C garb_l
009D TK_DO
009D func_h
009D garb_h
009E TK_LOOP
009E des_2l
009F TK_PRINT
009F des_2h
00A0 TK_CONT
00A0 g_step
00A1 Fnxjmp
00A1 TK_LIST
00A2 Fnxjpl
00A2 TK_CLEAR
00A2 g_indx
00A3 FAC2_r
00A3 Fnxjph
00A3 TK_NEW
00A4 Adatal
00A4 Nbendl
00A4 TK_WIDTH
00A5 Adatah
00A5 Nbendh
00A5 TK_GET
00A6 Obendl
00A6 TK_SWAP
00A7 Obendh
00A7 TK_BITSET
00A8 TK_BITCLR
00A8 numbit
00A8 numexp
00A9 TK_IRQ
00A9 expcnt
00AA Astrtl
00AA Baslnl
00AA Histrl
00AA Ostrtl
00AA TK_NMI
00AA Vrschl
00AA numdpf
00AB Astrth
00AB Baslnh
00AB Histrh
00AB Ostrth
00AB TK_TAB
00AB Vrschh
00AB expneg
00AC FAC1_e
00AC TK_ELSE
00AC str_ln
00AD FAC1_1
00AD TK_TO
00AD str_pl
00AE FAC1_2
00AE TK_FN
00AE des_pl
00AE str_ph
00AF FAC1_3
00AF TK_SPC
00AF des_ph
00AF mids_l
00B0 FAC1_s
00B0 TK_THEN
00B1 TK_NOT
00B1 negnum
00B1 numcon
00B2 FAC1_o
00B2 TK_STEP
00B3 FAC2_e
00B3 TK_UNTIL
00B4 FAC2_1
00B4 TK_WHILE
00B5 FAC2_2
00B5 TK_OFF
00B6 FAC2_3
00B6 TK_PLUS
00B7 FAC2_s
00B7 TK_MINUS
00B8 FAC_sc
00B8 TK_MUL
00B8 sdescr
00B8 ssptr_l
00B9 FAC1_r
00B9 TK_DIV
00B9 ssptr_h
00BA Asptl
00BA Btmpl
00BA Cptrl
00BA Sendl
00BA TK_POWER
00BA csidx
00BB Aspth
00BB Btmph
00BB Cptrh
00BB Sendh
00BB TK_AND
00BC LAB_IGBY
00BC TK_EOR
00BD TK_OR
00BE TK_RSHIFT
00BF TK_LSHIFT
00C0 TK_GT
00C1 TK_EQUAL
00C2 LAB_GBYT
00C2 TK_LT
00C3 Bpntrl
00C3 TK_SGN
00C4 Bpntrh
00C4 TK_INT
00C5 TK_ABS
00C6 TK_USR
00C7 TK_FRE
00C8 TK_POS
00C9 TK_SQR
00CA TK_RND
00CB TK_LOG
00CC TK_EXP
00CD TK_COS
00CE TK_SIN
00CF TK_TAN
00D0 TK_ATN
00D1 TK_PEEK
00D2 TK_DEEK
00D3 TK_SADD
00D4 TK_LEN
00D5 TK_STRS
00D6 TK_VAL
00D7 TK_ASC
00D8 Rbyte4
00D8 TK_UCASES
00D9 Rbyte1
00D9 TK_LCASES
00DA Rbyte2
00DA TK_CHRS
00DB Rbyte3
00DB TK_HEXS
00DC NmiBase
00DC TK_BINS
00DD TK_BITTST
00DE TK_MAX
00DF IrqBase
00DF TK_MIN
00E0 TK_PI
00E1 TK_TWOPI
00E2 TK_VPTR
00E3 TK_LEFTS
00E4 TK_RIGHTS
00E5 TK_MIDS
00EF Decss
00F0 Decssp1
0100 LAB_STAK
01FE LAB_SKFE
01FF LAB_SKFF
0200 ccflag
0201 ccbyte
0202 ccnull
0203 VEC_CC
0205 VEC_IN
0207 VEC_OUT
0209 VEC_LD
020B VEC_SV
020D IRQ_vec
0217 NMI_vec
0221 Ibuffs
0268 Ibuffe
0300 Ram_base
C000 LAB_COLD
C000 Ram_top
C002 LAB_2D13
C016 LAB_2D4E
C01E LAB_GMEM
C020 TabLoop
C056 LAB_2D93
C062 LAB_2D99
C073 LAB_2DAA
C07F LAB_2DB6
C09C LAB_2E05
C0C1 LAB_11CF
C0C8 LAB_11D6
C0E3 LAB_11F3
C0F0 LAB_11FF
C0F4 LAB_1203
C0FB LAB_120A
C103 LAB_1212
C10B LAB_121F
C115 LAB_1229
C119 LAB_122D
C124 LAB_1238
C139 LAB_124B
C13A LAB_OMER
C13C LAB_XERR
C14F LAB_1269
C15A LAB_1274
C167 LAB_127D
C16A LAB_1280
C17F LAB_1295
C1BA LAB_12D0
C1C2 LAB_12D8
C1D0 LAB_12E6
C1EA LAB_1301
C1FC LAB_1311
C214 LAB_1319
C21D LAB_1325
C227 LAB_1330
C23D LAB_133E
C240 LAB_INLN
C248 LAB_134B
C24D LAB_1357
C24F LAB_1359
C266 LAB_1374
C26A LAB_1378
C272 LAB_137F
C277 LAB_1384
C27A LAB_138E
C27E LAB_13A6
C288 LAB_13AC
C2A3 LAB_13CC
C2B5 LAB_13D0
C2BE LAB_13D1
C2CF LAB_13D6
C2D2 LAB_13D8
C2DC LAB_13EA
C2DE LAB_13EC
C2EF LAB_13FF
C2F1 LAB_1401
C2F7 LAB_1408
C300 LAB_1410
C307 LAB_1417
C309 LAB_141B
C319 LAB_142A
C324 LAB_SSLN
C328 LAB_SHLN
C33F LAB_1455
C341 LAB_1456
C34A LAB_145E
C34C LAB_145F
C34D LAB_1460
C34E LAB_NEW
C350 LAB_1463
C365 LAB_1477
C372 LAB_147A
C389 LAB_1491
C39F LAB_14A6
C3A0 LAB_CLEAR
C3A3 LAB_LIST
C3AB LAB_14BD
C3C2 LAB_14D4
C3CE LAB_14E2
C3EB LAB_14FF
C3ED LAB_1501
C3F4 LAB_1508
C3F8 LAB_150C
C405 LAB_1519
C417 LAB_152B
C418 LAB_152E
C426 LAB_152F
C42B LAB_1530
C44D LAB_1540
C458 LAB_FOR
C497 LAB_159F
C4AB LAB_15B3
C4BC LAB_15C2
C4CC LAB_15D1
C4D6 LAB_15D9
C4D9 LAB_15DC
C4F3 LAB_15F6
C4F6 LAB_15F9
C4F9 LAB_15FC
C4FC LAB_15FF
C4FE LAB_1602
C504 LAB_1609
C514 LAB_1629
C517 LAB_1636
C519 LAB_STOP
C51B LAB_END
C51C LAB_163B
C52C LAB_1647
C534 LAB_164F
C536 LAB_1651
C53F LAB_165E
C542 LAB_RESTORE
C544 LAB_161A
C54D LAB_uflow
C54E LAB_1624
C552 LAB_1628
C553 LAB_RESTOREn
C56A LAB_reset_search
C56E LAB_go_search
C576 LAB_line_found
C580 LAB_NULL
C585 LAB_167A
C586 LAB_CONT
C591 LAB_166C
C5AA LAB_RUN
C5AF LAB_1696
C5B4 LAB_DO
C5CE LAB_GOSUB
C5E2 LAB_16B0
C5EB LAB_GOTO
C602 LAB_16D0
C606 LAB_16D4
C617 LAB_16E5
C618 LAB_DONOK
C61D LAB_LOOP
C639 DoRest
C647 DoCmp
C64C LoopAlways
C666 LoopDone
C66F LAB_16F4
C672 LAB_16F7
C677 LAB_RETURN
C679 LAB_16E8
C680 LAB_16FF
C68C LAB_DATA
C68F LAB_170F
C699 LAB_1719
C69A LAB_16FC
C69D LAB_SNBS
C6A0 LAB_SNBL
C6A6 LAB_1725
C6AB LAB_172D
C6BA LAB_IF
C6D5 LAB_174B
C6DE LAB_174C
C6E1 LAB_174D
C6E8 LAB_174G
C6F4 LAB_174E
C6F8 LAB_1750
C704 LAB_1752
C70C LAB_1753
C716 LAB_1754
C71E LAB_REM
C724 LAB_16FD
C727 LAB_ON
C72E LAB_NOIN
C735 LAB_NONM
C73F LAB_1767
C741 LAB_176B
C749 LAB_1773
C753 LAB_177E
C754 LAB_177F
C755 LAB_GFPN
C759 LAB_1785
C780 LAB_17B3
C786 LAB_DEC
C789 LAB_INC
C78B LAB_17B5
C78C LAB_17B7
C7B1 IncrErr
C7B4 LAB_LET
C7D0 LAB_17D5
C7E1 LAB_17E6
C7EF LAB_17F4
C7F6 LAB_17FB
C80C LAB_1811
C824 LAB_GET
C839 LAB_GETS
C83F LAB_IsByte
C849 LAB_NoSt
C84F LAB_1829
C852 LAB_182C
C855 LAB_PRINT
C857 LAB_1831
C884 LAB_185E
C889 LAB_1866
C892 LAB_CRLF
C89B LAB_188B
C8A6 LAB_1897
C8A7 LAB_1898
C8B1 LAB_18A2
C8C3 LAB_18B6
C8C4 LAB_18B7
C8C7 LAB_18BA
C8CD LAB_18BD
C8D3 LAB_18C3
C8D6 LAB_18C6
C8DE LAB_18CD
C8E8 LAB_18E0
C8EB LAB_18E3
C8ED LAB_PRNA
C900 LAB_18F0
C907 LAB_18F7
C90A LAB_18F9
C919 LAB_1880
C921 LAB_1886
C925 LAB_188A
C927 LAB_188C
C928 LAB_1904
C934 LAB_1910
C937 LAB_1913
C947 LAB_INPUT
C956 LAB_1934
C967 LAB_READ
C96D LAB_1953
C973 LAB_195B
C99D LAB_1985
C9A0 LAB_1988
C9B1 LAB_1999
C9BC LAB_19A4
C9C8 LAB_19B0
C9CE LAB_19B6
C9DA LAB_19C2
C9DD LAB_19C5
C9F8 LAB_19DD
CA11 LAB_19F6
CA1E LAB_1A03
CA29 LAB_1A0E
CA30 LAB_1A1B
CA37 LAB_11A1
CA3C LAB_11A6
CA51 LAB_11BB
CA5D LAB_11C7
CA64 LAB_11CE
CA65 LAB_NEXT
CA6B LAB_1A46
CA6E LAB_1A49
CA79 LAB_1A54
CA7B LAB_1A56
CAB8 LAB_1A98
CABB LAB_1A9B
CACD LAB_EVNM
CAD0 LAB_CTNM
CAD2 LAB_CTST
CAD3 LAB_CKTM
CAD9 LAB_1AB9
CADA LAB_1ABA
CADC LAB_1ABC
CADE LAB_1ABE
CAE1 LAB_EVEX
CAE7 LAB_1AC7
CAE9 LAB_EVEZ
CAEB LAB_1ACC
CAF8 LAB_1ADB
CAFB LAB_1ADE
CB17 LAB_1AFA
CB2A LAB_1B0B
CB30 LAB_1B13
CB39 LAB_1B1C
CB3A LAB_1B1D
CB47 LAB_1B2A
CB53 LAB_1B34
CB5B LAB_1B3C
CB62 LAB_1B43
CB76 LAB_1B53
CB79 LAB_1B5B
CB84 LAB_1B66
CB96 LAB_1B78
CB99 LAB_1B7B
CB9B LAB_1B7D
CBA2 LAB_1B84
CBA4 LAB_1B86
CBBB LAB_1B9D
CBBE LAB_1BC1
CBC7 LAB_1BCA
CBCD LAB_GVAL
CBD2 LAB_1BA9
CBD5 LAB_1BAC
CBEC LAB_1BF7
CBEF LAB_1BFB
CBF1 LAB_SCCA
CBFA LAB_1BFE
CBFE LAB_1C01
CC02 LAB_SNER
CC07 LAB_1BD0
CC17 LAB_EQUAL
CC26 LAB_1BE7
CC2D LAB_1BEE
CC34 LAB_1C11
CC36 LAB_1C13
CC3B LAB_1C18
CC3D LAB_1C18p2
CC46 LAB_1C24
CC49 LAB_1C25
CC4A LAB_1C27
CC5E LAB_1C56
CC5F LAB_PPFS
CC65 LAB_PPFN
CC6B LAB_PPBI
CC70 LAB_LRMS
CC8C LAB_BHSS
CC9D LAB_CFAC
CCB7 LAB_1C54
CCB8 LAB_BHER
CCBB LAB_EOR
CCC8 LAB_OR
CCD5 LAB_AND
CCE2 GetFirst
CCF5 LAB_1C95
CCF6 LAB_LTHAN
CD0E LAB_1CAE
CD34 LAB_1CD6
CD39 LAB_1CDB
CD3F LAB_1CE1
CD44 LAB_1CE6
CD50 LAB_1CF2
CD59 LAB_1CFB
CD5C LAB_1CFE
CD5F LAB_DIM
CD69 LAB_LSHIFT
CD76 Ls_loop
CD81 LAB_RSHIFT
CD8E Rs_loop
CD94 NoShift
CD99 TooBig
CD9F GetPair
CDAA LAB_GVAR
CDAF LAB_1D10
CDB1 LAB_1D12
CDBD LAB_1D1F
CDCB LAB_1D2D
CDCC LAB_1D2E
CDD6 LAB_1D38
CDE5 LAB_1D47
CDF0 LAB_1D53
CDFA LAB_1D5D
CDFC LAB_1D5F
CE06 LAB_1D69
CE14 LAB_1D77
CE1E LAB_CASC
CE22 LAB_1D82
CE2B LAB_1D8A
CE2C LAB_1D83
CE32 LAB_1D8B
CE3D LAB_1D98
CE53 LAB_1DAE
CE7C LAB_1DD7
CE86 LAB_1DE1
CE8B LAB_1DE6
CE97 LAB_1DF2
CE9C LAB_EVIN
CEA2 LAB_EVPI
CEA6 LAB_EVIR
CEB3 LAB_1E12
CEB5 LAB_1E14
CEB8 LAB_1E17
CEC0 LAB_1E1F
CEFD LAB_1E5C
CF09 LAB_1E68
CF18 LAB_1E77
CF26 LAB_1E85
CF29 LAB_FCER
CF2B LAB_1E8A
CF2E LAB_1E8D
CF42 LAB_1EA1
CF5E LAB_1EC0
CF6D LAB_1ED0
CF90 LAB_1EF3
CF9F LAB_1F02
CFA4 LAB_1F07
CFC1 LAB_1F24
CFC5 LAB_1F28
CFC9 LAB_1F2C
CFDF LAB_1F42
CFE2 LAB_1F45
CFE5 LAB_1F48
CFE6 LAB_1F49
CFF6 LAB_1F5A
D013 LAB_1F7B
D014 LAB_1F7C
D027 LAB_1F8F
D040 LAB_1FA8
D045 LAB_FRE
D04C LAB_1FB4
D059 LAB_AYFC
D064 LAB_POS
D066 LAB_1FD0
D06A LAB_CKRN
D06F LAB_1FD9
D071 LAB_1FDB
D074 LAB_DEF
D0A5 LAB_200B
D0B4 LAB_201E
D0DD LAB_2043
D10E LAB_2074
D114 LAB_207A
D126 LAB_STRS
D132 LAB_209C
D13A LAB_MSSP
D144 LAB_20AE
D14A LAB_20B4
D154 LAB_20BE
D161 LAB_20CB
D165 LAB_20CF
D166 LAB_20D0
D172 LAB_20DC
D185 LAB_RTST
D18D LAB_20F5
D190 LAB_20F8
D1AD LAB_2115
D1AF LAB_2117
D1BA LAB_2122
D1C4 LAB_212C
D1CF LAB_2137
D1DF LAB_GARB
D1E3 LAB_214B
D1F9 LAB_2161
D202 LAB_216A
D20C LAB_2176
D214 LAB_217E
D219 LAB_2183
D221 LAB_218B
D225 LAB_218F
D22D LAB_219A
D250 LAB_21C4
D258 LAB_21CC
D25D LAB_21D1
D263 LAB_21D7
D278 LAB_21EC
D282 LAB_21F6
D292 LAB_2206
D293 LAB_2207
D295 LAB_2208
D29D LAB_2211
D2A2 LAB_2216
D2D4 LAB_224D
D2F4 LAB_226D
D311 LAB_228A
D31F LAB_2298
D323 LAB_229C
D328 LAB_22A0
D331 LAB_22A9
D33A LAB_22B2
D33B LAB_EVST
D33E LAB_22B6
D342 LAB_22BA
D36D LAB_22E5
D36E LAB_22E6
D373 LAB_22EB
D383 LAB_22FB
D384 LAB_CHRS
D396 LAB_LEFT
D39F LAB_RIGHT
D3A8 LAB_2316
D3AE LAB_231C
D3AF LAB_231D
D3B0 LAB_231E
D3C7 LAB_2335
D3CE LAB_MIDS
D3E0 LAB_2358
D3F7 LAB_236F
D412 LAB_LCASE
D422 LC_loop
D42C NoUcase
D433 LAB_UCASE
D443 UC_loop
D44D NoLcase
D452 NoString
D455 LAB_SADD
D46E LAB_LENS
D474 LAB_ESGL
D479 LAB_ASC
D486 LAB_23A8
D489 LAB_SGBY
D48C LAB_GTBY
D48F LAB_EVBY
D49B LAB_VAL
D4A3 LAB_23C5
D4CF LAB_23F3
D4D8 LAB_GADB
D4DE LAB_SCGB
D4F1 LAB_F2FX
D4F7 LAB_F2FU
D503 LAB_PEEK
D50E LAB_POKE
D517 LAB_DEEK
D525 Deekh
D52A LAB_DOKE
D548 Dokeh
D54F LAB_SWAP
D566 SwapLp
D574 SwapErr
D577 LAB_CALL
D586 CallExit
D589 LAB_WAIT
D598 LAB_2441
D59A LAB_2445
D5A2 LAB_244D
D5A3 LAB_2455
D5A6 LAB_SUBTRACT
D5B5 LAB_2467
D5BA LAB_244E
D5BE LAB_246C
D5C1 LAB_ADD
D5C3 LAB_279B
D5C5 LAB_279D
D5C9 LAB_27A1
D5D3 LAB_2474
D5DB LAB_247C
D5F7 LAB_2498
D5FB LAB_249C
D607 LAB_24A8
D613 LAB_24B4
D62F LAB_24D0
D634 LAB_24D5
D638 LAB_24D9
D650 LAB_24F1
D652 LAB_24F3
D654 LAB_24F5
D657 LAB_24F8
D670 LAB_2511
D67A LAB_251B
D687 LAB_2528
D689 LAB_252A
D695 LAB_2536
D696 LAB_2537
D69C LAB_253D
D6B8 LAB_2559
D6C2 LAB_2563
D6C3 LAB_2564
D6C8 LAB_2569
D6CA LAB_256B
D6DA LAB_257B
D6E7 LAB_2588
D6ED LAB_258E
D6F1 LAB_2592
D6F9 LAB_259A
D6FB LAB_LOG
D702 LAB_25C4
D705 LAB_25C7
D739 LAB_25FB
D73C LAB_MULTIPLY
D760 LAB_2622
D765 LAB_2627
D768 LAB_262A
D77E LAB_2640
D78A LAB_264C
D78B LAB_264D
D7B1 LAB_2673
D7B3 LAB_2675
D7BE LAB_2680
D7C9 LAB_268B
D7CD LAB_268F
D7CE LAB_2690
D7D2 LAB_2696
D7D7 LAB_269E
D7ED LAB_269B
D7F0 LAB_26B9
D7F9 LAB_26C2
D801 LAB_26CA
D804 LAB_DIVIDE
D81B LAB_26E4
D82B LAB_26F4
D83A LAB_2701
D83D LAB_2702
D854 LAB_2704
D860 LAB_272B
D869 LAB_2737
D86E LAB_273C
D87D LAB_UFAC
D89D LAB_276E
D89F LAB_2770
D8A3 LAB_PFAC
D8A7 LAB_2778
D8CA LAB_27AB
D8CD LAB_27AE
D8CF LAB_27B0
D8D8 LAB_27B9
D8D9 LAB_27BA
D8E1 LAB_27C2
D8E9 LAB_27CA
D8ED LAB_27CE
D8EF LAB_27D0
D8F6 LAB_27D7
D8F7 LAB_SGN
D8FA LAB_27DB
D902 LAB_27E3
D907 LAB_STFA
D914 LAB_ABS
D917 LAB_27F8
D919 LAB_27FA
D947 LAB_2828
D94D LAB_282E
D950 LAB_2831
D964 LAB_2845
D96F LAB_2850
D970 LAB_2851
D981 LAB_INT
D99E LAB_287F
D9A5 LAB_2886
D9A6 LAB_2887
D9AC LAB_288B
D9BB LAB_289A
D9BF LAB_289C
D9C4 LAB_289D
D9CB LAB_NHEX
D9D2 LAB_289E
D9D5 LAB_28A1
D9D7 LAB_28A3
D9F6 LAB_28C2
D9F8 LAB_28C4
D9FB LAB_28C7
D9FD LAB_28C9
DA09 LAB_28D5
DA0F LAB_28DB
DA11 LAB_28DD
DA1A LAB_28E6
DA23 LAB_28EF
DA2A LAB_28F6
DA2F LAB_28FB
DA32 LAB_28FE
DA39 LAB_2905
DA45 LAB_2912
DA58 LAB_2925
DA67 LAB_2934
DA72 LAB_2942
DA77 LAB_2953
DA82 LAB_295E
DA95 LAB_296E
DA9F LAB_2978
DAA2 LAB_297B
DAB0 LAB_2989
DABF LAB_299A
DAC1 LAB_299C
DACC LAB_29A7
DAD7 LAB_29B2
DADE LAB_29B9
DAE5 LAB_29C0
DAE8 LAB_29C3
DAFD LAB_29D8
DAFE LAB_29D9
DB09 LAB_29E4
DB1A LAB_29F5
DB1C LAB_29F7
DB20 LAB_29FB
DB3D LAB_2A18
DB3F LAB_2A1A
DB46 LAB_2A21
DB60 LAB_2A3B
DB70 LAB_2A4B
DB7D LAB_2A58
DB8D LAB_2A68
DB99 LAB_2A74
DBAE LAB_2A89
DBB1 LAB_2A8C
DBB6 LAB_2A91
DBBB LAB_POWER
DBC4 LAB_2ABF
DBDE LAB_2AD9
DBF4 LAB_GTHAN
DBFE LAB_2AF9
DBFF LAB_EXP
DC0F LAB_2B2B
DC1A LAB_2B36
DC1D LAB_2B39
DC2D LAB_2B49
DC51 LAB_2B6E
DC67 LAB_2B84
DC6B LAB_2B88
DC7C LAB_2B97
DC80 LAB_2B9B
DC8D LAB_2BA8
DC9D LAB_RND
DCA8 NextPRN
DCAC LoopPRN
DCBB Ninc1
DCC0 CopyPRNG
DCD1 LAB_COS
DCD8 LAB_SIN
DD0A LAB_2C35
DD0D LAB_2C38
DD1A LAB_2C45
DD21 LAB_TAN
DD49 LAB_2C74
DD4D LAB_USR
DD53 LAB_ATN
DD5B LAB_2CA1
DD69 LAB_2CAF
DD7C LAB_2CC2
DD82 LAB_BITSET
DD8C S_Bits
DD95 LAB_2D04
DD96 LAB_BITCLR
DD9F S_Bitc
DDA9 FCError
DDAC LAB_BTST
DDC0 TST_OK
DDC6 T_Bits
DDD1 LAB_NOTT
DDD4 LAB_BINS
DDE3 NextB1
DDFE EndBHS
DDFF NextB2
DE0B GoPr3
DE0C GoPr
DE0D GoPr1
DE18 GoPr2
DE20 BinFErr
DE23 LAB_HEXS
DE51 LAB_A2HX
DE5C LAB_AL2X
DE64 LAB_NLTO
DE68 LAB_MLTE
DE6E LAB_CHEX
DE7D LAB_ISHN
DE88 LAB_MLTO
DE8B LAB_NXCH
DE96 LAB_MLBT
DE9C LAB_CBIN
DEA5 LAB_EXCH
DEA8 CTRLC
DEBD LAB_FBA0
DEC5 LAB_FBA2
DECF LAB_CRTS
DED0 LAB_CKIN
DF00 INGET
DF0E LAB_FB95
DF13 LAB_FB96
DF14 LAB_IRQ
DF17 LAB_NMI
DF28 LAB_IOFF
DF2E LAB_INON
DF33 LAB_INEX
DF38 LAB_SIRQ
DF3C LAB_SNMI
DF52 LAB_LFND
DF64 LAB_IRTS
DF65 LAB_RETIRQ
DF71 LAB_RETNMI
DF7D LAB_MMPP
DF83 LAB_MAX
DF93 LAB_MIN
DFA5 LAB_MMEC
DFAE LAB_MMSE
DFB1 LAB_PHFA
DFE6 LAB_WDTH
DFFA LAB_NSTT
E005 LAB_TBSZ
E019 LAB_SVTB
E01B WExit
E025 LAB_SULP
E026 LAB_WDLP
E038 LAB_NOSQ
E039 TabErr
E03C LAB_SQR
E05E LAB_SQE1
E06C LAB_SQE2
E0B9 LAB_SQNS
E0C9 LAB_VARPTR
E0D9 LAB_PI
E0E3 LAB_TWOPI
E0EA V_INPT
E0ED V_OUTP
E0F0 V_LOAD
E0F3 V_SAVE
E0F6 PG2_TABS
E0FB LAB_2CEE
E0FB PG2_TABE
E101 LAB_2CF4
E116 LAB_2D05
E117 StrTab
E12A EndTab
E12A LAB_MSZM
E139 LAB_SMSG
E15C LAB_25A0
E169 LAB_25AD
E16D LAB_25B1
E171 LAB_25B5
E175 LAB_25B9
E179 LAB_2947
E17D LAB_294B
E181 LAB_294F
E185 LAB_2AFA
E189 LAB_2AFE
E1A6 LAB_2C78
E1AA LAB_2C84
E1BB LAB_2C7C
E1BF LAB_2CC9
E1E0 LAB_259C
E1E1 LAB_1D96
E1E4 LAB_2AFD
E1E8 LAB_1DF7
E1E9 LAB_2A96
E1ED LAB_2C80
E1F1 LAB_26B5
E1F5 LAB_2A9A
E1F6 LAB_2A9B
E1F7 LAB_2A9C
E207 LAB_CTBL
E25D LAB_FTPL
E25E LAB_FTPM
E2A3 LAB_FTBL
E2A4 LAB_FTBM
E2E9 LAB_OPPT
E310 TAB_1STC
E32E TAB_CHRT
E368 TAB_STAR
E36A TAB_PLUS
E36C TAB_MNUS
E36E TAB_SLAS
E370 LBB_LSHIFT
E370 TAB_LESS
E374 TAB_EQUL
E376 LBB_RSHIFT
E376 TAB_MORE
E37A TAB_QEST
E37C LBB_ABS
E37C TAB_ASCA
E380 LBB_AND
E383 LBB_ASC
E387 LBB_ATN
E38C LBB_BINS
E38C TAB_ASCB
E391 LBB_BITCLR
E397 LBB_BITSET
E39D LBB_BITTST
E3A5 LBB_CALL
E3A5 TAB_ASCC
E3A9 LBB_CHRS
E3AE LBB_CLEAR
E3B3 LBB_CONT
E3B7 LBB_COS
E3BC LBB_DATA
E3BC TAB_ASCD
E3C0 LBB_DEC
E3C3 LBB_DEEK
E3C8 LBB_DEF
E3CB LBB_DIM
E3CE LBB_DOKE
E3D2 LBB_DO
E3D5 LBB_ELSE
E3D5 TAB_ASCE
E3D9 LBB_END
E3DC LBB_EOR
E3DF LBB_EXP
E3E4 LBB_FN
E3E4 TAB_ASCF
E3E6 LBB_FOR
E3E9 LBB_FRE
E3EE LBB_GET
E3EE TAB_ASCG
E3F1 LBB_GOSUB
E3F6 LBB_GOTO
E3FB LBB_HEXS
E3FB TAB_ASCH
E401 LBB_IF
E401 TAB_ASCI
E403 LBB_INC
E406 LBB_INPUT
E40B LBB_INT
E40F LBB_IRQ
E413 LBB_LCASES
E413 TAB_ASCL
E41A LBB_LEFTS
E420 LBB_LEN
E424 LBB_LET
E427 LBB_LIST
E42B LBB_LOAD
E42F LBB_LOG
E433 LBB_LOOP
E438 LBB_MAX
E438 TAB_ASCM
E43C LBB_MIDS
E441 LBB_MIN
E446 LBB_NEW
E446 TAB_ASCN
E449 LBB_NEXT
E44D LBB_NMI
E450 LBB_NOT
E453 LBB_NULL
E458 LBB_OFF
E458 TAB_ASCO
E45B LBB_ON
E45D LBB_OR
E460 LBB_PEEK
E460 TAB_ASCP
E465 LBB_PI
E467 LBB_POKE
E46B LBB_POS
E46F LBB_PRINT
E475 LBB_READ
E475 TAB_ASCR
E479 LBB_REM
E47C LBB_RESTORE
E483 LBB_RETIRQ
E489 LBB_RETNMI
E48F LBB_RETURN
E495 LBB_RIGHTS
E49C LBB_RND
E4A0 LBB_RUN
E4A4 LBB_SADD
E4A4 TAB_ASCS
E4A9 LBB_SAVE
E4AD LBB_SGN
E4B1 LBB_SIN
E4B5 LBB_SPC
E4B9 LBB_SQR
E4BD LBB_STEP
E4C1 LBB_STOP
E4C5 LBB_STRS
E4CA LBB_SWAP
E4CF LBB_TAB
E4CF TAB_ASCT
E4D3 LBB_TAN
E4D7 LBB_THEN
E4DB LBB_TO
E4DD LBB_TWOPI
E4E3 LBB_UCASES
E4E3 TAB_ASCU
E4EA LBB_UNTIL
E4EF LBB_USR
E4F4 LBB_VAL
E4F4 TAB_ASCV
E4F8 LBB_VPTR
E500 LBB_WAIT
E500 TAB_ASCW
E504 LBB_WHILE
E509 LBB_WIDTH
E50F TAB_POWR
E511 LAB_KEYT
E6A9 LAB_BAER
E6CD ERR_NF
E6DE ERR_SN
E6E5 ERR_RG
E6FA ERR_OD
E706 ERR_FC
E714 ERR_OV
E71D ERR_OM
E72B ERR_US
E73F ERR_BS
E74C ERR_DD
E75D ERR_D0
E76C ERR_ID
E77B ERR_TM
E789 ERR_LS
E799 ERR_ST
E7AC ERR_CN
E7BB ERR_UF
E7CE ERR_LD
E7DE LAB_BMSG
E7E6 LAB_EMSG
E7ED LAB_LMSG
E7F7 LAB_RMSG
E801 LAB_IMSG
E812 LAB_REDO
E825 AA_end_basic
F000 IO_AREA
F001 ACIAsimwr
F004 ACIAsimrd
FF80 RES_vec
FF86 LAB_stlp
FF8F LAB_signon
FF9A LAB_nokey
FFAC LAB_dowarm
FFAF ACIAout
FFB3 ACIAin
FFBA LAB_nobyw
FFBB no_load
FFBB no_save
FFBC LAB_vec
FFC4 IRQ_CODE
FFCE NMI_CODE
FFD8 END_CODE
FFD8 LAB_mess
